dias_sin_localizar,semanas_sin_localizar,semanas_sin_localizar_cap,dias_sin_localizar_cap,estatus,tipo,grupo de edad,sexo,dia
,,,,no localizada,mestiza,12 a 17,mujer,martes
,,,,no localizada,mestiza,12 a 17,hombre,lunes
,,,,localizada,indígena,12 a 17,mujer,lunes
,,,,localizada,mestiza,12 a 17,mujer,martes
,,,,no localizada,mestiza,12 a 17,mujer,martes
,,,,localizada,indígena,0 a 5,hombre,viernes
,,,,localizada,mestiza,12 a 17,mujer,jueves
,,,,no localizada,indígena,12 a 17,hombre,lunes
,,,,localizada,indígena,12 a 17,mujer,lunes
,,,,no localizada,mestiza,12 a 17,mujer,jueves
,,,,no localizada,mestiza,12 a 17,mujer,viernes
,,,,no localizada,mestiza,12 a 17,mujer,viernes
,,,,localizada,mestiza,6 a 11,hombre,martes
,,,,no localizada,indígena,12 a 17,mujer,miércoles
,,,,no localizada,mestiza,6 a 11,mujer,miércoles
,,,,no localizada,indígena,12 a 17,mujer,jueves
,,,,no localizada,mestiza,12 a 17,mujer,jueves
,,,,no localizada,mestiza,0 a 5,mujer,lunes
,,,,no localizada,mestiza,12 a 17,mujer,martes
,,,,no localizada,mestiza,12 a 17,mujer,jueves
,,,,localizada,mestiza,12 a 17,mujer,domingo
,,,,localizada,indígena,12 a 17,mujer,viernes
,,,,localizada,indígena,12 a 17,hombre,lunes
,,,,no localizada,indígena,6 a 11,hombre,lunes
,,,,no localizada,mestiza,12 a 17,mujer,sábado
,,,,no localizada,mestiza,12 a 17,mujer,jueves
,,,,no localizada,mestiza,12 a 17,mujer,jueves
,,,,localizada,mestiza,12 a 17,mujer,viernes
,,,,no localizada,mestiza,12 a 17,mujer,domingo
,,,,no localizada,mestiza,12 a 17,mujer,lunes
,,,,no localizada,indígena,12 a 17,mujer,martes
,,,,no localizada,mestiza,12 a 17,mujer,martes
,,,,no localizada,mestiza,6 a 11,hombre,miércoles
,,,,no localizada,mestiza,12 a 17,mujer,jueves
,,,,no localizada,mestiza,12 a 17,hombre,jueves
,,,,no localizada,mestiza,12 a 17,mujer,domingo
,,,,no localizada,mestiza,12 a 17,mujer,domingo
,,,,localizada,mestiza,6 a 11,mujer,lunes
,,,,localizada,mestiza,12 a 17,mujer,viernes
,,,,no localizada,mestiza,12 a 17,mujer,viernes
,,,,no localizada,mestiza,0 a 5,mujer,sábado
,,,,localizada,mestiza,12 a 17,hombre,domingo
,,,,no localizada,mestiza,12 a 17,mujer,domingo
,,,,localizada,mestiza,12 a 17,mujer,lunes
,,,,localizada,mestiza,12 a 17,mujer,martes
,,,,localizada,mestiza,12 a 17,mujer,miércoles
,,,,no localizada,mestiza,12 a 17,mujer,viernes
,,,,localizada,mestiza,12 a 17,mujer,domingo
,,,,localizada,indígena,12 a 17,mujer,martes
,,,,no localizada,mestiza,12 a 17,mujer,martes
,,,,no localizada,indígena,12 a 17,mujer,miércoles
,,,,no localizada,mestiza,12 a 17,mujer,miércoles
,,,,no localizada,mestiza,12 a 17,mujer,viernes
,,,,no localizada,mestiza,12 a 17,mujer,sábado
,,,,no localizada,mestiza,12 a 17,mujer,miércoles
,,,,localizada,mestiza,12 a 17,mujer,jueves
,,,,no localizada,mestiza,12 a 17,mujer,domingo
,,,,no localizada,indígena,12 a 17,mujer,martes
,,,,no localizada,mestiza,12 a 17,mujer,jueves
,,,,localizada,mestiza,12 a 17,mujer,viernes
,,,,no localizada,mestiza,12 a 17,mujer,sábado
,,,,localizada,mestiza,12 a 17,mujer,lunes
,,,,no localizada,mestiza,12 a 17,mujer,jueves
,,,,no localizada,mestiza,12 a 17,mujer,viernes
,,,,no localizada,mestiza,12 a 17,mujer,lunes
,,,,no localizada,indígena,12 a 17,mujer,miércoles
,,,,localizada,indígena,12 a 17,mujer,viernes
,,,,no localizada,mestiza,12 a 17,mujer,domingo
,,,,localizada,mestiza,12 a 17,mujer,domingo
,,,,localizada,mestiza,12 a 17,mujer,lunes
,,,,localizada,mestiza,12 a 17,mujer,sábado
,,,,no localizada,mestiza,12 a 17,mujer,domingo
,,,,no localizada,mestiza,12 a 17,mujer,martes
,,,,no localizada,mestiza,12 a 17,mujer,viernes
,,,,no localizada,mestiza,12 a 17,mujer,viernes
,,,,no localizada,mestiza,12 a 17,mujer,sábado
,,,,no localizada,indígena,12 a 17,mujer,lunes
,,,,no localizada,mestiza,12 a 17,mujer,martes
,,,,no localizada,mestiza,12 a 17,mujer,miércoles
,,,,no localizada,indígena,12 a 17,mujer,jueves
,,,,no localizada,indígena,12 a 17,hombre,lunes
,,,,no localizada,mestiza,12 a 17,mujer,miércoles
,,,,no localizada,mestiza,0 a 5,mujer,domingo
,,,,no localizada,mestiza,12 a 17,mujer,miércoles
,,,,no localizada,mestiza,0 a 5,mujer,jueves
,,,,no localizada,mestiza,0 a 5,hombre,domingo
,,,,no localizada,mestiza,12 a 17,mujer,lunes
,,,,localizada,mestiza,12 a 17,mujer,miércoles
,,,,localizada,mestiza,12 a 17,mujer,miércoles
,,,,no localizada,mestiza,12 a 17,mujer,domingo
,,,,localizada,mestiza,12 a 17,mujer,miércoles
,,,,localizada,mestiza,12 a 17,mujer,miércoles
,,,,localizada,indígena,12 a 17,mujer,miércoles
,,,,localizada,mestiza,12 a 17,mujer,sábado
,,,,no localizada,mestiza,12 a 17,mujer,sábado
,,,,no localizada,mestiza,12 a 17,mujer,sábado
,,,,no localizada,indígena,12 a 17,mujer,miércoles
,,,,no localizada,indígena,12 a 17,mujer,viernes
,,,,localizada,indígena,12 a 17,mujer,sábado
,,,,no localizada,indígena,0 a 5,mujer,jueves
,,,,no localizada,indígena,0 a 5,mujer,jueves
,,,,no localizada,indígena,0 a 5,hombre,jueves
,,,,no localizada,mestiza,12 a 17,mujer,martes
,,,,no localizada,mestiza,12 a 17,mujer,sábado
,,,,no localizada,indígena,12 a 17,mujer,domingo
,,,,no localizada,indígena,12 a 17,mujer,lunes
,,,,no localizada,mestiza,12 a 17,mujer,martes
,,,,localizada sin vida,indígena,12 a 17,mujer,sábado
,,,,no localizada,mestiza,6 a 11,hombre,jueves
,,,,no localizada,mestiza,12 a 17,mujer,jueves
,,,,no localizada,indígena,12 a 17,mujer,sábado
,,,,no localizada,indígena,12 a 17,mujer,domingo
,,,,no localizada,mestiza,12 a 17,mujer,domingo
,,,,no localizada,mestiza,0 a 5,hombre,domingo
,,,,no localizada,mestiza,12 a 17,mujer,domingo
,,,,no localizada,indígena,12 a 17,mujer,viernes
,,,,no localizada,mestiza,12 a 17,mujer,viernes
,,,,no localizada,mestiza,12 a 17,mujer,domingo
,,,,no localizada,mestiza,12 a 17,mujer,domingo
,,,,no localizada,mestiza,0 a 5,mujer,lunes
,,,,no localizada,mestiza,6 a 11,mujer,lunes
,,,,no localizada,mestiza,12 a 17,mujer,lunes
,,,,no localizada,mestiza,12 a 17,mujer,martes
,,,,no localizada,mestiza,12 a 17,mujer,martes
,,,,no localizada,mestiza,12 a 17,mujer,martes
,,,,no localizada,mestiza,0 a 5,hombre,miércoles
,,,,localizada,mestiza,12 a 17,mujer,miércoles
,,,,no localizada,indígena,12 a 17,mujer,miércoles
,,,,no localizada,mestiza,12 a 17,hombre,jueves
,,,,no localizada,mestiza,12 a 17,mujer,viernes
,,,,no localizada,mestiza,12 a 17,mujer,lunes
,,,,no localizada,mestiza,6 a 11,hombre,martes
,,,,no localizada,mestiza,12 a 17,mujer,miércoles
,,,,no localizada,mestiza,12 a 17,mujer,jueves
,,,,no localizada,mestiza,12 a 17,mujer,jueves
,,,,no localizada,mestiza,12 a 17,mujer,viernes
,,,,no localizada,mestiza,12 a 17,mujer,sábado
,,,,no localizada,mestiza,6 a 11,mujer,sábado
,,,,no localizada,mestiza,12 a 17,mujer,martes
,,,,no localizada,mestiza,12 a 17,mujer,jueves
,,,,no localizada,mestiza,0 a 5,hombre,viernes
,,,,no localizada,mestiza,6 a 11,hombre,viernes
,,,,no localizada,mestiza,12 a 17,mujer,lunes
,,,,no localizada,mestiza,6 a 11,hombre,miércoles
,,,,no localizada,mestiza,12 a 17,mujer,jueves
,,,,no localizada,mestiza,0 a 5,hombre,domingo
,,,,no localizada,indígena,12 a 17,mujer,lunes
,,,,no localizada,indígena,12 a 17,hombre,lunes
,,,,localizada,mestiza,12 a 17,mujer,martes
,,,,no localizada,indígena,12 a 17,mujer,martes
,,,,no localizada,indígena,12 a 17,mujer,jueves
,,,,no localizada,indígena,12 a 17,mujer,viernes
,,,,no localizada,indígena,12 a 17,mujer,lunes
,,,,no localizada,indígena,12 a 17,mujer,lunes
,,,,no localizada,indígena,12 a 17,mujer,martes
,,,,localizada,mestiza,12 a 17,mujer,martes
,,,,no localizada,indígena,0 a 5,mujer,miércoles
,,,,no localizada,indígena,12 a 17,mujer,lunes
,,,,no localizada,indígena,0 a 5,mujer,lunes
,,,,no localizada,indígena,12 a 17,mujer,jueves
,,,,localizada,indígena,12 a 17,mujer,jueves
,,,,no localizada,indígena,12 a 17,mujer,viernes
,,,,no localizada,mestiza,0 a 5,mujer,sábado
,,,,no localizada,mestiza,6 a 11,mujer,sábado
,,,,no localizada,mestiza,12 a 17,mujer,viernes
,,,,no localizada,mestiza,6 a 11,mujer,viernes
,,,,no localizada,mestiza,6 a 11,mujer,lunes
,,,,no localizada,mestiza,6 a 11,mujer,lunes
,,,,no localizada,mestiza,12 a 17,mujer,miércoles
,,,,localizada,mestiza,12 a 17,mujer,domingo
,,,,no localizada,mestiza,12 a 17,mujer,viernes
,,,,no localizada,indígena,12 a 17,mujer,viernes
,,,,no localizada,mestiza,12 a 17,mujer,lunes
,,,,no localizada,mestiza,12 a 17,hombre,lunes
,,,,no localizada,indígena,6 a 11,hombre,lunes
,,,,no localizada,indígena,6 a 11,mujer,martes
,,,,no localizada,mestiza,0 a 5,mujer,jueves
,,,,no localizada,mestiza,12 a 17,mujer,jueves
,,,,no localizada,indígena,12 a 17,mujer,jueves
,,,,no localizada,mestiza,6 a 11,hombre,viernes
,,,,localizada,mestiza,12 a 17,mujer,sábado
,,,,localizada,indígena,6 a 11,mujer,sábado
,,,,localizada,mestiza,12 a 17,mujer,sábado
,,,,no localizada,indígena,0 a 5,hombre,domingo
,,,,localizada,mestiza,12 a 17,mujer,lunes
,,,,no localizada,indígena,12 a 17,mujer,miércoles
,,,,no localizada,mestiza,12 a 17,mujer,jueves
,,,,no localizada,mestiza,12 a 17,mujer,sábado
,,,,no localizada,mestiza,12 a 17,mujer,sábado
,,,,localizada,mestiza,6 a 11,mujer,lunes
,,,,no localizada,mestiza,12 a 17,mujer,miércoles
,,,,localizada,mestiza,12 a 17,mujer,jueves
,,,,localizada,mestiza,12 a 17,mujer,jueves
,,,,localizada,mestiza,12 a 17,mujer,jueves
,,,,no localizada,mestiza,12 a 17,hombre,viernes
,,,,no localizada,mestiza,0 a 5,hombre,sábado
,,,,localizada,indígena,12 a 17,mujer,domingo
,,,,no localizada,indígena,12 a 17,mujer,domingo
,,,,localizada,mestiza,12 a 17,mujer,miércoles
,,,,no localizada,mestiza,12 a 17,mujer,jueves
,,,,localizada,mestiza,12 a 17,mujer,viernes
,,,,localizada,mestiza,12 a 17,mujer,viernes
,,,,localizada,indígena,12 a 17,mujer,sábado
,,,,localizada,mestiza,12 a 17,mujer,sábado
,,,,localizada,mestiza,12 a 17,mujer,lunes
,,,,no localizada,mestiza,0 a 5,mujer,martes
,,,,localizada,mestiza,6 a 11,hombre,miércoles
,,,,localizada,mestiza,12 a 17,mujer,jueves
,,,,localizada,mestiza,6 a 11,mujer,jueves
,,,,no localizada,indígena,12 a 17,hombre,viernes
,,,,no localizada,mestiza,12 a 17,mujer,domingo
,,,,no localizada,mestiza,12 a 17,mujer,domingo
,,,,no localizada,mestiza,6 a 11,mujer,domingo
,,,,localizada,mestiza,12 a 17,mujer,martes
,,,,no localizada,mestiza,12 a 17,hombre,martes
,,,,localizada,mestiza,12 a 17,mujer,miércoles
,,,,no localizada,mestiza,12 a 17,mujer,jueves
,,,,localizada,mestiza,12 a 17,mujer,jueves
,,,,no localizada,mestiza,0 a 5,hombre,jueves
,,,,localizada,mestiza,12 a 17,mujer,viernes
,,,,localizada,mestiza,12 a 17,mujer,lunes
,,,,localizada,mestiza,12 a 17,mujer,lunes
,,,,localizada,indígena,12 a 17,mujer,lunes
,,,,localizada,mestiza,12 a 17,mujer,miércoles
,,,,localizada,indígena,12 a 17,mujer,miércoles
,,,,no localizada,indígena,12 a 17,mujer,miércoles
,,,,localizada,mestiza,12 a 17,mujer,domingo
,,,,localizada,mestiza,12 a 17,mujer,domingo
,,,,no localizada,mestiza,12 a 17,mujer,domingo
,,,,localizada,indígena,12 a 17,mujer,domingo
,,,,localizada,mestiza,12 a 17,hombre,martes
,,,,localizada,mestiza,12 a 17,hombre,martes
,,,,no localizada,indígena,12 a 17,mujer,miércoles
,,,,no localizada,indígena,12 a 17,mujer,miércoles
,,,,localizada,indígena,12 a 17,mujer,jueves
,,,,localizada,mestiza,0 a 5,hombre,viernes
,,,,localizada,mestiza,12 a 17,mujer,viernes
,,,,no localizada,indígena,12 a 17,mujer,viernes
,,,,no localizada,mestiza,6 a 11,mujer,viernes
,,,,localizada,mestiza,12 a 17,mujer,sábado
,,,,no localizada,mestiza,6 a 11,hombre,domingo
,,,,localizada,mestiza,12 a 17,mujer,domingo
,,,,no localizada,indígena,12 a 17,mujer,domingo
,,,,no localizada,indígena,6 a 11,hombre,martes
,,,,localizada,mestiza,0 a 5,mujer,sábado
,,,,no localizada,mestiza,12 a 17,mujer,domingo
,,,,no localizada,indígena,12 a 17,mujer,lunes
,,,,no localizada,mestiza,12 a 17,mujer,martes
,,,,no localizada,mestiza,12 a 17,mujer,jueves
,,,,no localizada,mestiza,12 a 17,mujer,jueves
,,,,no localizada,indígena,6 a 11,hombre,sábado
,,,,localizada,mestiza,12 a 17,mujer,sábado
,,,,no localizada,mestiza,12 a 17,mujer,sábado
,,,,localizada,mestiza,0 a 5,hombre,lunes
,,,,localizada,indígena,12 a 17,mujer,lunes
,,,,localizada,indígena,12 a 17,mujer,lunes
,,,,localizada,mestiza,6 a 11,hombre,lunes
,,,,no localizada,indígena,12 a 17,mujer,martes
,,,,localizada,indígena,12 a 17,mujer,viernes
,,,,no localizada,mestiza,12 a 17,mujer,sábado
,,,,no localizada,mestiza,12 a 17,mujer,domingo
,,,,no localizada,mestiza,12 a 17,mujer,domingo
,,,,no localizada,mestiza,12 a 17,mujer,martes
,,,,no localizada,mestiza,6 a 11,mujer,martes
,,,,no localizada,mestiza,6 a 11,hombre,martes
,,,,localizada,mestiza,12 a 17,mujer,miércoles
,,,,no localizada,mestiza,12 a 17,mujer,jueves
,,,,localizada,mestiza,12 a 17,mujer,viernes
,,,,localizada,mestiza,12 a 17,mujer,viernes
,,,,no localizada,indígena,0 a 5,hombre,lunes
,,,,no localizada,indígena,12 a 17,mujer,lunes
,,,,localizada,mestiza,6 a 11,mujer,lunes
,,,,localizada,indígena,12 a 17,mujer,miércoles
,,,,no localizada,mestiza,0 a 5,mujer,jueves
,,,,no localizada,mestiza,6 a 11,mujer,jueves
,,,,no localizada,mestiza,0 a 5,mujer,viernes
,,,,no localizada,mestiza,12 a 17,mujer,viernes
,,,,no localizada,mestiza,12 a 17,mujer,sábado
,,,,localizada,mestiza,12 a 17,mujer,jueves
,,,,localizada,indígena,0 a 5,mujer,viernes
,,,,localizada,indígena,6 a 11,mujer,viernes
,,,,no localizada,mestiza,12 a 17,mujer,sábado
,,,,no localizada,mestiza,6 a 11,mujer,sábado
,,,,no localizada,mestiza,12 a 17,mujer,domingo
,,,,no localizada,mestiza,12 a 17,mujer,domingo
,,,,localizada,mestiza,12 a 17,mujer,miércoles
,,,,localizada,mestiza,12 a 17,mujer,miércoles
,,,,no localizada,mestiza,0 a 5,hombre,jueves
,,,,localizada,mestiza,12 a 17,mujer,sábado
,,,,no localizada,mestiza,0 a 5,mujer,domingo
,,,,no localizada,mestiza,12 a 17,mujer,jueves
,,,,no localizada,indígena,12 a 17,hombre,jueves
,,,,localizada,mestiza,12 a 17,mujer,jueves
,,,,no localizada,mestiza,0 a 5,mujer,viernes
,,,,no localizada,indígena,12 a 17,mujer,viernes
,,,,no localizada,mestiza,12 a 17,mujer,viernes
,,,,no localizada,mestiza,12 a 17,mujer,domingo
,,,,no localizada,mestiza,12 a 17,mujer,lunes
,,,,no localizada,mestiza,12 a 17,mujer,martes
,,,,localizada,mestiza,12 a 17,mujer,miércoles
,,,,localizada,mestiza,12 a 17,mujer,miércoles
,,,,no localizada,indígena,6 a 11,mujer,jueves
,,,,no localizada,mestiza,6 a 11,mujer,jueves
,,,,no localizada,mestiza,12 a 17,mujer,sábado
,,,,no localizada,indígena,12 a 17,mujer,martes
,,,,localizada,mestiza,12 a 17,mujer,viernes
,,,,localizada,mestiza,12 a 17,mujer,viernes
,,,,localizada,indígena,12 a 17,mujer,lunes
,,,,no localizada,mestiza,12 a 17,hombre,lunes
,,,,no localizada,mestiza,12 a 17,mujer,lunes
,,,,localizada,indígena,6 a 11,mujer,martes
,,,,localizada,mestiza,12 a 17,mujer,martes
,,,,localizada,mestiza,12 a 17,mujer,jueves
,,,,no localizada,mestiza,0 a 5,hombre,jueves
,,,,no localizada,mestiza,12 a 17,mujer,jueves
,,,,no localizada,indígena,12 a 17,mujer,viernes
,,,,no localizada,mestiza,12 a 17,mujer,sábado
,,,,no localizada,mestiza,12 a 17,mujer,domingo
,,,,no localizada,mestiza,12 a 17,mujer,lunes
,,,,no localizada,mestiza,12 a 17,mujer,lunes
,,,,no localizada,mestiza,12 a 17,hombre,jueves
,,,,no localizada,mestiza,12 a 17,mujer,jueves
,,,,no localizada,mestiza,12 a 17,mujer,viernes
,,,,no localizada,indígena,0 a 5,hombre,sábado
,,,,no localizada,mestiza,6 a 11,mujer,sábado
,,,,no localizada,indígena,12 a 17,mujer,sábado
,,,,no localizada,mestiza,12 a 17,hombre,sábado
,,,,no localizada,mestiza,0 a 5,mujer,sábado
,,,,localizada,mestiza,12 a 17,mujer,domingo
,,,,no localizada,mestiza,12 a 17,mujer,domingo
,,,,no localizada,mestiza,6 a 11,mujer,domingo
,,,,no localizada,indígena,12 a 17,mujer,martes
,,,,localizada,mestiza,12 a 17,mujer,sábado
,,,,no localizada,mestiza,12 a 17,mujer,domingo
,,,,localizada,mestiza,12 a 17,mujer,lunes
,,,,no localizada,mestiza,12 a 17,mujer,miércoles
,,,,no localizada,mestiza,12 a 17,mujer,viernes
,,,,no localizada,mestiza,12 a 17,hombre,viernes
,,,,no localizada,indígena,0 a 5,hombre,sábado
,,,,no localizada,indígena,12 a 17,mujer,sábado
,,,,no localizada,mestiza,12 a 17,mujer,lunes
,,,,no localizada,indígena,12 a 17,mujer,miércoles
,,,,no localizada,indígena,12 a 17,mujer,jueves
,,,,localizada,mestiza,12 a 17,mujer,sábado
,,,,localizada,mestiza,12 a 17,mujer,domingo
,,,,no localizada,mestiza,12 a 17,mujer,martes
,,,,no localizada,mestiza,12 a 17,hombre,miércoles
,,,,no localizada,mestiza,12 a 17,mujer,viernes
,,,,no localizada,mestiza,6 a 11,mujer,viernes
,,,,no localizada,mestiza,0 a 5,mujer,viernes
,,,,no localizada,indígena,12 a 17,mujer,jueves
,,,,localizada,mestiza,12 a 17,mujer,viernes
,,,,no localizada,mestiza,12 a 17,mujer,viernes
,,,,localizada,mestiza,12 a 17,mujer,viernes
,,,,no localizada,mestiza,12 a 17,mujer,sábado
,,,,localizada,indígena,6 a 11,mujer,domingo
,,,,localizada,mestiza,0 a 5,hombre,martes
,,,,no localizada,mestiza,12 a 17,mujer,martes
,,,,localizada,mestiza,12 a 17,hombre,jueves
,,,,localizada,mestiza,12 a 17,mujer,viernes
,,,,localizada,mestiza,12 a 17,mujer,sábado
,,,,no localizada,mestiza,0 a 5,hombre,martes
,,,,localizada,mestiza,12 a 17,mujer,martes
,,,,no localizada,mestiza,6 a 11,mujer,martes
,,,,no localizada,mestiza,12 a 17,mujer,miércoles
,,,,localizada,mestiza,12 a 17,mujer,jueves
,,,,localizada,mestiza,12 a 17,mujer,jueves
,,,,localizada,mestiza,12 a 17,mujer,lunes
,,,,no localizada,mestiza,12 a 17,mujer,lunes
,,,,localizada,mestiza,12 a 17,mujer,lunes
,,,,no localizada,mestiza,12 a 17,mujer,martes
,,,,localizada,mestiza,12 a 17,mujer,miércoles
,,,,no localizada,mestiza,12 a 17,mujer,jueves
,,,,localizada,indígena,12 a 17,mujer,jueves
,,,,no localizada,mestiza,12 a 17,mujer,viernes
,,,,localizada,mestiza,12 a 17,mujer,viernes
,,,,localizada,mestiza,0 a 5,mujer,domingo
,,,,no localizada,indígena,12 a 17,mujer,lunes
,,,,no localizada,mestiza,12 a 17,mujer,martes
,,,,no localizada,mestiza,12 a 17,mujer,martes
,,,,no localizada,mestiza,12 a 17,mujer,jueves
,,,,localizada,mestiza,12 a 17,mujer,martes
,,,,no localizada,mestiza,12 a 17,mujer,miércoles
,,,,localizada,mestiza,12 a 17,mujer,domingo
,,,,localizada,indígena,12 a 17,mujer,miércoles
,,,,localizada,mestiza,12 a 17,mujer,sábado
,,,,localizada,mestiza,0 a 5,hombre,miércoles
,,,,localizada,indígena,0 a 5,hombre,viernes
,,,,localizada,indígena,12 a 17,mujer,viernes
,,,,no localizada,mestiza,12 a 17,mujer,sábado
,,,,no localizada,mestiza,6 a 11,hombre,domingo
,,,,localizada,mestiza,12 a 17,mujer,lunes
,,,,no localizada,mestiza,12 a 17,mujer,sábado
,,,,no localizada,mestiza,12 a 17,mujer,domingo
,,,,localizada,mestiza,12 a 17,mujer,domingo
,,,,localizada,indígena,12 a 17,mujer,viernes
,,,,localizada,mestiza,12 a 17,mujer,viernes
,,,,no localizada,mestiza,0 a 5,mujer,viernes
,,,,localizada,mestiza,12 a 17,hombre,viernes
,,,,no localizada,mestiza,12 a 17,mujer,sábado
,,,,no localizada,indígena,12 a 17,mujer,sábado
,,,,no localizada,mestiza,6 a 11,mujer,sábado
,,,,no localizada,mestiza,0 a 5,hombre,lunes
,,,,no localizada,mestiza,12 a 17,mujer,martes
,,,,localizada,indígena,12 a 17,mujer,miércoles
,,,,localizada,mestiza,0 a 5,hombre,jueves
,,,,localizada,mestiza,12 a 17,mujer,viernes
,,,,localizada,mestiza,6 a 11,mujer,sábado
,,,,localizada,mestiza,6 a 11,hombre,sábado
,,,,no localizada,mestiza,12 a 17,hombre,domingo
,,,,no localizada,mestiza,12 a 17,mujer,domingo
,,,,no localizada,mestiza,6 a 11,hombre,lunes
,,,,localizada,mestiza,12 a 17,mujer,lunes
,,,,localizada,mestiza,0 a 5,mujer,martes
,,,,localizada,mestiza,12 a 17,mujer,jueves
,,,,localizada,mestiza,12 a 17,mujer,jueves
,,,,localizada,indígena,12 a 17,mujer,jueves
,,,,no localizada,indígena,12 a 17,mujer,sábado
,,,,localizada,mestiza,12 a 17,mujer,martes
,,,,localizada,mestiza,12 a 17,mujer,miércoles
,,,,no localizada,mestiza,0 a 5,mujer,miércoles
,,,,localizada,mestiza,12 a 17,mujer,miércoles
,,,,no localizada,mestiza,6 a 11,mujer,jueves
,,,,localizada,mestiza,12 a 17,mujer,viernes
,,,,no localizada,mestiza,12 a 17,mujer,sábado
,,,,no localizada,mestiza,12 a 17,hombre,domingo
,,,,localizada,indígena,12 a 17,mujer,martes
,,,,no localizada,indígena,12 a 17,mujer,martes
,,,,localizada,indígena,6 a 11,mujer,martes
,,,,no localizada,indígena,12 a 17,mujer,jueves
,,,,no localizada,mestiza,12 a 17,mujer,viernes
,,,,no localizada,indígena,12 a 17,mujer,viernes
,,,,localizada,indígena,12 a 17,mujer,viernes
,,,,localizada,mestiza,6 a 11,hombre,sábado
,,,,localizada,mestiza,12 a 17,mujer,sábado
,,,,no localizada,mestiza,12 a 17,mujer,domingo
,,,,no localizada,mestiza,12 a 17,hombre,domingo
,,,,localizada,mestiza,12 a 17,mujer,lunes
,,,,localizada,indígena,12 a 17,mujer,martes
,,,,no localizada,mestiza,6 a 11,mujer,miércoles
,,,,no localizada,indígena,6 a 11,hombre,miércoles
,,,,localizada,indígena,12 a 17,mujer,miércoles
,,,,no localizada,mestiza,12 a 17,mujer,miércoles
,,,,localizada,indígena,12 a 17,mujer,sábado
,,,,localizada,indígena,12 a 17,mujer,sábado
,,,,localizada,indígena,12 a 17,mujer,sábado
,,,,no localizada,mestiza,12 a 17,mujer,lunes
,,,,localizada,indígena,12 a 17,mujer,lunes
,,,,localizada,mestiza,12 a 17,mujer,martes
,,,,localizada,indígena,12 a 17,mujer,martes
,,,,localizada,mestiza,12 a 17,mujer,viernes
,,,,localizada,mestiza,6 a 11,hombre,sábado
,,,,localizada,indígena,0 a 5,mujer,sábado
,,,,no localizada,mestiza,12 a 17,mujer,domingo
,,,,localizada,indígena,12 a 17,mujer,lunes
,,,,localizada,indígena,12 a 17,hombre,miércoles
,,,,localizada sin vida,indígena,6 a 11,mujer,jueves
,,,,localizada,indígena,12 a 17,hombre,viernes
,,,,no localizada,mestiza,12 a 17,hombre,domingo
,,,,no localizada,mestiza,12 a 17,mujer,miércoles
,,,,no localizada,mestiza,12 a 17,mujer,jueves
,,,,no localizada,mestiza,12 a 17,mujer,viernes
,,,,localizada,mestiza,6 a 11,mujer,viernes
,,,,localizada,mestiza,0 a 5,mujer,viernes
,,,,no localizada,mestiza,12 a 17,mujer,sábado
,,,,no localizada,mestiza,6 a 11,mujer,lunes
,,,,no localizada,mestiza,0 a 5,hombre,lunes
,,,,localizada,mestiza,12 a 17,mujer,martes
,,,,no localizada,mestiza,12 a 17,mujer,martes
,,,,no localizada,mestiza,12 a 17,mujer,miércoles
,,,,localizada,mestiza,12 a 17,mujer,miércoles
,,,,localizada,mestiza,12 a 17,mujer,sábado
,,,,localizada,mestiza,12 a 17,hombre,lunes
,,,,localizada,mestiza,12 a 17,mujer,martes
,,,,localizada,mestiza,12 a 17,mujer,martes
,,,,localizada,mestiza,12 a 17,mujer,martes
,,,,no localizada,mestiza,0 a 5,hombre,miércoles
,,,,no localizada,mestiza,0 a 5,mujer,miércoles
,,,,no localizada,mestiza,0 a 5,mujer,jueves
,,,,no localizada,mestiza,0 a 5,hombre,jueves
,,,,localizada,mestiza,12 a 17,mujer,viernes
,,,,localizada,mestiza,12 a 17,mujer,viernes
,,,,localizada,indígena,0 a 5,hombre,sábado
,,,,localizada,mestiza,12 a 17,mujer,sábado
,,,,localizada,indígena,6 a 11,hombre,domingo
,,,,localizada,mestiza,6 a 11,mujer,domingo
,,,,localizada,mestiza,12 a 17,mujer,domingo
,,,,localizada,mestiza,12 a 17,mujer,lunes
,,,,no localizada,indígena,12 a 17,mujer,lunes
,,,,localizada,mestiza,12 a 17,mujer,martes
,,,,localizada,mestiza,12 a 17,mujer,jueves
,,,,localizada,mestiza,12 a 17,mujer,viernes
,,,,no localizada,mestiza,12 a 17,mujer,viernes
,,,,no localizada,mestiza,12 a 17,mujer,viernes
,,,,localizada,mestiza,12 a 17,hombre,domingo
,,,,localizada,mestiza,12 a 17,mujer,miércoles
,,,,localizada,indígena,12 a 17,hombre,jueves
,,,,no localizada,indígena,12 a 17,hombre,viernes
,,,,no localizada,mestiza,12 a 17,hombre,viernes
,,,,localizada,mestiza,6 a 11,hombre,viernes
,,,,no localizada,indígena,12 a 17,hombre,viernes
,,,,localizada,mestiza,12 a 17,mujer,sábado
,,,,no localizada,mestiza,12 a 17,mujer,sábado
,,,,localizada,mestiza,12 a 17,mujer,sábado
,,,,localizada,mestiza,12 a 17,mujer,sábado
,,,,no localizada,indígena,12 a 17,mujer,domingo
,,,,no localizada,mestiza,12 a 17,hombre,domingo
,,,,localizada sin vida,indígena,12 a 17,hombre,domingo
,,,,localizada,indígena,6 a 11,hombre,lunes
,,,,no localizada,mestiza,12 a 17,hombre,jueves
,,,,no localizada,mestiza,12 a 17,hombre,jueves
,,,,localizada,mestiza,12 a 17,mujer,viernes
,,,,localizada,mestiza,12 a 17,mujer,viernes
,,,,localizada,indígena,12 a 17,mujer,domingo
,,,,no localizada,indígena,12 a 17,mujer,domingo
,,,,no localizada,indígena,12 a 17,mujer,domingo
,,,,localizada,mestiza,12 a 17,mujer,lunes
,,,,localizada,indígena,12 a 17,mujer,lunes
,,,,no localizada,indígena,12 a 17,mujer,lunes
,,,,localizada,indígena,0 a 5,mujer,miércoles
,,,,localizada,mestiza,12 a 17,hombre,miércoles
,,,,localizada,mestiza,12 a 17,mujer,miércoles
,,,,localizada,mestiza,0 a 5,mujer,miércoles
,,,,no localizada,mestiza,12 a 17,mujer,jueves
,,,,no localizada,indígena,12 a 17,mujer,viernes
,,,,no localizada,mestiza,12 a 17,mujer,viernes
,,,,no localizada,mestiza,12 a 17,hombre,lunes
,,,,localizada,indígena,12 a 17,mujer,martes
,,,,no localizada,mestiza,12 a 17,hombre,viernes
,,,,localizada,mestiza,12 a 17,mujer,sábado
,,,,localizada,mestiza,12 a 17,mujer,sábado
,,,,localizada,mestiza,12 a 17,mujer,lunes
,,,,localizada,mestiza,12 a 17,mujer,lunes
,,,,no localizada,mestiza,12 a 17,mujer,martes
,,,,localizada,mestiza,12 a 17,mujer,martes
,,,,localizada,mestiza,12 a 17,mujer,miércoles
,,,,localizada,mestiza,12 a 17,mujer,miércoles
,,,,no localizada,mestiza,12 a 17,mujer,miércoles
,,,,no localizada,mestiza,0 a 5,mujer,sábado
,,,,no localizada,mestiza,6 a 11,mujer,sábado
,,,,localizada,indígena,12 a 17,mujer,lunes
,,,,no localizada,indígena,12 a 17,mujer,martes
,,,,localizada,mestiza,6 a 11,hombre,miércoles
,,,,localizada,mestiza,12 a 17,mujer,miércoles
,,,,localizada,mestiza,12 a 17,mujer,jueves
,,,,no localizada,mestiza,12 a 17,hombre,viernes
,,,,localizada,mestiza,12 a 17,mujer,domingo
,,,,no localizada,indígena,12 a 17,mujer,domingo
,,,,no localizada,mestiza,12 a 17,mujer,lunes
,,,,localizada,mestiza,12 a 17,mujer,lunes
,,,,localizada,indígena,0 a 5,mujer,miércoles
,,,,localizada,mestiza,0 a 5,hombre,miércoles
,,,,localizada,mestiza,6 a 11,mujer,jueves
,,,,localizada,mestiza,12 a 17,hombre,jueves
,,,,localizada,mestiza,12 a 17,mujer,viernes
,,,,localizada,indígena,0 a 5,mujer,sábado
,,,,localizada,mestiza,0 a 5,mujer,sábado
,,,,no localizada,indígena,12 a 17,mujer,sábado
,,,,localizada,mestiza,12 a 17,mujer,domingo
,,,,no localizada,mestiza,0 a 5,mujer,domingo
,,,,no localizada,indígena,6 a 11,hombre,domingo
,,,,localizada,indígena,12 a 17,hombre,lunes
,,,,localizada,mestiza,6 a 11,mujer,lunes
,,,,no localizada,mestiza,12 a 17,mujer,martes
,,,,localizada,mestiza,12 a 17,mujer,martes
,,,,localizada,mestiza,12 a 17,mujer,martes
,,,,localizada,indígena,12 a 17,mujer,jueves
,,,,localizada,indígena,12 a 17,mujer,jueves
,,,,localizada,mestiza,12 a 17,mujer,jueves
,,,,localizada,mestiza,12 a 17,mujer,jueves
,,,,localizada,indígena,12 a 17,hombre,jueves
,,,,localizada,mestiza,12 a 17,mujer,jueves
,,,,localizada,mestiza,12 a 17,mujer,sábado
,,,,localizada,indígena,12 a 17,mujer,sábado
,,,,localizada,indígena,12 a 17,mujer,sábado
,,,,localizada,indígena,12 a 17,mujer,domingo
,,,,localizada,mestiza,6 a 11,hombre,lunes
,,,,localizada,mestiza,6 a 11,mujer,lunes
,,,,localizada,mestiza,6 a 11,mujer,lunes
,,,,localizada,mestiza,0 a 5,mujer,lunes
,,,,no localizada,mestiza,12 a 17,mujer,jueves
,,,,no localizada,mestiza,12 a 17,mujer,jueves
,,,,no localizada,mestiza,12 a 17,hombre,viernes
,,,,localizada,indígena,12 a 17,hombre,viernes
,,,,localizada,indígena,12 a 17,hombre,viernes
,,,,localizada,mestiza,12 a 17,hombre,viernes
,,,,localizada,indígena,12 a 17,mujer,sábado
,,,,no localizada,indígena,12 a 17,mujer,sábado
,,,,localizada,mestiza,12 a 17,mujer,sábado
,,,,localizada,indígena,12 a 17,mujer,domingo
,,,,localizada,mestiza,12 a 17,hombre,domingo
,,,,no localizada,indígena,12 a 17,mujer,domingo
,,,,no localizada,indígena,0 a 5,hombre,martes
,,,,localizada,indígena,12 a 17,mujer,miércoles
,,,,localizada,mestiza,0 a 5,mujer,jueves
,,,,localizada,indígena,0 a 5,hombre,jueves
,,,,no localizada,mestiza,0 a 5,hombre,viernes
,,,,localizada,mestiza,12 a 17,mujer,viernes
,,,,no localizada,mestiza,6 a 11,hombre,viernes
,,,,no localizada,mestiza,0 a 5,hombre,viernes
,,,,no localizada,mestiza,6 a 11,hombre,viernes
,,,,localizada,mestiza,0 a 5,mujer,sábado
,,,,localizada,mestiza,0 a 5,hombre,sábado
,,,,localizada,mestiza,12 a 17,hombre,sábado
,,,,no localizada,mestiza,6 a 11,mujer,domingo
,,,,no localizada,indígena,6 a 11,hombre,domingo
,,,,no localizada,indígena,12 a 17,hombre,domingo
,,,,localizada,mestiza,0 a 5,mujer,domingo
,,,,localizada,mestiza,12 a 17,mujer,lunes
,,,,localizada,indígena,12 a 17,mujer,lunes
,,,,localizada,indígena,0 a 5,mujer,lunes
,,,,no localizada,mestiza,12 a 17,hombre,martes
,,,,localizada,indígena,12 a 17,mujer,martes
,,,,localizada,indígena,6 a 11,hombre,martes
,,,,localizada,mestiza,0 a 5,hombre,martes
,,,,localizada,mestiza,6 a 11,hombre,martes
,,,,localizada,mestiza,12 a 17,mujer,miércoles
,,,,localizada,mestiza,12 a 17,hombre,miércoles
,,,,no localizada,mestiza,6 a 11,mujer,viernes
,,,,localizada,mestiza,12 a 17,mujer,domingo
,,,,localizada,mestiza,12 a 17,hombre,domingo
,,,,localizada,mestiza,12 a 17,mujer,lunes
,,,,localizada,mestiza,12 a 17,mujer,lunes
,,,,localizada,indígena,12 a 17,mujer,martes
,,,,localizada,mestiza,0 a 5,hombre,miércoles
,,,,no localizada,indígena,12 a 17,hombre,miércoles
,,,,localizada,indígena,12 a 17,mujer,miércoles
,,,,localizada,mestiza,12 a 17,mujer,viernes
,,,,localizada,indígena,12 a 17,hombre,sábado
,,,,localizada,mestiza,0 a 5,mujer,sábado
,,,,localizada,mestiza,0 a 5,hombre,sábado
,,,,localizada,indígena,6 a 11,hombre,sábado
,,,,localizada,indígena,6 a 11,mujer,domingo
,,,,localizada,indígena,6 a 11,hombre,domingo
,,,,localizada,mestiza,0 a 5,mujer,domingo
,,,,localizada,indígena,12 a 17,mujer,domingo
,,,,localizada,indígena,12 a 17,hombre,lunes
,,,,localizada,mestiza,0 a 5,mujer,domingo
,,,,localizada,indígena,0 a 5,mujer,domingo
,,,,no localizada,mestiza,12 a 17,hombre,lunes
,,,,localizada,indígena,12 a 17,mujer,lunes
,,,,localizada,indígena,12 a 17,mujer,martes
,,,,no localizada,mestiza,12 a 17,mujer,miércoles
,,,,localizada,mestiza,12 a 17,mujer,miércoles
,,,,no localizada,mestiza,12 a 17,hombre,jueves
,,,,no localizada,indígena,6 a 11,hombre,jueves
,,,,localizada,mestiza,12 a 17,mujer,viernes
,,,,localizada,mestiza,12 a 17,mujer,sábado
,,,,localizada,mestiza,12 a 17,mujer,sábado
,,,,localizada,indígena,12 a 17,mujer,lunes
,,,,no localizada,mestiza,6 a 11,hombre,lunes
,,,,localizada,mestiza,12 a 17,mujer,martes
,,,,no localizada,mestiza,0 a 5,mujer,martes
,,,,no localizada,mestiza,0 a 5,mujer,miércoles
,,,,localizada,indígena,12 a 17,mujer,viernes
,,,,localizada,indígena,12 a 17,mujer,viernes
,,,,localizada,indígena,12 a 17,mujer,viernes
,,,,localizada,indígena,0 a 5,mujer,viernes
,,,,localizada,mestiza,12 a 17,hombre,lunes
,,,,localizada,indígena,12 a 17,mujer,martes
,,,,localizada,indígena,12 a 17,mujer,miércoles
,,,,no localizada,mestiza,12 a 17,mujer,jueves
,,,,localizada,mestiza,0 a 5,hombre,jueves
,,,,no localizada,indígena,12 a 17,hombre,jueves
,,,,localizada,indígena,0 a 5,hombre,viernes
,,,,localizada,mestiza,12 a 17,mujer,viernes
,,,,localizada,mestiza,12 a 17,mujer,sábado
,,,,localizada,mestiza,12 a 17,mujer,sábado
,,,,localizada,mestiza,12 a 17,mujer,sábado
,,,,localizada,mestiza,12 a 17,mujer,domingo
,,,,localizada,indígena,12 a 17,hombre,lunes
,,,,localizada,indígena,12 a 17,mujer,martes
,,,,localizada,mestiza,6 a 11,hombre,miércoles
,,,,localizada,indígena,6 a 11,hombre,miércoles
,,,,localizada,indígena,12 a 17,mujer,miércoles
,,,,localizada,mestiza,6 a 11,mujer,miércoles
434.0,62.0,7.0,100.0,localizada,mestiza,12 a 17,mujer,jueves
,,,,localizada,mestiza,12 a 17,mujer,jueves
,,,,localizada,indígena,0 a 5,mujer,viernes
,,,,localizada,mestiza,12 a 17,hombre,viernes
,,,,localizada,mestiza,12 a 17,mujer,viernes
,,,,localizada,mestiza,12 a 17,hombre,sábado
,,,,no localizada,mestiza,12 a 17,hombre,sábado
,,,,no localizada,mestiza,0 a 5,mujer,sábado
,,,,localizada,mestiza,12 a 17,mujer,sábado
,,,,localizada,mestiza,6 a 11,hombre,sábado
,,,,no localizada,mestiza,12 a 17,mujer,domingo
,,,,no localizada,mestiza,12 a 17,hombre,lunes
,,,,no localizada,mestiza,6 a 11,hombre,lunes
,,,,no localizada,indígena,12 a 17,mujer,lunes
,,,,no localizada,indígena,6 a 11,hombre,lunes
,,,,localizada,indígena,0 a 5,mujer,martes
,,,,no localizada,indígena,12 a 17,mujer,martes
,,,,localizada,mestiza,12 a 17,mujer,jueves
,,,,localizada,indígena,12 a 17,mujer,domingo
,,,,localizada,indígena,0 a 5,hombre,lunes
,,,,localizada,indígena,6 a 11,mujer,lunes
,,,,localizada,mestiza,12 a 17,hombre,lunes
,,,,no localizada,mestiza,12 a 17,mujer,martes
,,,,localizada,indígena,12 a 17,mujer,martes
,,,,no localizada,mestiza,12 a 17,mujer,martes
,,,,no localizada,mestiza,12 a 17,mujer,martes
,,,,no localizada,mestiza,0 a 5,hombre,martes
,,,,localizada,indígena,12 a 17,hombre,martes
,,,,localizada,indígena,12 a 17,mujer,miércoles
,,,,localizada,mestiza,12 a 17,mujer,viernes
,,,,localizada,mestiza,12 a 17,mujer,viernes
,,,,no localizada,mestiza,12 a 17,mujer,viernes
,,,,localizada,mestiza,12 a 17,mujer,sábado
,,,,localizada,mestiza,12 a 17,mujer,domingo
,,,,no localizada,mestiza,12 a 17,mujer,miércoles
,,,,localizada,indígena,12 a 17,mujer,miércoles
,,,,localizada,mestiza,0 a 5,mujer,jueves
,,,,localizada,mestiza,0 a 5,hombre,jueves
,,,,localizada,indígena,6 a 11,hombre,jueves
,,,,localizada,mestiza,12 a 17,mujer,jueves
,,,,localizada,mestiza,6 a 11,mujer,jueves
419.0,59.0,7.0,100.0,localizada,mestiza,12 a 17,mujer,jueves
,,,,localizada,indígena,12 a 17,mujer,jueves
,,,,no localizada,mestiza,12 a 17,mujer,sábado
,,,,localizada,indígena,6 a 11,hombre,domingo
,,,,localizada,indígena,0 a 5,hombre,domingo
,,,,no localizada,mestiza,12 a 17,mujer,domingo
,,,,no localizada,mestiza,0 a 5,hombre,martes
,,,,localizada,mestiza,12 a 17,mujer,martes
,,,,localizada,mestiza,0 a 5,mujer,martes
,,,,localizada,indígena,12 a 17,mujer,martes
,,,,no localizada,indígena,0 a 5,hombre,miércoles
,,,,no localizada,mestiza,6 a 11,hombre,miércoles
,,,,localizada,indígena,12 a 17,hombre,miércoles
,,,,localizada,indígena,12 a 17,mujer,jueves
,,,,localizada,indígena,12 a 17,mujer,sábado
,,,,localizada,mestiza,12 a 17,mujer,sábado
,,,,localizada,indígena,12 a 17,mujer,sábado
,,,,localizada,mestiza,12 a 17,mujer,domingo
,,,,localizada,mestiza,12 a 17,mujer,domingo
,,,,localizada,indígena,12 a 17,mujer,lunes
,,,,no localizada,mestiza,12 a 17,mujer,lunes
,,,,localizada,mestiza,12 a 17,hombre,martes
,,,,localizada,mestiza,12 a 17,mujer,martes
,,,,localizada,indígena,12 a 17,mujer,miércoles
,,,,no localizada,indígena,12 a 17,hombre,jueves
,,,,no localizada,indígena,12 a 17,mujer,viernes
,,,,localizada,mestiza,0 a 5,mujer,viernes
,,,,no localizada,mestiza,12 a 17,mujer,sábado
,,,,localizada,indígena,12 a 17,mujer,domingo
,,,,localizada,indígena,12 a 17,mujer,domingo
,,,,localizada,indígena,12 a 17,mujer,domingo
,,,,no localizada,mestiza,6 a 11,mujer,domingo
,,,,localizada,indígena,12 a 17,mujer,lunes
,,,,localizada,mestiza,0 a 5,hombre,lunes
,,,,localizada,mestiza,12 a 17,mujer,lunes
,,,,localizada,mestiza,12 a 17,mujer,lunes
,,,,localizada,mestiza,0 a 5,mujer,lunes
,,,,localizada,mestiza,0 a 5,hombre,lunes
,,,,localizada,mestiza,12 a 17,mujer,martes
,,,,localizada,mestiza,0 a 5,mujer,martes
,,,,no localizada,mestiza,12 a 17,hombre,miércoles
,,,,no localizada,indígena,0 a 5,mujer,miércoles
,,,,localizada,indígena,12 a 17,mujer,miércoles
,,,,no localizada,mestiza,12 a 17,mujer,viernes
,,,,no localizada,mestiza,0 a 5,hombre,viernes
,,,,localizada,indígena,12 a 17,mujer,sábado
,,,,localizada,indígena,0 a 5,hombre,domingo
,,,,localizada,mestiza,12 a 17,mujer,domingo
,,,,localizada,indígena,12 a 17,mujer,lunes
,,,,localizada,mestiza,6 a 11,mujer,lunes
,,,,localizada,mestiza,0 a 5,hombre,lunes
,,,,no localizada,indígena,12 a 17,hombre,lunes
,,,,no localizada,indígena,12 a 17,mujer,lunes
,,,,localizada,indígena,12 a 17,mujer,lunes
,,,,localizada,mestiza,12 a 17,mujer,lunes
,,,,localizada,indígena,12 a 17,mujer,martes
,,,,localizada,indígena,12 a 17,mujer,miércoles
,,,,localizada,indígena,12 a 17,mujer,miércoles
,,,,no localizada,mestiza,12 a 17,hombre,viernes
,,,,no localizada,indígena,0 a 5,mujer,viernes
,,,,localizada,mestiza,12 a 17,mujer,sábado
,,,,localizada,indígena,12 a 17,mujer,domingo
,,,,localizada,mestiza,12 a 17,mujer,domingo
,,,,localizada,indígena,12 a 17,mujer,domingo
,,,,localizada,mestiza,12 a 17,mujer,domingo
,,,,localizada,mestiza,12 a 17,mujer,lunes
,,,,localizada,mestiza,12 a 17,mujer,lunes
,,,,localizada,mestiza,12 a 17,mujer,martes
,,,,localizada,indígena,0 a 5,mujer,martes
,,,,no localizada,mestiza,0 a 5,hombre,martes
,,,,no localizada,indígena,12 a 17,mujer,martes
,,,,localizada,indígena,12 a 17,mujer,martes
,,,,no localizada,indígena,0 a 5,mujer,martes
,,,,localizada,mestiza,12 a 17,mujer,martes
,,,,no localizada,indígena,12 a 17,mujer,miércoles
,,,,no localizada,indígena,0 a 5,mujer,miércoles
,,,,no localizada,mestiza,12 a 17,hombre,jueves
,,,,localizada,mestiza,12 a 17,mujer,viernes
,,,,localizada,indígena,12 a 17,mujer,sábado
,,,,localizada,indígena,12 a 17,mujer,sábado
,,,,no localizada,indígena,12 a 17,mujer,sábado
,,,,localizada,mestiza,12 a 17,mujer,sábado
,,,,localizada,indígena,6 a 11,mujer,sábado
,,,,localizada,mestiza,12 a 17,mujer,domingo
,,,,localizada,mestiza,6 a 11,hombre,domingo
,,,,localizada,mestiza,6 a 11,hombre,domingo
,,,,localizada,mestiza,0 a 5,mujer,domingo
,,,,no localizada,mestiza,12 a 17,hombre,lunes
,,,,localizada,indígena,12 a 17,mujer,lunes
,,,,localizada,mestiza,12 a 17,mujer,martes
,,,,localizada,mestiza,0 a 5,hombre,miércoles
,,,,localizada,indígena,12 a 17,mujer,miércoles
,,,,localizada,indígena,12 a 17,mujer,miércoles
,,,,no localizada,indígena,0 a 5,hombre,sábado
,,,,localizada,mestiza,12 a 17,mujer,sábado
,,,,localizada,mestiza,12 a 17,hombre,domingo
,,,,localizada,mestiza,12 a 17,mujer,lunes
367.0,52.0,7.0,100.0,localizada,indígena,12 a 17,hombre,lunes
,,,,localizada,mestiza,12 a 17,mujer,martes
,,,,no localizada,mestiza,12 a 17,mujer,martes
,,,,localizada,mestiza,12 a 17,mujer,miércoles
,,,,localizada,mestiza,6 a 11,mujer,miércoles
,,,,no localizada,mestiza,12 a 17,hombre,miércoles
,,,,localizada,indígena,6 a 11,hombre,jueves
,,,,localizada,indígena,6 a 11,hombre,jueves
,,,,localizada,mestiza,12 a 17,mujer,jueves
,,,,localizada,indígena,12 a 17,mujer,jueves
,,,,no localizada,mestiza,6 a 11,hombre,sábado
,,,,no localizada,mestiza,12 a 17,mujer,domingo
,,,,no localizada,mestiza,12 a 17,hombre,lunes
,,,,no localizada,indígena,12 a 17,mujer,lunes
,,,,localizada,indígena,12 a 17,mujer,martes
,,,,no localizada,mestiza,12 a 17,mujer,jueves
,,,,localizada,mestiza,12 a 17,mujer,sábado
,,,,localizada,mestiza,12 a 17,hombre,domingo
,,,,localizada,indígena,12 a 17,hombre,miércoles
,,,,no localizada,mestiza,12 a 17,hombre,miércoles
,,,,localizada,mestiza,12 a 17,hombre,miércoles
,,,,localizada,mestiza,0 a 5,hombre,miércoles
,,,,localizada,indígena,12 a 17,mujer,miércoles
,,,,no localizada,mestiza,12 a 17,mujer,jueves
,,,,localizada,indígena,12 a 17,mujer,jueves
,,,,localizada,indígena,12 a 17,mujer,viernes
,,,,localizada,indígena,0 a 5,mujer,sábado
,,,,no localizada,mestiza,12 a 17,mujer,domingo
,,,,localizada,mestiza,6 a 11,hombre,lunes
,,,,no localizada,indígena,12 a 17,hombre,martes
,,,,localizada,indígena,12 a 17,mujer,martes
,,,,localizada,indígena,12 a 17,mujer,martes
,,,,localizada,mestiza,12 a 17,mujer,miércoles
,,,,localizada,mestiza,12 a 17,mujer,jueves
,,,,localizada,mestiza,12 a 17,mujer,jueves
,,,,localizada,indígena,12 a 17,mujer,jueves
,,,,localizada,mestiza,0 a 5,mujer,jueves
,,,,localizada,indígena,6 a 11,mujer,viernes
,,,,localizada,mestiza,12 a 17,mujer,viernes
,,,,localizada,mestiza,12 a 17,mujer,viernes
,,,,localizada sin vida,mestiza,0 a 5,mujer,viernes
,,,,localizada,mestiza,12 a 17,mujer,domingo
,,,,localizada,mestiza,12 a 17,mujer,domingo
,,,,localizada,mestiza,12 a 17,mujer,domingo
,,,,localizada,mestiza,0 a 5,hombre,miércoles
,,,,localizada,mestiza,12 a 17,hombre,miércoles
,,,,localizada,indígena,6 a 11,hombre,miércoles
,,,,localizada,indígena,12 a 17,mujer,miércoles
,,,,no localizada,mestiza,12 a 17,mujer,miércoles
,,,,localizada,mestiza,12 a 17,mujer,jueves
,,,,no localizada,mestiza,12 a 17,hombre,viernes
,,,,localizada,mestiza,12 a 17,mujer,viernes
,,,,no localizada,mestiza,12 a 17,hombre,viernes
,,,,localizada,mestiza,12 a 17,mujer,viernes
,,,,localizada,mestiza,12 a 17,mujer,domingo
,,,,localizada,mestiza,12 a 17,hombre,lunes
,,,,no localizada,mestiza,12 a 17,mujer,lunes
,,,,no localizada,mestiza,6 a 11,hombre,lunes
,,,,no localizada,indígena,12 a 17,mujer,lunes
,,,,no localizada,indígena,6 a 11,hombre,lunes
,,,,localizada,mestiza,12 a 17,mujer,lunes
,,,,no localizada,mestiza,0 a 5,mujer,miércoles
,,,,no localizada,mestiza,12 a 17,hombre,miércoles
,,,,no localizada,mestiza,12 a 17,mujer,jueves
,,,,localizada,indígena,12 a 17,mujer,jueves
,,,,localizada,mestiza,12 a 17,mujer,viernes
,,,,no localizada,indígena,12 a 17,mujer,viernes
,,,,localizada,indígena,12 a 17,mujer,sábado
,,,,localizada,indígena,12 a 17,mujer,sábado
,,,,localizada,indígena,12 a 17,mujer,sábado
,,,,localizada,mestiza,12 a 17,mujer,domingo
,,,,no localizada,mestiza,12 a 17,mujer,domingo
,,,,localizada,mestiza,6 a 11,mujer,lunes
,,,,localizada,mestiza,0 a 5,mujer,lunes
,,,,localizada,indígena,0 a 5,mujer,lunes
,,,,localizada,mestiza,0 a 5,mujer,lunes
,,,,localizada,mestiza,12 a 17,mujer,martes
,,,,no localizada,mestiza,6 a 11,hombre,martes
,,,,localizada,indígena,12 a 17,mujer,miércoles
,,,,localizada,mestiza,12 a 17,mujer,jueves
,,,,localizada,mestiza,6 a 11,mujer,jueves
,,,,localizada,mestiza,12 a 17,mujer,jueves
,,,,localizada,indígena,12 a 17,hombre,jueves
,,,,localizada,mestiza,12 a 17,mujer,viernes
,,,,localizada,mestiza,12 a 17,mujer,viernes
,,,,no localizada,mestiza,12 a 17,mujer,sábado
,,,,localizada,mestiza,12 a 17,mujer,sábado
,,,,localizada,mestiza,12 a 17,mujer,sábado
,,,,localizada,mestiza,12 a 17,mujer,sábado
,,,,no localizada,mestiza,12 a 17,hombre,sábado
,,,,no localizada,mestiza,12 a 17,mujer,domingo
,,,,localizada,mestiza,12 a 17,mujer,domingo
,,,,localizada,mestiza,12 a 17,mujer,domingo
,,,,localizada,mestiza,6 a 11,mujer,lunes
,,,,no localizada,mestiza,0 a 5,mujer,lunes
,,,,no localizada,mestiza,12 a 17,mujer,lunes
,,,,localizada,indígena,0 a 5,hombre,lunes
,,,,localizada,indígena,12 a 17,mujer,lunes
,,,,localizada,indígena,12 a 17,mujer,lunes
,,,,localizada,indígena,12 a 17,hombre,martes
,,,,no localizada,mestiza,0 a 5,hombre,martes
,,,,localizada,mestiza,0 a 5,hombre,miércoles
,,,,no localizada,mestiza,12 a 17,mujer,jueves
,,,,localizada,indígena,0 a 5,hombre,sábado
,,,,localizada,mestiza,12 a 17,mujer,sábado
,,,,localizada,indígena,12 a 17,mujer,domingo
,,,,no localizada,indígena,12 a 17,mujer,domingo
,,,,localizada,mestiza,12 a 17,mujer,domingo
,,,,no localizada,mestiza,0 a 5,mujer,lunes
,,,,localizada,mestiza,12 a 17,mujer,lunes
,,,,no localizada,mestiza,6 a 11,hombre,martes
,,,,no localizada,mestiza,12 a 17,mujer,martes
,,,,localizada,mestiza,12 a 17,mujer,martes
,,,,localizada,indígena,12 a 17,mujer,martes
,,,,no localizada,mestiza,12 a 17,mujer,jueves
,,,,no localizada,mestiza,12 a 17,mujer,jueves
,,,,no localizada,indígena,12 a 17,mujer,viernes
,,,,localizada,mestiza,0 a 5,mujer,sábado
,,,,localizada,mestiza,12 a 17,mujer,sábado
,,,,no localizada,mestiza,12 a 17,mujer,sábado
,,,,localizada,mestiza,0 a 5,hombre,domingo
,,,,localizada,mestiza,6 a 11,hombre,domingo
,,,,no localizada,mestiza,12 a 17,mujer,lunes
,,,,localizada,mestiza,12 a 17,mujer,lunes
,,,,localizada,mestiza,12 a 17,mujer,miércoles
,,,,no localizada,mestiza,12 a 17,mujer,miércoles
,,,,localizada,mestiza,0 a 5,hombre,miércoles
,,,,no localizada,mestiza,12 a 17,hombre,jueves
,,,,localizada,indígena,12 a 17,mujer,sábado
,,,,localizada,indígena,12 a 17,mujer,sábado
,,,,localizada,mestiza,12 a 17,mujer,sábado
,,,,localizada,mestiza,12 a 17,mujer,sábado
,,,,localizada,mestiza,12 a 17,mujer,domingo
,,,,localizada,mestiza,0 a 5,hombre,domingo
,,,,no localizada,indígena,12 a 17,mujer,lunes
,,,,localizada,mestiza,12 a 17,mujer,martes
,,,,localizada,mestiza,12 a 17,mujer,martes
,,,,localizada sin vida,indígena,6 a 11,hombre,martes
,,,,localizada,mestiza,12 a 17,mujer,miércoles
,,,,no localizada,mestiza,12 a 17,hombre,jueves
,,,,localizada,mestiza,0 a 5,mujer,jueves
,,,,no localizada,indígena,12 a 17,mujer,jueves
,,,,no localizada,mestiza,12 a 17,mujer,jueves
,,,,localizada,mestiza,12 a 17,mujer,viernes
,,,,localizada,indígena,0 a 5,mujer,viernes
,,,,localizada,indígena,0 a 5,mujer,lunes
,,,,localizada,mestiza,12 a 17,hombre,lunes
,,,,no localizada,indígena,12 a 17,hombre,martes
,,,,localizada,mestiza,12 a 17,mujer,jueves
,,,,no localizada,indígena,12 a 17,mujer,viernes
,,,,localizada,indígena,12 a 17,hombre,viernes
,,,,localizada,indígena,0 a 5,hombre,viernes
,,,,no localizada,mestiza,12 a 17,mujer,viernes
,,,,localizada,mestiza,12 a 17,hombre,viernes
,,,,no localizada,mestiza,6 a 11,mujer,viernes
,,,,localizada,mestiza,12 a 17,mujer,sábado
,,,,localizada,mestiza,6 a 11,hombre,sábado
,,,,localizada,mestiza,12 a 17,mujer,sábado
,,,,no localizada,indígena,0 a 5,mujer,sábado
,,,,localizada,indígena,12 a 17,mujer,sábado
,,,,localizada,indígena,12 a 17,mujer,domingo
,,,,no localizada,mestiza,12 a 17,mujer,domingo
,,,,localizada,indígena,12 a 17,mujer,domingo
,,,,localizada,indígena,6 a 11,mujer,domingo
,,,,localizada,mestiza,12 a 17,mujer,miércoles
,,,,no localizada,mestiza,12 a 17,hombre,jueves
,,,,no localizada,mestiza,6 a 11,mujer,jueves
,,,,localizada,mestiza,12 a 17,mujer,sábado
,,,,no localizada,mestiza,12 a 17,mujer,domingo
,,,,no localizada,mestiza,12 a 17,mujer,domingo
,,,,localizada,mestiza,12 a 17,mujer,domingo
,,,,localizada,mestiza,0 a 5,hombre,domingo
,,,,localizada,indígena,6 a 11,hombre,jueves
,,,,localizada,indígena,12 a 17,mujer,viernes
,,,,localizada,indígena,12 a 17,hombre,viernes
,,,,localizada,indígena,12 a 17,mujer,viernes
,,,,no localizada,mestiza,12 a 17,hombre,martes
,,,,localizada,mestiza,12 a 17,mujer,miércoles
,,,,localizada,mestiza,12 a 17,mujer,miércoles
,,,,no localizada,mestiza,0 a 5,hombre,miércoles
,,,,localizada,indígena,12 a 17,mujer,jueves
,,,,no localizada,indígena,12 a 17,mujer,viernes
,,,,localizada,indígena,6 a 11,hombre,viernes
,,,,localizada,mestiza,0 a 5,hombre,viernes
,,,,no localizada,mestiza,12 a 17,mujer,viernes
,,,,localizada,mestiza,12 a 17,mujer,viernes
,,,,localizada,mestiza,0 a 5,mujer,sábado
,,,,localizada,indígena,12 a 17,mujer,sábado
,,,,localizada,mestiza,12 a 17,mujer,sábado
,,,,localizada,mestiza,0 a 5,hombre,domingo
,,,,no localizada,mestiza,12 a 17,mujer,lunes
,,,,no localizada,indígena,12 a 17,mujer,lunes
,,,,localizada,mestiza,12 a 17,hombre,jueves
,,,,no localizada,indígena,6 a 11,hombre,viernes
,,,,localizada,indígena,12 a 17,mujer,domingo
,,,,localizada,mestiza,0 a 5,mujer,domingo
,,,,localizada,indígena,0 a 5,mujer,lunes
,,,,localizada,mestiza,12 a 17,mujer,martes
,,,,localizada,indígena,6 a 11,mujer,martes
,,,,no localizada,mestiza,12 a 17,mujer,martes
,,,,localizada,indígena,12 a 17,mujer,miércoles
,,,,localizada,indígena,12 a 17,mujer,jueves
,,,,localizada,indígena,12 a 17,hombre,viernes
,,,,localizada,indígena,0 a 5,hombre,viernes
,,,,no localizada,mestiza,6 a 11,mujer,viernes
,,,,localizada,indígena,12 a 17,mujer,viernes
,,,,localizada,indígena,12 a 17,mujer,viernes
,,,,localizada,indígena,12 a 17,hombre,sábado
,,,,no localizada,mestiza,12 a 17,mujer,domingo
,,,,no localizada,mestiza,12 a 17,mujer,lunes
,,,,localizada,mestiza,12 a 17,mujer,martes
,,,,localizada,mestiza,12 a 17,mujer,martes
,,,,localizada,mestiza,12 a 17,mujer,martes
,,,,localizada,mestiza,6 a 11,mujer,martes
,,,,localizada,indígena,12 a 17,mujer,miércoles
,,,,no localizada,indígena,12 a 17,mujer,miércoles
,,,,no localizada,mestiza,12 a 17,mujer,miércoles
,,,,localizada,mestiza,12 a 17,hombre,miércoles
,,,,localizada,mestiza,12 a 17,hombre,jueves
,,,,no localizada,mestiza,12 a 17,hombre,jueves
,,,,no localizada,mestiza,12 a 17,mujer,jueves
,,,,localizada,mestiza,0 a 5,mujer,jueves
,,,,no localizada,mestiza,12 a 17,mujer,viernes
,,,,no localizada,mestiza,0 a 5,hombre,sábado
,,,,no localizada,indígena,0 a 5,mujer,sábado
859.0,122.0,7.0,100.0,localizada,mestiza,12 a 17,mujer,sábado
,,,,localizada,indígena,0 a 5,mujer,domingo
,,,,localizada,indígena,0 a 5,mujer,domingo
,,,,localizada,indígena,12 a 17,mujer,domingo
,,,,localizada,mestiza,12 a 17,mujer,lunes
,,,,no localizada,indígena,12 a 17,hombre,lunes
,,,,localizada,mestiza,12 a 17,mujer,lunes
,,,,localizada,mestiza,0 a 5,hombre,martes
,,,,localizada,mestiza,12 a 17,mujer,martes
,,,,localizada,indígena,12 a 17,hombre,martes
,,,,localizada,indígena,12 a 17,mujer,martes
,,,,no localizada,indígena,12 a 17,mujer,martes
,,,,no localizada,mestiza,12 a 17,mujer,miércoles
,,,,no localizada,indígena,6 a 11,mujer,miércoles
,,,,no localizada,mestiza,12 a 17,hombre,miércoles
,,,,localizada,mestiza,12 a 17,mujer,jueves
,,,,localizada,mestiza,12 a 17,hombre,jueves
238.0,34.0,7.0,100.0,localizada,mestiza,12 a 17,mujer,jueves
,,,,localizada,mestiza,12 a 17,mujer,viernes
,,,,localizada,mestiza,12 a 17,mujer,viernes
,,,,localizada,indígena,12 a 17,mujer,viernes
,,,,no localizada,mestiza,0 a 5,mujer,sábado
,,,,no localizada,indígena,0 a 5,mujer,sábado
,,,,localizada,indígena,12 a 17,mujer,lunes
,,,,localizada,indígena,12 a 17,mujer,martes
,,,,localizada,mestiza,12 a 17,hombre,miércoles
,,,,localizada,mestiza,12 a 17,mujer,miércoles
,,,,localizada,mestiza,12 a 17,hombre,jueves
,,,,localizada,indígena,12 a 17,mujer,jueves
,,,,no localizada,indígena,12 a 17,hombre,jueves
,,,,no localizada,mestiza,12 a 17,mujer,jueves
,,,,localizada,indígena,0 a 5,mujer,viernes
,,,,localizada,indígena,12 a 17,mujer,viernes
,,,,localizada,mestiza,12 a 17,mujer,sábado
,,,,localizada,indígena,12 a 17,mujer,sábado
,,,,localizada,mestiza,12 a 17,mujer,domingo
,,,,localizada,mestiza,12 a 17,mujer,lunes
,,,,no localizada,mestiza,12 a 17,mujer,lunes
,,,,localizada,mestiza,12 a 17,mujer,martes
,,,,localizada,indígena,12 a 17,hombre,sábado
,,,,localizada,mestiza,12 a 17,mujer,sábado
221.0,31.0,7.0,100.0,localizada,mestiza,12 a 17,mujer,domingo
,,,,localizada,mestiza,12 a 17,mujer,domingo
,,,,no localizada,mestiza,0 a 5,hombre,martes
,,,,no localizada,mestiza,12 a 17,mujer,martes
,,,,no localizada,indígena,6 a 11,mujer,martes
,,,,no localizada,indígena,12 a 17,mujer,martes
,,,,localizada,mestiza,12 a 17,mujer,martes
,,,,no localizada,mestiza,6 a 11,mujer,martes
,,,,localizada,mestiza,12 a 17,mujer,martes
,,,,localizada,mestiza,12 a 17,mujer,martes
,,,,localizada,mestiza,12 a 17,mujer,jueves
,,,,no localizada,indígena,12 a 17,mujer,domingo
,,,,localizada,mestiza,12 a 17,hombre,domingo
,,,,localizada,mestiza,12 a 17,hombre,lunes
,,,,no localizada,mestiza,12 a 17,hombre,martes
,,,,localizada,mestiza,12 a 17,mujer,jueves
,,,,localizada,mestiza,12 a 17,mujer,jueves
,,,,no localizada,mestiza,6 a 11,mujer,jueves
,,,,localizada,mestiza,12 a 17,mujer,jueves
,,,,no localizada,indígena,12 a 17,mujer,viernes
,,,,localizada,indígena,6 a 11,hombre,sábado
,,,,localizada,mestiza,6 a 11,hombre,sábado
,,,,localizada,mestiza,6 a 11,hombre,sábado
,,,,localizada,mestiza,12 a 17,mujer,domingo
,,,,localizada,mestiza,12 a 17,mujer,lunes
,,,,localizada,mestiza,12 a 17,hombre,martes
,,,,localizada,indígena,12 a 17,mujer,martes
,,,,no localizada,indígena,12 a 17,mujer,martes
,,,,localizada,mestiza,12 a 17,mujer,martes
,,,,localizada,mestiza,12 a 17,mujer,martes
,,,,no localizada,indígena,0 a 5,mujer,jueves
,,,,localizada,indígena,12 a 17,hombre,jueves
,,,,no localizada,indígena,12 a 17,hombre,jueves
,,,,no localizada,indígena,0 a 5,mujer,jueves
,,,,localizada,mestiza,12 a 17,mujer,viernes
1107.0,158.0,7.0,100.0,localizada,indígena,6 a 11,hombre,viernes
,,,,localizada,mestiza,12 a 17,mujer,sábado
,,,,localizada,mestiza,6 a 11,mujer,lunes
,,,,localizada,mestiza,6 a 11,mujer,lunes
,,,,localizada,mestiza,0 a 5,mujer,lunes
,,,,localizada,mestiza,0 a 5,hombre,lunes
,,,,localizada,mestiza,12 a 17,mujer,miércoles
,,,,no localizada,indígena,6 a 11,hombre,jueves
,,,,no localizada,indígena,6 a 11,mujer,jueves
,,,,no localizada,mestiza,12 a 17,mujer,jueves
,,,,localizada,mestiza,12 a 17,mujer,jueves
,,,,no localizada,mestiza,12 a 17,hombre,viernes
,,,,localizada,mestiza,12 a 17,hombre,viernes
,,,,no localizada,mestiza,12 a 17,hombre,sábado
,,,,no localizada,indígena,12 a 17,mujer,lunes
,,,,localizada,indígena,12 a 17,mujer,miércoles
,,,,localizada,mestiza,12 a 17,mujer,viernes
,,,,no localizada,mestiza,0 a 5,mujer,viernes
,,,,no localizada,mestiza,0 a 5,hombre,domingo
,,,,no localizada,mestiza,12 a 17,mujer,domingo
,,,,localizada,mestiza,12 a 17,hombre,lunes
,,,,localizada,mestiza,6 a 11,mujer,lunes
,,,,no localizada,mestiza,6 a 11,hombre,martes
,,,,localizada,mestiza,12 a 17,mujer,martes
,,,,localizada,mestiza,12 a 17,mujer,martes
,,,,no localizada,mestiza,12 a 17,mujer,jueves
,,,,localizada,mestiza,12 a 17,mujer,jueves
,,,,localizada,mestiza,12 a 17,mujer,domingo
,,,,localizada,indígena,12 a 17,hombre,lunes
,,,,localizada,mestiza,12 a 17,mujer,miércoles
,,,,localizada,mestiza,12 a 17,mujer,viernes
,,,,localizada,indígena,12 a 17,hombre,viernes
,,,,localizada,indígena,12 a 17,hombre,sábado
,,,,localizada,mestiza,0 a 5,hombre,domingo
,,,,localizada,mestiza,12 a 17,mujer,lunes
,,,,localizada,mestiza,6 a 11,mujer,lunes
,,,,localizada,indígena,12 a 17,mujer,miércoles
,,,,no localizada,mestiza,12 a 17,mujer,jueves
,,,,localizada,indígena,12 a 17,mujer,viernes
,,,,no localizada,mestiza,12 a 17,hombre,viernes
,,,,no localizada,mestiza,12 a 17,mujer,viernes
,,,,no localizada,mestiza,12 a 17,mujer,viernes
,,,,no localizada,indígena,12 a 17,mujer,viernes
,,,,localizada,mestiza,12 a 17,mujer,viernes
,,,,localizada,mestiza,12 a 17,mujer,sábado
,,,,localizada,indígena,12 a 17,mujer,sábado
,,,,localizada,mestiza,0 a 5,hombre,sábado
,,,,localizada,mestiza,12 a 17,mujer,lunes
,,,,localizada,mestiza,12 a 17,mujer,lunes
,,,,localizada,indígena,12 a 17,mujer,lunes
,,,,no localizada,mestiza,12 a 17,mujer,martes
,,,,localizada,mestiza,12 a 17,mujer,miércoles
,,,,localizada,indígena,12 a 17,mujer,miércoles
,,,,no localizada,mestiza,12 a 17,mujer,viernes
,,,,localizada,mestiza,12 a 17,mujer,viernes
,,,,localizada,mestiza,12 a 17,mujer,sábado
,,,,no localizada,mestiza,12 a 17,mujer,domingo
,,,,no localizada,indígena,12 a 17,mujer,domingo
33.0,4.0,4.0,33.0,localizada,mestiza,12 a 17,hombre,lunes
,,,,localizada,mestiza,12 a 17,mujer,lunes
,,,,localizada,indígena,12 a 17,hombre,lunes
,,,,no localizada,indígena,12 a 17,hombre,lunes
,,,,no localizada,mestiza,12 a 17,mujer,lunes
,,,,localizada,mestiza,12 a 17,mujer,lunes
,,,,localizada,mestiza,12 a 17,mujer,martes
,,,,localizada,mestiza,12 a 17,mujer,jueves
,,,,localizada,mestiza,12 a 17,mujer,viernes
,,,,localizada,indígena,0 a 5,hombre,sábado
,,,,localizada,mestiza,0 a 5,hombre,miércoles
19.0,2.0,2.0,19.0,localizada,mestiza,12 a 17,mujer,jueves
,,,,localizada,mestiza,12 a 17,mujer,viernes
2.0,0.0,0.0,2.0,localizada,indígena,12 a 17,mujer,sábado
5.0,0.0,0.0,5.0,localizada,mestiza,12 a 17,hombre,domingo
1.0,0.0,0.0,1.0,localizada,indígena,6 a 11,hombre,domingo
,,,,no localizada,mestiza,12 a 17,mujer,domingo
,,,,no localizada,indígena,12 a 17,mujer,martes
2.0,0.0,0.0,2.0,localizada,indígena,12 a 17,mujer,martes
,,,,no localizada,mestiza,12 a 17,hombre,miércoles
9.0,1.0,1.0,9.0,localizada,mestiza,12 a 17,mujer,miércoles
13.0,1.0,1.0,13.0,localizada,mestiza,0 a 5,hombre,jueves
,,,,no localizada,mestiza,0 a 5,hombre,viernes
,,,,no localizada,indígena,6 a 11,hombre,sábado
3.0,0.0,0.0,3.0,localizada,mestiza,12 a 17,mujer,lunes
,,,,no localizada,mestiza,12 a 17,mujer,lunes
15.0,2.0,2.0,15.0,localizada,indígena,12 a 17,mujer,lunes
,,,,localizada,indígena,12 a 17,mujer,lunes
6.0,0.0,0.0,6.0,localizada,indígena,12 a 17,mujer,martes
6.0,0.0,0.0,6.0,localizada,mestiza,12 a 17,mujer,martes
6.0,0.0,0.0,6.0,localizada,mestiza,12 a 17,mujer,martes
3.0,0.0,0.0,3.0,localizada,mestiza,12 a 17,mujer,martes
20.0,2.0,2.0,20.0,localizada,indígena,12 a 17,hombre,miércoles
1.0,0.0,0.0,1.0,localizada,indígena,12 a 17,mujer,jueves
73.0,10.0,7.0,73.0,localizada,mestiza,12 a 17,mujer,sábado
5.0,0.0,0.0,5.0,localizada,indígena,12 a 17,mujer,sábado
,,,,no localizada,mestiza,6 a 11,mujer,domingo
,,,,no localizada,mestiza,0 a 5,hombre,domingo
4.0,0.0,0.0,4.0,localizada,indígena,12 a 17,hombre,domingo
,,,,no localizada,mestiza,12 a 17,mujer,lunes
-0.0,-0.0,-0.0,-0.0,localizada,mestiza,12 a 17,mujer,martes
7.0,1.0,1.0,7.0,localizada,mestiza,12 a 17,mujer,martes
13.0,1.0,1.0,13.0,localizada,mestiza,12 a 17,hombre,miércoles
188.0,26.0,7.0,100.0,localizada,indígena,12 a 17,mujer,miércoles
,,,,no localizada,indígena,12 a 17,mujer,jueves
2.0,0.0,0.0,2.0,localizada,mestiza,12 a 17,hombre,viernes
,,,,no localizada,indígena,12 a 17,hombre,sábado
,,,,no localizada,indígena,12 a 17,mujer,sábado
12.0,1.0,1.0,12.0,localizada,mestiza,12 a 17,hombre,sábado
3.0,0.0,0.0,3.0,localizada,mestiza,12 a 17,mujer,domingo
130.0,18.0,7.0,100.0,localizada,mestiza,12 a 17,mujer,lunes
,,,,no localizada,mestiza,0 a 5,mujer,martes
1.0,0.0,0.0,1.0,localizada,mestiza,12 a 17,mujer,martes
-0.0,-0.0,-0.0,-0.0,localizada,mestiza,12 a 17,mujer,martes
7.0,1.0,1.0,7.0,localizada,indígena,12 a 17,mujer,jueves
16.0,2.0,2.0,16.0,localizada,indígena,12 a 17,mujer,sábado
115.0,16.0,7.0,100.0,localizada,mestiza,12 a 17,mujer,sábado
192.0,27.0,7.0,100.0,localizada,indígena,6 a 11,mujer,domingo
94.0,13.0,7.0,94.0,localizada,mestiza,12 a 17,hombre,domingo
16.0,2.0,2.0,16.0,localizada,indígena,12 a 17,hombre,domingo
190.0,27.0,7.0,100.0,localizada,indígena,12 a 17,mujer,lunes
55.0,7.0,7.0,55.0,localizada,mestiza,12 a 17,mujer,martes
,,,,no localizada,indígena,12 a 17,mujer,miércoles
329.0,47.0,7.0,100.0,localizada,indígena,12 a 17,mujer,jueves
1.0,0.0,0.0,1.0,localizada,indígena,12 a 17,mujer,jueves
4.0,0.0,0.0,4.0,localizada,mestiza,0 a 5,mujer,sábado
,,,,no localizada,mestiza,12 a 17,hombre,sábado
,,,,no localizada,mestiza,12 a 17,mujer,domingo
9.0,1.0,1.0,9.0,localizada,mestiza,12 a 17,mujer,domingo
2.0,0.0,0.0,2.0,localizada,mestiza,12 a 17,mujer,lunes
47.0,6.0,6.0,47.0,localizada,mestiza,12 a 17,mujer,martes
13.0,1.0,1.0,13.0,localizada,indígena,0 a 5,hombre,martes
2.0,0.0,0.0,2.0,localizada,mestiza,12 a 17,mujer,miércoles
1.0,0.0,0.0,1.0,localizada,mestiza,12 a 17,mujer,miércoles
189.0,27.0,7.0,100.0,localizada,mestiza,12 a 17,mujer,viernes
13.0,1.0,1.0,13.0,localizada,indígena,12 a 17,mujer,viernes
,,,,no localizada,mestiza,12 a 17,mujer,viernes
4.0,0.0,0.0,4.0,localizada,mestiza,12 a 17,hombre,sábado
,,,,no localizada,mestiza,12 a 17,mujer,sábado
4.0,0.0,0.0,4.0,localizada,mestiza,12 a 17,mujer,domingo
,,,,no localizada,mestiza,12 a 17,mujer,domingo
2.0,0.0,0.0,2.0,localizada,mestiza,12 a 17,mujer,lunes
4.0,0.0,0.0,4.0,localizada,mestiza,12 a 17,mujer,lunes
8.0,1.0,1.0,8.0,localizada,mestiza,0 a 5,hombre,lunes
21.0,3.0,3.0,21.0,localizada,mestiza,12 a 17,mujer,lunes
4.0,0.0,0.0,4.0,localizada,mestiza,12 a 17,mujer,martes
4.0,0.0,0.0,4.0,localizada,mestiza,12 a 17,mujer,martes
46.0,6.0,6.0,46.0,localizada,mestiza,12 a 17,mujer,jueves
,,,,no localizada,indígena,12 a 17,mujer,sábado
,,,,no localizada,indígena,12 a 17,mujer,sábado
93.0,13.0,7.0,93.0,localizada,indígena,6 a 11,mujer,domingo
,,,,no localizada,indígena,12 a 17,mujer,domingo
,,,,no localizada,indígena,12 a 17,mujer,lunes
1.0,0.0,0.0,1.0,localizada,mestiza,12 a 17,mujer,lunes
2.0,0.0,0.0,2.0,localizada,mestiza,12 a 17,mujer,martes
,,,,no localizada,indígena,6 a 11,hombre,miércoles
,,,,no localizada,mestiza,12 a 17,mujer,miércoles
,,,,no localizada,mestiza,0 a 5,hombre,miércoles
,,,,no localizada,indígena,6 a 11,mujer,miércoles
10.0,1.0,1.0,10.0,localizada,indígena,12 a 17,mujer,viernes
1.0,0.0,0.0,1.0,localizada,indígena,12 a 17,mujer,sábado
20.0,2.0,2.0,20.0,localizada,indígena,12 a 17,mujer,domingo
3.0,0.0,0.0,3.0,localizada,mestiza,12 a 17,mujer,martes
,,,,no localizada,mestiza,12 a 17,mujer,martes
2.0,0.0,0.0,2.0,localizada,indígena,12 a 17,mujer,martes
7.0,1.0,1.0,7.0,localizada,mestiza,12 a 17,hombre,miércoles
,,,,no localizada,indígena,6 a 11,hombre,viernes
,,,,no localizada,mestiza,0 a 5,hombre,viernes
,,,,no localizada,indígena,12 a 17,mujer,viernes
,,,,no localizada,indígena,12 a 17,mujer,sábado
2.0,0.0,0.0,2.0,localizada,mestiza,6 a 11,hombre,sábado
2.0,0.0,0.0,2.0,localizada,mestiza,12 a 17,hombre,sábado
19.0,2.0,2.0,19.0,localizada,mestiza,6 a 11,mujer,domingo
4.0,0.0,0.0,4.0,localizada,mestiza,12 a 17,mujer,domingo
55.0,7.0,7.0,55.0,localizada,mestiza,12 a 17,mujer,lunes
52.0,7.0,7.0,52.0,localizada,indígena,0 a 5,hombre,lunes
55.0,7.0,7.0,55.0,localizada,indígena,12 a 17,mujer,lunes
,,,,no localizada,indígena,12 a 17,mujer,martes
,,,,localizada,mestiza,12 a 17,mujer,miércoles
14.0,2.0,2.0,14.0,localizada,indígena,12 a 17,mujer,jueves
3.0,0.0,0.0,3.0,localizada,mestiza,12 a 17,mujer,jueves
75.0,10.0,7.0,75.0,localizada,mestiza,12 a 17,mujer,jueves
,,,,no localizada,mestiza,0 a 5,mujer,viernes
1.0,0.0,0.0,1.0,localizada,indígena,12 a 17,mujer,viernes
1.0,0.0,0.0,1.0,localizada,mestiza,12 a 17,mujer,viernes
152.0,21.0,7.0,100.0,localizada,mestiza,12 a 17,mujer,viernes
90.0,12.0,7.0,90.0,localizada,mestiza,12 a 17,mujer,sábado
2.0,0.0,0.0,2.0,localizada,mestiza,12 a 17,mujer,domingo
,,,,no localizada,mestiza,12 a 17,mujer,lunes
2.0,0.0,0.0,2.0,localizada,indígena,12 a 17,mujer,lunes
107.0,15.0,7.0,100.0,localizada,mestiza,12 a 17,mujer,martes
69.0,9.0,7.0,69.0,localizada,mestiza,12 a 17,mujer,martes
7.0,1.0,1.0,7.0,localizada,mestiza,12 a 17,mujer,martes
15.0,2.0,2.0,15.0,localizada,mestiza,12 a 17,mujer,martes
220.0,31.0,7.0,100.0,localizada,mestiza,0 a 5,hombre,miércoles
9.0,1.0,1.0,9.0,localizada,indígena,12 a 17,mujer,jueves
,,,,no localizada,mestiza,12 a 17,hombre,viernes
4.0,0.0,0.0,4.0,localizada,indígena,12 a 17,mujer,viernes
3.0,0.0,0.0,3.0,localizada,indígena,12 a 17,mujer,sábado
,,,,no localizada,mestiza,12 a 17,hombre,sábado
3.0,0.0,0.0,3.0,localizada,indígena,12 a 17,hombre,domingo
1.0,0.0,0.0,1.0,localizada,indígena,12 a 17,mujer,domingo
3.0,0.0,0.0,3.0,localizada,mestiza,12 a 17,mujer,domingo
-0.0,-0.0,-0.0,-0.0,localizada,mestiza,12 a 17,mujer,lunes
,,,,no localizada,mestiza,12 a 17,mujer,martes
9.0,1.0,1.0,9.0,localizada,mestiza,12 a 17,mujer,martes
1.0,0.0,0.0,1.0,localizada,indígena,12 a 17,hombre,martes
,,,,no localizada,mestiza,12 a 17,mujer,martes
5.0,0.0,0.0,5.0,localizada,mestiza,12 a 17,mujer,martes
6.0,0.0,0.0,6.0,localizada,mestiza,12 a 17,mujer,miércoles
178.0,25.0,7.0,100.0,localizada,indígena,6 a 11,mujer,sábado
4.0,0.0,0.0,4.0,localizada,mestiza,12 a 17,hombre,domingo
184.0,26.0,7.0,100.0,localizada,indígena,12 a 17,mujer,lunes
8.0,1.0,1.0,8.0,localizada,mestiza,12 a 17,mujer,martes
9.0,1.0,1.0,9.0,localizada,mestiza,12 a 17,mujer,miércoles
2.0,0.0,0.0,2.0,localizada,mestiza,12 a 17,mujer,miércoles
2.0,0.0,0.0,2.0,localizada,mestiza,12 a 17,mujer,jueves
89.0,12.0,7.0,89.0,localizada,mestiza,12 a 17,mujer,jueves
132.0,18.0,7.0,100.0,localizada,mestiza,6 a 11,hombre,viernes
26.0,3.0,3.0,26.0,localizada,mestiza,12 a 17,mujer,viernes
4.0,0.0,0.0,4.0,localizada,mestiza,12 a 17,hombre,sábado
8.0,1.0,1.0,8.0,localizada,indígena,12 a 17,mujer,lunes
6.0,0.0,0.0,6.0,localizada,mestiza,0 a 5,hombre,martes
16.0,2.0,2.0,16.0,localizada,mestiza,6 a 11,hombre,miércoles
16.0,2.0,2.0,16.0,localizada,mestiza,6 a 11,hombre,miércoles
2.0,0.0,0.0,2.0,localizada,indígena,12 a 17,mujer,jueves
2.0,0.0,0.0,2.0,localizada,mestiza,12 a 17,hombre,viernes
7.0,1.0,1.0,7.0,localizada,mestiza,12 a 17,mujer,viernes
2.0,0.0,0.0,2.0,localizada,indígena,6 a 11,mujer,domingo
1.0,0.0,0.0,1.0,localizada,mestiza,12 a 17,hombre,domingo
1.0,0.0,0.0,1.0,localizada,mestiza,6 a 11,mujer,lunes
67.0,9.0,7.0,67.0,localizada,mestiza,12 a 17,mujer,lunes
73.0,10.0,7.0,73.0,localizada,mestiza,0 a 5,mujer,martes
2.0,0.0,0.0,2.0,localizada,indígena,12 a 17,mujer,martes
,,,,no localizada,indígena,12 a 17,hombre,jueves
80.0,11.0,7.0,80.0,localizada,mestiza,12 a 17,mujer,viernes
18.0,2.0,2.0,18.0,localizada,mestiza,12 a 17,hombre,sábado
2.0,0.0,0.0,2.0,localizada,indígena,12 a 17,mujer,sábado
10.0,1.0,1.0,10.0,localizada,mestiza,12 a 17,mujer,sábado
,,,,no localizada,indígena,0 a 5,hombre,domingo
232.0,33.0,7.0,100.0,localizada,indígena,6 a 11,mujer,martes
,,,,no localizada,mestiza,12 a 17,mujer,martes
,,,,no localizada,mestiza,12 a 17,mujer,martes
-0.0,-0.0,-0.0,-0.0,localizada,indígena,0 a 5,hombre,martes
,,,,localizada,mestiza,0 a 5,hombre,miércoles
14.0,2.0,2.0,14.0,localizada,indígena,12 a 17,mujer,miércoles
14.0,2.0,2.0,14.0,localizada,indígena,12 a 17,mujer,miércoles
2.0,0.0,0.0,2.0,localizada,mestiza,12 a 17,mujer,miércoles
,,,,no localizada,mestiza,0 a 5,mujer,miércoles
1.0,0.0,0.0,1.0,localizada,mestiza,12 a 17,mujer,jueves
13.0,1.0,1.0,13.0,localizada,indígena,0 a 5,mujer,jueves
13.0,1.0,1.0,13.0,localizada,indígena,12 a 17,hombre,jueves
48.0,6.0,6.0,48.0,localizada,mestiza,12 a 17,mujer,viernes
74.0,10.0,7.0,74.0,localizada,mestiza,0 a 5,hombre,sábado
,,,,no localizada,mestiza,12 a 17,hombre,domingo
18.0,2.0,2.0,18.0,localizada,mestiza,12 a 17,mujer,domingo
28.0,4.0,4.0,28.0,localizada,indígena,12 a 17,mujer,lunes
,,,,no localizada,mestiza,12 a 17,mujer,lunes
,,,,no localizada,mestiza,12 a 17,mujer,lunes
43.0,6.0,6.0,43.0,localizada,indígena,6 a 11,mujer,lunes
114.0,16.0,7.0,100.0,localizada,mestiza,12 a 17,mujer,lunes
14.0,2.0,2.0,14.0,localizada,mestiza,0 a 5,mujer,lunes
33.0,4.0,4.0,33.0,localizada,mestiza,0 a 5,mujer,martes
85.0,12.0,7.0,85.0,localizada,indígena,12 a 17,mujer,martes
33.0,4.0,4.0,33.0,localizada,indígena,0 a 5,hombre,martes
,,,,localizada,mestiza,12 a 17,hombre,miércoles
4.0,0.0,0.0,4.0,localizada,indígena,12 a 17,mujer,sábado
,,,,no localizada,indígena,6 a 11,mujer,sábado
4.0,0.0,0.0,4.0,localizada,indígena,6 a 11,hombre,lunes
5.0,0.0,0.0,5.0,localizada,mestiza,12 a 17,mujer,lunes
,,,,no localizada,mestiza,12 a 17,hombre,jueves
4.0,0.0,0.0,4.0,localizada,indígena,12 a 17,hombre,jueves
4.0,0.0,0.0,4.0,localizada,indígena,12 a 17,mujer,jueves
10.0,1.0,1.0,10.0,localizada,indígena,12 a 17,mujer,viernes
3.0,0.0,0.0,3.0,localizada,mestiza,12 a 17,hombre,domingo
12.0,1.0,1.0,12.0,localizada,mestiza,12 a 17,mujer,domingo
44.0,6.0,6.0,44.0,localizada,mestiza,12 a 17,mujer,domingo
11.0,1.0,1.0,11.0,localizada,mestiza,12 a 17,mujer,lunes
3.0,0.0,0.0,3.0,localizada,mestiza,0 a 5,mujer,lunes
1.0,0.0,0.0,1.0,localizada,indígena,12 a 17,mujer,lunes
2.0,0.0,0.0,2.0,localizada,mestiza,12 a 17,mujer,lunes
1.0,0.0,0.0,1.0,localizada,mestiza,12 a 17,mujer,martes
4.0,0.0,0.0,4.0,localizada,indígena,12 a 17,mujer,miércoles
1.0,0.0,0.0,1.0,localizada,mestiza,12 a 17,mujer,jueves
160.0,22.0,7.0,100.0,localizada,mestiza,12 a 17,mujer,jueves
,,,,no localizada,mestiza,12 a 17,hombre,jueves
,,,,no localizada,mestiza,12 a 17,mujer,domingo
23.0,3.0,3.0,23.0,localizada,indígena,12 a 17,mujer,domingo
2.0,0.0,0.0,2.0,localizada,mestiza,12 a 17,mujer,domingo
,,,,no localizada,indígena,12 a 17,mujer,domingo
9.0,1.0,1.0,9.0,localizada,indígena,12 a 17,mujer,lunes
17.0,2.0,2.0,17.0,localizada,mestiza,12 a 17,hombre,lunes
667.0,95.0,7.0,100.0,localizada,mestiza,12 a 17,mujer,martes
4.0,0.0,0.0,4.0,localizada,mestiza,12 a 17,mujer,martes
2.0,0.0,0.0,2.0,localizada,mestiza,12 a 17,mujer,miércoles
155.0,22.0,7.0,100.0,localizada,indígena,0 a 5,mujer,miércoles
28.0,4.0,4.0,28.0,localizada,indígena,12 a 17,mujer,miércoles
,,,,no localizada,mestiza,12 a 17,mujer,jueves
,,,,no localizada,indígena,0 a 5,hombre,jueves
,,,,no localizada,indígena,6 a 11,hombre,viernes
17.0,2.0,2.0,17.0,localizada,mestiza,12 a 17,mujer,viernes
7.0,1.0,1.0,7.0,localizada,indígena,12 a 17,mujer,sábado
4.0,0.0,0.0,4.0,localizada,mestiza,12 a 17,mujer,domingo
,,,,no localizada,mestiza,12 a 17,mujer,lunes
3.0,0.0,0.0,3.0,localizada,mestiza,12 a 17,mujer,martes
4.0,0.0,0.0,4.0,localizada,mestiza,0 a 5,mujer,miércoles
5.0,0.0,0.0,5.0,localizada,indígena,12 a 17,mujer,jueves
1.0,0.0,0.0,1.0,localizada,mestiza,12 a 17,mujer,jueves
2.0,0.0,0.0,2.0,localizada,indígena,12 a 17,mujer,viernes
4.0,0.0,0.0,4.0,localizada,indígena,6 a 11,mujer,sábado
211.0,30.0,7.0,100.0,localizada,mestiza,12 a 17,mujer,lunes
16.0,2.0,2.0,16.0,localizada,indígena,12 a 17,mujer,lunes
129.0,18.0,7.0,100.0,localizada,mestiza,12 a 17,hombre,martes
1.0,0.0,0.0,1.0,localizada,indígena,12 a 17,mujer,miércoles
9.0,1.0,1.0,9.0,localizada,indígena,12 a 17,mujer,jueves
,,,,no localizada,indígena,0 a 5,mujer,jueves
,,,,no localizada,mestiza,6 a 11,hombre,jueves
,,,,no localizada,mestiza,12 a 17,hombre,viernes
2.0,0.0,0.0,2.0,localizada,mestiza,12 a 17,mujer,sábado
3.0,0.0,0.0,3.0,localizada,mestiza,12 a 17,mujer,sábado
9.0,1.0,1.0,9.0,localizada,mestiza,12 a 17,hombre,sábado
2.0,0.0,0.0,2.0,localizada,mestiza,12 a 17,mujer,lunes
1.0,0.0,0.0,1.0,localizada,mestiza,12 a 17,mujer,lunes
2.0,0.0,0.0,2.0,localizada,indígena,12 a 17,mujer,lunes
1.0,0.0,0.0,1.0,localizada,mestiza,12 a 17,mujer,lunes
2.0,0.0,0.0,2.0,localizada,mestiza,12 a 17,mujer,lunes
20.0,2.0,2.0,20.0,localizada,indígena,12 a 17,mujer,martes
2.0,0.0,0.0,2.0,localizada,mestiza,0 a 5,hombre,miércoles
22.0,3.0,3.0,22.0,localizada,mestiza,12 a 17,mujer,miércoles
1.0,0.0,0.0,1.0,localizada,indígena,12 a 17,mujer,miércoles
1.0,0.0,0.0,1.0,localizada,indígena,12 a 17,hombre,miércoles
75.0,10.0,7.0,75.0,localizada,indígena,12 a 17,hombre,domingo
3.0,0.0,0.0,3.0,localizada,indígena,12 a 17,hombre,lunes
,,,,no localizada,mestiza,6 a 11,hombre,lunes
7.0,1.0,1.0,7.0,localizada,mestiza,12 a 17,hombre,lunes
7.0,1.0,1.0,7.0,localizada,indígena,12 a 17,mujer,lunes
1.0,0.0,0.0,1.0,localizada,indígena,12 a 17,hombre,martes
2.0,0.0,0.0,2.0,localizada,indígena,12 a 17,hombre,viernes
1.0,0.0,0.0,1.0,localizada,indígena,12 a 17,mujer,sábado
,,,,no localizada,indígena,12 a 17,mujer,sábado
3.0,0.0,0.0,3.0,localizada,indígena,12 a 17,mujer,domingo
,,,,no localizada,mestiza,12 a 17,mujer,lunes
13.0,1.0,1.0,13.0,localizada,mestiza,0 a 5,hombre,lunes
58.0,8.0,7.0,58.0,localizada,mestiza,0 a 5,mujer,lunes
1.0,0.0,0.0,1.0,localizada,mestiza,12 a 17,mujer,lunes
3.0,0.0,0.0,3.0,localizada,mestiza,12 a 17,mujer,martes
4.0,0.0,0.0,4.0,localizada,mestiza,12 a 17,mujer,jueves
10.0,1.0,1.0,10.0,localizada,indígena,12 a 17,mujer,viernes
5.0,0.0,0.0,5.0,localizada,mestiza,0 a 5,mujer,sábado
6.0,0.0,0.0,6.0,localizada,mestiza,0 a 5,hombre,sábado
1.0,0.0,0.0,1.0,localizada,mestiza,12 a 17,mujer,sábado
21.0,3.0,3.0,21.0,localizada,indígena,0 a 5,mujer,sábado
4.0,0.0,0.0,4.0,localizada,mestiza,12 a 17,mujer,lunes
60.0,8.0,7.0,60.0,localizada,mestiza,12 a 17,mujer,lunes
21.0,3.0,3.0,21.0,localizada,mestiza,12 a 17,mujer,martes
8.0,1.0,1.0,8.0,localizada,indígena,12 a 17,hombre,miércoles
8.0,1.0,1.0,8.0,localizada,mestiza,12 a 17,mujer,miércoles
6.0,0.0,0.0,6.0,localizada,indígena,6 a 11,hombre,jueves
,,,,no localizada,mestiza,6 a 11,mujer,jueves
4.0,0.0,0.0,4.0,localizada,mestiza,0 a 5,mujer,viernes
4.0,0.0,0.0,4.0,localizada,mestiza,0 a 5,hombre,viernes
1.0,0.0,0.0,1.0,localizada,mestiza,12 a 17,hombre,domingo
9.0,1.0,1.0,9.0,localizada,mestiza,12 a 17,mujer,lunes
16.0,2.0,2.0,16.0,localizada,indígena,12 a 17,hombre,miércoles
101.0,14.0,7.0,100.0,localizada,indígena,6 a 11,hombre,miércoles
5.0,0.0,0.0,5.0,localizada,indígena,12 a 17,mujer,miércoles
,,,,no localizada,mestiza,12 a 17,hombre,jueves
4.0,0.0,0.0,4.0,localizada,mestiza,0 a 5,mujer,jueves
,,,,no localizada,indígena,12 a 17,mujer,sábado
6.0,0.0,0.0,6.0,localizada,indígena,12 a 17,mujer,domingo
,,,,no localizada,mestiza,12 a 17,mujer,lunes
8.0,1.0,1.0,8.0,localizada,mestiza,12 a 17,hombre,martes
3.0,0.0,0.0,3.0,localizada,mestiza,12 a 17,hombre,jueves
13.0,1.0,1.0,13.0,localizada,mestiza,0 a 5,mujer,viernes
9.0,1.0,1.0,9.0,localizada,indígena,12 a 17,hombre,viernes
13.0,1.0,1.0,13.0,localizada,mestiza,12 a 17,mujer,viernes
2.0,0.0,0.0,2.0,localizada,mestiza,12 a 17,mujer,sábado
3.0,0.0,0.0,3.0,localizada,indígena,12 a 17,mujer,sábado
,,,,no localizada,indígena,12 a 17,mujer,sábado
4.0,0.0,0.0,4.0,localizada,indígena,12 a 17,mujer,domingo
4.0,0.0,0.0,4.0,localizada,indígena,12 a 17,mujer,domingo
2.0,0.0,0.0,2.0,localizada,indígena,12 a 17,hombre,lunes
9.0,1.0,1.0,9.0,localizada,indígena,12 a 17,mujer,lunes
9.0,1.0,1.0,9.0,localizada,indígena,12 a 17,mujer,martes
40.0,5.0,5.0,40.0,localizada,indígena,12 a 17,mujer,miércoles
6.0,0.0,0.0,6.0,localizada,mestiza,6 a 11,hombre,miércoles
5.0,0.0,0.0,5.0,localizada,mestiza,12 a 17,mujer,jueves
4.0,0.0,0.0,4.0,localizada,indígena,12 a 17,hombre,viernes
6.0,0.0,0.0,6.0,localizada,mestiza,12 a 17,mujer,domingo
,,,,no localizada,indígena,12 a 17,mujer,lunes
15.0,2.0,2.0,15.0,localizada,mestiza,12 a 17,mujer,lunes
1.0,0.0,0.0,1.0,localizada,mestiza,12 a 17,mujer,lunes
,,,,no localizada,indígena,12 a 17,hombre,martes
21.0,3.0,3.0,21.0,localizada,mestiza,12 a 17,mujer,miércoles
1.0,0.0,0.0,1.0,localizada,mestiza,12 a 17,hombre,jueves
25.0,3.0,3.0,25.0,localizada,mestiza,6 a 11,hombre,viernes
1.0,0.0,0.0,1.0,localizada,indígena,12 a 17,mujer,sábado
3.0,0.0,0.0,3.0,localizada,mestiza,12 a 17,hombre,lunes
8.0,1.0,1.0,8.0,localizada,mestiza,12 a 17,mujer,lunes
18.0,2.0,2.0,18.0,localizada,indígena,12 a 17,mujer,lunes
2.0,0.0,0.0,2.0,localizada,mestiza,12 a 17,mujer,lunes
124.0,17.0,7.0,100.0,localizada,indígena,0 a 5,hombre,lunes
66.0,9.0,7.0,66.0,localizada,mestiza,6 a 11,hombre,martes
6.0,0.0,0.0,6.0,localizada,mestiza,6 a 11,hombre,martes
8.0,1.0,1.0,8.0,localizada,indígena,12 a 17,mujer,miércoles
2.0,0.0,0.0,2.0,localizada,mestiza,12 a 17,mujer,jueves
1.0,0.0,0.0,1.0,localizada,indígena,0 a 5,mujer,viernes
,,,,no localizada,mestiza,12 a 17,mujer,viernes
,,,,no localizada,mestiza,12 a 17,mujer,sábado
5.0,0.0,0.0,5.0,localizada,mestiza,12 a 17,mujer,sábado
51.0,7.0,7.0,51.0,localizada,mestiza,0 a 5,hombre,sábado
,,,,no localizada,indígena,12 a 17,mujer,sábado
4.0,0.0,0.0,4.0,localizada,indígena,12 a 17,mujer,domingo
72.0,10.0,7.0,72.0,localizada,mestiza,12 a 17,mujer,domingo
9.0,1.0,1.0,9.0,localizada,indígena,12 a 17,hombre,domingo
4.0,0.0,0.0,4.0,localizada,indígena,12 a 17,hombre,domingo
,,,,no localizada,mestiza,6 a 11,mujer,lunes
4.0,0.0,0.0,4.0,localizada,indígena,12 a 17,mujer,martes
8.0,1.0,1.0,8.0,localizada,indígena,12 a 17,hombre,martes
1.0,0.0,0.0,1.0,localizada,mestiza,12 a 17,mujer,martes
1.0,0.0,0.0,1.0,localizada,mestiza,12 a 17,mujer,miércoles
6.0,0.0,0.0,6.0,localizada,mestiza,12 a 17,mujer,jueves
26.0,3.0,3.0,26.0,localizada,mestiza,12 a 17,mujer,jueves
5.0,0.0,0.0,5.0,localizada,mestiza,12 a 17,mujer,jueves
,,,,no localizada,mestiza,12 a 17,mujer,jueves
3.0,0.0,0.0,3.0,localizada,mestiza,12 a 17,mujer,viernes
,,,,localizada,mestiza,12 a 17,mujer,viernes
90.0,12.0,7.0,90.0,localizada,mestiza,12 a 17,mujer,viernes
,,,,no localizada,indígena,12 a 17,mujer,viernes
26.0,3.0,3.0,26.0,localizada,mestiza,12 a 17,mujer,sábado
4.0,0.0,0.0,4.0,localizada,indígena,0 a 5,hombre,domingo
3.0,0.0,0.0,3.0,localizada,mestiza,12 a 17,mujer,domingo
3.0,0.0,0.0,3.0,localizada,mestiza,12 a 17,mujer,domingo
,,,,no localizada,mestiza,12 a 17,hombre,martes
,,,,no localizada,mestiza,12 a 17,mujer,martes
4.0,0.0,0.0,4.0,localizada,indígena,12 a 17,hombre,martes
,,,,localizada,mestiza,12 a 17,mujer,martes
4.0,0.0,0.0,4.0,localizada,indígena,12 a 17,mujer,martes
53.0,7.0,7.0,53.0,localizada,mestiza,6 a 11,mujer,viernes
3.0,0.0,0.0,3.0,localizada,indígena,12 a 17,mujer,sábado
,,,,no localizada,mestiza,12 a 17,mujer,domingo
14.0,2.0,2.0,14.0,localizada,indígena,0 a 5,hombre,lunes
,,,,no localizada,mestiza,0 a 5,hombre,martes
1.0,0.0,0.0,1.0,localizada,mestiza,12 a 17,hombre,jueves
116.0,16.0,7.0,100.0,localizada,mestiza,0 a 5,hombre,jueves
2.0,0.0,0.0,2.0,localizada,mestiza,12 a 17,mujer,jueves
,,,,no localizada,mestiza,12 a 17,mujer,sábado
27.0,3.0,3.0,27.0,localizada,indígena,12 a 17,mujer,sábado
,,,,no localizada,indígena,12 a 17,mujer,lunes
5.0,0.0,0.0,5.0,localizada,mestiza,12 a 17,mujer,lunes
,,,,no localizada,indígena,12 a 17,mujer,jueves
8.0,1.0,1.0,8.0,localizada,mestiza,12 a 17,hombre,viernes
1.0,0.0,0.0,1.0,localizada,indígena,12 a 17,mujer,sábado
15.0,2.0,2.0,15.0,localizada,indígena,12 a 17,mujer,domingo
76.0,10.0,7.0,76.0,localizada,indígena,12 a 17,hombre,domingo
4.0,0.0,0.0,4.0,localizada,indígena,12 a 17,mujer,lunes
,,,,no localizada,indígena,12 a 17,mujer,lunes
2.0,0.0,0.0,2.0,localizada,mestiza,12 a 17,mujer,lunes
,,,,no localizada,indígena,12 a 17,mujer,lunes
1.0,0.0,0.0,1.0,localizada,indígena,12 a 17,mujer,martes
,,,,no localizada,indígena,12 a 17,mujer,martes
3.0,0.0,0.0,3.0,localizada,indígena,12 a 17,hombre,martes
,,,,no localizada,indígena,12 a 17,mujer,miércoles
19.0,2.0,2.0,19.0,localizada,mestiza,12 a 17,mujer,viernes
,,,,no localizada,mestiza,0 a 5,mujer,sábado
,,,,no localizada,mestiza,6 a 11,mujer,sábado
,,,,no localizada,indígena,6 a 11,hombre,sábado
,,,,no localizada,mestiza,6 a 11,mujer,sábado
63.0,9.0,7.0,63.0,localizada,indígena,6 a 11,hombre,domingo
2.0,0.0,0.0,2.0,localizada,indígena,12 a 17,mujer,domingo
,,,,no localizada,mestiza,12 a 17,mujer,domingo
,,,,no localizada,mestiza,12 a 17,mujer,domingo
8.0,1.0,1.0,8.0,localizada,mestiza,12 a 17,mujer,domingo
3.0,0.0,0.0,3.0,localizada,mestiza,12 a 17,mujer,domingo
5.0,0.0,0.0,5.0,localizada,mestiza,12 a 17,mujer,lunes
6.0,0.0,0.0,6.0,localizada,mestiza,12 a 17,mujer,martes
6.0,0.0,0.0,6.0,localizada,mestiza,0 a 5,mujer,martes
17.0,2.0,2.0,17.0,localizada,mestiza,0 a 5,mujer,miércoles
,,,,no localizada,mestiza,12 a 17,mujer,jueves
5.0,0.0,0.0,5.0,localizada,indígena,12 a 17,mujer,viernes
,,,,no localizada,mestiza,12 a 17,mujer,sábado
,,,,no localizada,mestiza,6 a 11,hombre,sábado
,,,,no localizada,mestiza,12 a 17,hombre,sábado
,,,,no localizada,indígena,12 a 17,mujer,lunes
7.0,1.0,1.0,7.0,localizada,mestiza,12 a 17,mujer,lunes
-0.0,-0.0,-0.0,-0.0,localizada,mestiza,12 a 17,mujer,martes
21.0,3.0,3.0,21.0,localizada,indígena,6 a 11,mujer,miércoles
,,,,no localizada,indígena,12 a 17,mujer,miércoles
21.0,3.0,3.0,21.0,localizada,indígena,6 a 11,mujer,miércoles
,,,,no localizada,mestiza,12 a 17,mujer,miércoles
68.0,9.0,7.0,68.0,localizada,indígena,6 a 11,mujer,miércoles
4.0,0.0,0.0,4.0,localizada,mestiza,0 a 5,mujer,sábado
15.0,2.0,2.0,15.0,localizada,indígena,12 a 17,mujer,lunes
16.0,2.0,2.0,16.0,localizada,indígena,0 a 5,hombre,martes
13.0,1.0,1.0,13.0,localizada,mestiza,12 a 17,mujer,miércoles
,,,,no localizada,indígena,12 a 17,mujer,jueves
,,,,no localizada,indígena,6 a 11,hombre,jueves
,,,,no localizada,indígena,12 a 17,mujer,viernes
6.0,0.0,0.0,6.0,localizada,mestiza,0 a 5,hombre,viernes
,,,,no localizada,mestiza,12 a 17,mujer,viernes
,,,,no localizada,mestiza,6 a 11,mujer,sábado
,,,,no localizada,mestiza,6 a 11,mujer,sábado
,,,,no localizada,mestiza,12 a 17,mujer,sábado
2.0,0.0,0.0,2.0,localizada,mestiza,12 a 17,mujer,domingo
4.0,0.0,0.0,4.0,localizada,mestiza,12 a 17,mujer,lunes
4.0,0.0,0.0,4.0,localizada,mestiza,12 a 17,mujer,martes
2.0,0.0,0.0,2.0,localizada,mestiza,12 a 17,mujer,viernes
74.0,10.0,7.0,74.0,localizada,mestiza,12 a 17,mujer,viernes
1.0,0.0,0.0,1.0,localizada,mestiza,12 a 17,mujer,lunes
6.0,0.0,0.0,6.0,localizada,mestiza,12 a 17,mujer,miércoles
1.0,0.0,0.0,1.0,localizada,mestiza,6 a 11,mujer,miércoles
16.0,2.0,2.0,16.0,localizada,mestiza,12 a 17,mujer,jueves
31.0,4.0,4.0,31.0,localizada,mestiza,12 a 17,mujer,viernes
,,,,no localizada,mestiza,12 a 17,hombre,domingo
6.0,0.0,0.0,6.0,localizada,mestiza,12 a 17,mujer,lunes
6.0,0.0,0.0,6.0,localizada,mestiza,12 a 17,mujer,lunes
1.0,0.0,0.0,1.0,localizada,mestiza,12 a 17,mujer,martes
1.0,0.0,0.0,1.0,localizada,mestiza,12 a 17,mujer,martes
7.0,1.0,1.0,7.0,localizada,mestiza,12 a 17,mujer,martes
1.0,0.0,0.0,1.0,localizada,mestiza,0 a 5,mujer,martes
1.0,0.0,0.0,1.0,localizada,indígena,0 a 5,hombre,martes
,,,,no localizada,mestiza,6 a 11,mujer,miércoles
,,,,no localizada,mestiza,12 a 17,mujer,miércoles
11.0,1.0,1.0,11.0,localizada,mestiza,12 a 17,mujer,miércoles
,,,,no localizada,mestiza,12 a 17,hombre,miércoles
,,,,no localizada,mestiza,0 a 5,hombre,miércoles
6.0,0.0,0.0,6.0,localizada,mestiza,0 a 5,mujer,jueves
6.0,0.0,0.0,6.0,localizada,mestiza,0 a 5,hombre,jueves
6.0,0.0,0.0,6.0,localizada,mestiza,0 a 5,mujer,jueves
2.0,0.0,0.0,2.0,localizada,indígena,12 a 17,mujer,viernes
,,,,no localizada,mestiza,12 a 17,mujer,sábado
8.0,1.0,1.0,8.0,localizada,mestiza,12 a 17,hombre,domingo
4.0,0.0,0.0,4.0,localizada,mestiza,12 a 17,mujer,domingo
,,,,no localizada,indígena,12 a 17,mujer,lunes
,,,,no localizada,indígena,12 a 17,mujer,lunes
11.0,1.0,1.0,11.0,localizada,mestiza,12 a 17,mujer,martes
25.0,3.0,3.0,25.0,localizada,mestiza,0 a 5,hombre,miércoles
,,,,no localizada,indígena,12 a 17,hombre,viernes
12.0,1.0,1.0,12.0,localizada,mestiza,12 a 17,mujer,viernes
1.0,0.0,0.0,1.0,localizada,indígena,12 a 17,mujer,sábado
5.0,0.0,0.0,5.0,localizada,indígena,12 a 17,mujer,domingo
4.0,0.0,0.0,4.0,localizada,mestiza,12 a 17,mujer,lunes
,,,,no localizada,indígena,12 a 17,hombre,martes
42.0,6.0,6.0,42.0,localizada,mestiza,0 a 5,mujer,domingo
4.0,0.0,0.0,4.0,localizada,mestiza,12 a 17,mujer,miércoles
5.0,0.0,0.0,5.0,localizada,mestiza,12 a 17,mujer,jueves
5.0,0.0,0.0,5.0,localizada,mestiza,12 a 17,hombre,viernes
3.0,0.0,0.0,3.0,localizada,indígena,12 a 17,mujer,viernes
,,,,no localizada,mestiza,12 a 17,mujer,sábado
6.0,0.0,0.0,6.0,localizada,mestiza,12 a 17,mujer,sábado
4.0,0.0,0.0,4.0,localizada,indígena,12 a 17,mujer,domingo
1.0,0.0,0.0,1.0,localizada,mestiza,12 a 17,mujer,domingo
1.0,0.0,0.0,1.0,localizada,indígena,12 a 17,mujer,lunes
,,,,no localizada,mestiza,12 a 17,mujer,lunes
1.0,0.0,0.0,1.0,localizada,indígena,12 a 17,mujer,lunes
2.0,0.0,0.0,2.0,localizada,indígena,12 a 17,hombre,martes
7.0,1.0,1.0,7.0,localizada,indígena,12 a 17,mujer,martes
12.0,1.0,1.0,12.0,localizada,indígena,12 a 17,mujer,miércoles
16.0,2.0,2.0,16.0,localizada,mestiza,12 a 17,mujer,miércoles
,,,,no localizada,mestiza,12 a 17,mujer,miércoles
5.0,0.0,0.0,5.0,localizada,indígena,12 a 17,mujer,jueves
-0.0,-0.0,-0.0,-0.0,localizada,mestiza,6 a 11,hombre,jueves
2.0,0.0,0.0,2.0,localizada,mestiza,12 a 17,mujer,viernes
3.0,0.0,0.0,3.0,localizada,indígena,12 a 17,mujer,sábado
3.0,0.0,0.0,3.0,localizada,indígena,12 a 17,mujer,sábado
10.0,1.0,1.0,10.0,localizada,mestiza,12 a 17,mujer,domingo
6.0,0.0,0.0,6.0,localizada,indígena,12 a 17,mujer,lunes
2.0,0.0,0.0,2.0,localizada,mestiza,12 a 17,mujer,lunes
,,,,no localizada,mestiza,12 a 17,mujer,martes
12.0,1.0,1.0,12.0,localizada,mestiza,12 a 17,hombre,miércoles
3.0,0.0,0.0,3.0,localizada,indígena,12 a 17,hombre,miércoles
2.0,0.0,0.0,2.0,localizada,mestiza,12 a 17,mujer,jueves
3.0,0.0,0.0,3.0,localizada,indígena,0 a 5,mujer,jueves
,,,,no localizada,indígena,12 a 17,mujer,viernes
1.0,0.0,0.0,1.0,localizada,indígena,12 a 17,hombre,sábado
2.0,0.0,0.0,2.0,localizada,mestiza,12 a 17,hombre,sábado
3.0,0.0,0.0,3.0,localizada,indígena,12 a 17,mujer,domingo
14.0,2.0,2.0,14.0,localizada,mestiza,12 a 17,hombre,miércoles
,,,,no localizada,mestiza,12 a 17,mujer,miércoles
455.0,65.0,7.0,100.0,localizada,mestiza,0 a 5,hombre,jueves
25.0,3.0,3.0,25.0,localizada,indígena,12 a 17,mujer,jueves
3.0,0.0,0.0,3.0,localizada,mestiza,12 a 17,hombre,jueves
2.0,0.0,0.0,2.0,localizada,indígena,12 a 17,mujer,jueves
2.0,0.0,0.0,2.0,localizada,indígena,12 a 17,mujer,viernes
12.0,1.0,1.0,12.0,localizada,indígena,6 a 11,hombre,viernes
20.0,2.0,2.0,20.0,localizada,mestiza,0 a 5,mujer,viernes
28.0,4.0,4.0,28.0,localizada,indígena,12 a 17,mujer,viernes
10.0,1.0,1.0,10.0,localizada,mestiza,12 a 17,mujer,sábado
,,,,no localizada,indígena,12 a 17,mujer,sábado
2.0,0.0,0.0,2.0,localizada,mestiza,12 a 17,hombre,domingo
1.0,0.0,0.0,1.0,localizada,mestiza,12 a 17,mujer,domingo
8.0,1.0,1.0,8.0,localizada,mestiza,6 a 11,mujer,lunes
,,,,no localizada,mestiza,12 a 17,hombre,miércoles
,,,,no localizada,mestiza,6 a 11,mujer,jueves
2.0,0.0,0.0,2.0,localizada,mestiza,12 a 17,mujer,viernes
24.0,3.0,3.0,24.0,localizada,indígena,12 a 17,mujer,sábado
114.0,16.0,7.0,100.0,localizada,mestiza,12 a 17,hombre,domingo
4.0,0.0,0.0,4.0,localizada,mestiza,12 a 17,mujer,lunes
3.0,0.0,0.0,3.0,localizada,mestiza,12 a 17,mujer,martes
,,,,no localizada,indígena,12 a 17,hombre,martes
3.0,0.0,0.0,3.0,localizada,mestiza,12 a 17,mujer,miércoles
3.0,0.0,0.0,3.0,localizada,mestiza,12 a 17,hombre,jueves
7.0,1.0,1.0,7.0,localizada,mestiza,12 a 17,mujer,jueves
7.0,1.0,1.0,7.0,localizada,indígena,6 a 11,mujer,jueves
,,,,no localizada,mestiza,12 a 17,mujer,viernes
2.0,0.0,0.0,2.0,localizada,mestiza,12 a 17,mujer,domingo
10.0,1.0,1.0,10.0,localizada,mestiza,12 a 17,mujer,lunes
,,,,no localizada,mestiza,12 a 17,mujer,martes
,,,,no localizada,indígena,12 a 17,mujer,jueves
8.0,1.0,1.0,8.0,localizada,indígena,12 a 17,mujer,viernes
7.0,1.0,1.0,7.0,localizada,indígena,12 a 17,hombre,viernes
,,,,no localizada,indígena,12 a 17,hombre,viernes
6.0,0.0,0.0,6.0,localizada,mestiza,12 a 17,mujer,lunes
3.0,0.0,0.0,3.0,localizada,mestiza,12 a 17,mujer,martes
,,,,no localizada,mestiza,0 a 5,mujer,martes
,,,,no localizada,mestiza,6 a 11,mujer,martes
,,,,no localizada,mestiza,0 a 5,mujer,martes
,,,,no localizada,mestiza,6 a 11,hombre,domingo
,,,,no localizada,mestiza,0 a 5,mujer,domingo
2.0,0.0,0.0,2.0,localizada,indígena,12 a 17,mujer,domingo
6.0,0.0,0.0,6.0,localizada,mestiza,12 a 17,mujer,domingo
7.0,1.0,1.0,7.0,localizada,indígena,0 a 5,mujer,lunes
39.0,5.0,5.0,39.0,localizada,indígena,12 a 17,hombre,lunes
18.0,2.0,2.0,18.0,localizada,indígena,0 a 5,hombre,lunes
2.0,0.0,0.0,2.0,localizada,mestiza,12 a 17,hombre,martes
13.0,1.0,1.0,13.0,localizada,mestiza,12 a 17,mujer,martes
9.0,1.0,1.0,9.0,localizada,mestiza,12 a 17,mujer,miércoles
3.0,0.0,0.0,3.0,localizada,indígena,12 a 17,mujer,miércoles
6.0,0.0,0.0,6.0,localizada,mestiza,12 a 17,mujer,jueves
3.0,0.0,0.0,3.0,localizada,mestiza,12 a 17,hombre,jueves
,,,,no localizada,mestiza,0 a 5,hombre,viernes
15.0,2.0,2.0,15.0,localizada,mestiza,12 a 17,mujer,viernes
3.0,0.0,0.0,3.0,localizada,mestiza,0 a 5,hombre,sábado
4.0,0.0,0.0,4.0,localizada,mestiza,12 a 17,mujer,sábado
12.0,1.0,1.0,12.0,localizada,mestiza,6 a 11,mujer,domingo
163.0,23.0,7.0,100.0,localizada,mestiza,6 a 11,mujer,domingo
3.0,0.0,0.0,3.0,localizada,mestiza,12 a 17,mujer,domingo
12.0,1.0,1.0,12.0,localizada,mestiza,0 a 5,hombre,domingo
2.0,0.0,0.0,2.0,localizada,mestiza,12 a 17,mujer,domingo
1.0,0.0,0.0,1.0,localizada,indígena,12 a 17,mujer,domingo
4.0,0.0,0.0,4.0,localizada,indígena,12 a 17,hombre,lunes
439.0,62.0,7.0,100.0,localizada,mestiza,0 a 5,hombre,lunes
261.0,37.0,7.0,100.0,localizada,mestiza,12 a 17,mujer,martes
169.0,24.0,7.0,100.0,localizada,mestiza,0 a 5,mujer,martes
25.0,3.0,3.0,25.0,localizada,mestiza,0 a 5,hombre,martes
25.0,3.0,3.0,25.0,localizada,indígena,12 a 17,mujer,martes
25.0,3.0,3.0,25.0,localizada,indígena,6 a 11,mujer,martes
9.0,1.0,1.0,9.0,localizada,mestiza,12 a 17,mujer,martes
,,,,no localizada,indígena,12 a 17,hombre,martes
5.0,0.0,0.0,5.0,localizada,mestiza,12 a 17,mujer,martes
3.0,0.0,0.0,3.0,localizada,indígena,6 a 11,hombre,jueves
,,,,no localizada,indígena,12 a 17,hombre,viernes
,,,,no localizada,mestiza,12 a 17,hombre,viernes
3.0,0.0,0.0,3.0,localizada,mestiza,12 a 17,hombre,viernes
,,,,no localizada,mestiza,12 a 17,hombre,domingo
4.0,0.0,0.0,4.0,localizada,mestiza,12 a 17,mujer,domingo
20.0,2.0,2.0,20.0,localizada,mestiza,12 a 17,mujer,domingo
16.0,2.0,2.0,16.0,localizada,mestiza,12 a 17,mujer,lunes
,,,,no localizada,mestiza,12 a 17,mujer,martes
84.0,12.0,7.0,84.0,localizada,indígena,12 a 17,mujer,martes
1.0,0.0,0.0,1.0,localizada,indígena,12 a 17,mujer,sábado
,,,,no localizada,mestiza,0 a 5,hombre,martes
23.0,3.0,3.0,23.0,localizada,mestiza,12 a 17,mujer,martes
106.0,15.0,7.0,100.0,localizada,mestiza,12 a 17,mujer,sábado
89.0,12.0,7.0,89.0,localizada,mestiza,0 a 5,hombre,sábado
,,,,no localizada,mestiza,12 a 17,mujer,domingo
5.0,0.0,0.0,5.0,localizada,mestiza,12 a 17,mujer,domingo
3.0,0.0,0.0,3.0,localizada,mestiza,6 a 11,mujer,lunes
4.0,0.0,0.0,4.0,localizada,indígena,12 a 17,mujer,lunes
6.0,0.0,0.0,6.0,localizada,mestiza,12 a 17,hombre,martes
69.0,9.0,7.0,69.0,localizada,mestiza,12 a 17,hombre,martes
6.0,0.0,0.0,6.0,localizada,mestiza,12 a 17,mujer,martes
9.0,1.0,1.0,9.0,localizada,mestiza,12 a 17,mujer,miércoles
9.0,1.0,1.0,9.0,localizada,indígena,12 a 17,hombre,miércoles
87.0,12.0,7.0,87.0,localizada,indígena,0 a 5,hombre,jueves
5.0,0.0,0.0,5.0,localizada,indígena,12 a 17,mujer,jueves
1.0,0.0,0.0,1.0,localizada,indígena,12 a 17,hombre,viernes
24.0,3.0,3.0,24.0,localizada,indígena,12 a 17,mujer,viernes
6.0,0.0,0.0,6.0,localizada,mestiza,0 a 5,mujer,viernes
35.0,5.0,5.0,35.0,localizada,mestiza,12 a 17,mujer,sábado
6.0,0.0,0.0,6.0,localizada,mestiza,12 a 17,mujer,lunes
11.0,1.0,1.0,11.0,localizada,mestiza,12 a 17,mujer,martes
85.0,12.0,7.0,85.0,localizada,indígena,12 a 17,hombre,martes
3.0,0.0,0.0,3.0,localizada,mestiza,12 a 17,mujer,martes
727.0,103.0,7.0,100.0,localizada,mestiza,12 a 17,mujer,miércoles
4.0,0.0,0.0,4.0,localizada,mestiza,12 a 17,mujer,jueves
6.0,0.0,0.0,6.0,localizada,indígena,12 a 17,mujer,jueves
7.0,1.0,1.0,7.0,localizada,mestiza,12 a 17,mujer,viernes
,,,,no localizada,indígena,12 a 17,mujer,viernes
5.0,0.0,0.0,5.0,localizada,indígena,12 a 17,hombre,sábado
74.0,10.0,7.0,74.0,localizada,indígena,12 a 17,hombre,domingo
4.0,0.0,0.0,4.0,localizada,indígena,12 a 17,mujer,lunes
,,,,no localizada,mestiza,12 a 17,mujer,martes
14.0,2.0,2.0,14.0,localizada,mestiza,12 a 17,mujer,martes
14.0,2.0,2.0,14.0,localizada,mestiza,12 a 17,mujer,martes
7.0,1.0,1.0,7.0,localizada,indígena,12 a 17,mujer,martes
,,,,no localizada,indígena,12 a 17,mujer,miércoles
6.0,0.0,0.0,6.0,localizada,indígena,12 a 17,hombre,miércoles
6.0,0.0,0.0,6.0,localizada,indígena,12 a 17,mujer,jueves
12.0,1.0,1.0,12.0,localizada,mestiza,12 a 17,mujer,jueves
466.0,66.0,7.0,100.0,localizada,mestiza,12 a 17,mujer,viernes
6.0,0.0,0.0,6.0,localizada,mestiza,12 a 17,mujer,viernes
7.0,1.0,1.0,7.0,localizada,indígena,12 a 17,mujer,sábado
4.0,0.0,0.0,4.0,localizada sin vida,indígena,0 a 5,hombre,sábado
67.0,9.0,7.0,67.0,localizada,mestiza,12 a 17,mujer,domingo
,,,,no localizada,mestiza,12 a 17,mujer,lunes
,,,,no localizada,mestiza,6 a 11,hombre,lunes
2.0,0.0,0.0,2.0,localizada,indígena,12 a 17,mujer,lunes
,,,,no localizada,mestiza,12 a 17,mujer,lunes
11.0,1.0,1.0,11.0,localizada,indígena,12 a 17,hombre,martes
12.0,1.0,1.0,12.0,localizada,mestiza,12 a 17,mujer,martes
4.0,0.0,0.0,4.0,localizada,mestiza,12 a 17,mujer,miércoles
46.0,6.0,6.0,46.0,localizada,mestiza,12 a 17,mujer,miércoles
,,,,no localizada,mestiza,12 a 17,mujer,miércoles
8.0,1.0,1.0,8.0,localizada,indígena,12 a 17,mujer,miércoles
,,,,no localizada,mestiza,0 a 5,hombre,viernes
6.0,0.0,0.0,6.0,localizada,mestiza,12 a 17,hombre,sábado
,,,,no localizada,mestiza,12 a 17,mujer,sábado
49.0,7.0,7.0,49.0,localizada,mestiza,12 a 17,mujer,sábado
,,,,no localizada,indígena,12 a 17,mujer,martes
7.0,1.0,1.0,7.0,localizada,indígena,12 a 17,mujer,miércoles
7.0,1.0,1.0,7.0,localizada,mestiza,0 a 5,hombre,miércoles
1.0,0.0,0.0,1.0,localizada,mestiza,6 a 11,mujer,jueves
1.0,0.0,0.0,1.0,localizada,indígena,0 a 5,mujer,jueves
23.0,3.0,3.0,23.0,localizada,mestiza,12 a 17,hombre,jueves
3.0,0.0,0.0,3.0,localizada,indígena,12 a 17,mujer,viernes
2.0,0.0,0.0,2.0,localizada,indígena,0 a 5,hombre,viernes
5.0,0.0,0.0,5.0,localizada,mestiza,12 a 17,mujer,viernes
33.0,4.0,4.0,33.0,localizada,mestiza,12 a 17,mujer,sábado
3.0,0.0,0.0,3.0,localizada,indígena,12 a 17,mujer,lunes
,,,,no localizada,mestiza,0 a 5,mujer,martes
694.0,99.0,7.0,100.0,localizada,indígena,12 a 17,mujer,martes
2.0,0.0,0.0,2.0,localizada,indígena,12 a 17,mujer,jueves
,,,,no localizada,indígena,12 a 17,mujer,viernes
17.0,2.0,2.0,17.0,localizada,mestiza,12 a 17,mujer,viernes
18.0,2.0,2.0,18.0,localizada,mestiza,12 a 17,mujer,sábado
,,,,no localizada,mestiza,12 a 17,mujer,sábado
7.0,1.0,1.0,7.0,localizada,mestiza,12 a 17,hombre,domingo
20.0,2.0,2.0,20.0,localizada,mestiza,12 a 17,mujer,domingo
4.0,0.0,0.0,4.0,localizada,indígena,12 a 17,mujer,domingo
4.0,0.0,0.0,4.0,localizada,mestiza,12 a 17,mujer,lunes
2.0,0.0,0.0,2.0,localizada,mestiza,12 a 17,mujer,lunes
10.0,1.0,1.0,10.0,localizada,mestiza,12 a 17,mujer,lunes
109.0,15.0,7.0,100.0,localizada,mestiza,12 a 17,mujer,martes
,,,,no localizada,mestiza,0 a 5,hombre,miércoles
,,,,no localizada,mestiza,6 a 11,mujer,miércoles
1.0,0.0,0.0,1.0,localizada,mestiza,12 a 17,mujer,miércoles
,,,,no localizada,mestiza,0 a 5,hombre,miércoles
,,,,no localizada,mestiza,12 a 17,mujer,miércoles
2.0,0.0,0.0,2.0,localizada,mestiza,12 a 17,mujer,miércoles
5.0,0.0,0.0,5.0,localizada,indígena,12 a 17,hombre,sábado
3.0,0.0,0.0,3.0,localizada,indígena,12 a 17,mujer,domingo
24.0,3.0,3.0,24.0,localizada,indígena,12 a 17,mujer,domingo
23.0,3.0,3.0,23.0,localizada,indígena,12 a 17,hombre,miércoles
,,,,no localizada,mestiza,12 a 17,mujer,miércoles
,,,,no localizada,mestiza,12 a 17,mujer,miércoles
5.0,0.0,0.0,5.0,localizada,mestiza,0 a 5,hombre,viernes
2.0,0.0,0.0,2.0,localizada,indígena,12 a 17,mujer,viernes
5.0,0.0,0.0,5.0,localizada,mestiza,6 a 11,mujer,viernes
,,,,no localizada,indígena,12 a 17,hombre,sábado
25.0,3.0,3.0,25.0,localizada,indígena,12 a 17,mujer,sábado
1.0,0.0,0.0,1.0,localizada,mestiza,12 a 17,mujer,domingo
1.0,0.0,0.0,1.0,localizada,mestiza,12 a 17,mujer,lunes
16.0,2.0,2.0,16.0,localizada,mestiza,12 a 17,mujer,martes
33.0,4.0,4.0,33.0,localizada,mestiza,12 a 17,mujer,miércoles
45.0,6.0,6.0,45.0,localizada,mestiza,6 a 11,hombre,miércoles
45.0,6.0,6.0,45.0,localizada,mestiza,6 a 11,hombre,miércoles
48.0,6.0,6.0,48.0,localizada,mestiza,0 a 5,mujer,jueves
106.0,15.0,7.0,100.0,localizada,mestiza,0 a 5,hombre,jueves
20.0,2.0,2.0,20.0,localizada,indígena,6 a 11,hombre,jueves
5.0,0.0,0.0,5.0,localizada,mestiza,12 a 17,mujer,jueves
5.0,0.0,0.0,5.0,localizada,indígena,12 a 17,mujer,viernes
30.0,4.0,4.0,30.0,localizada,mestiza,12 a 17,mujer,viernes
2.0,0.0,0.0,2.0,localizada,indígena,12 a 17,hombre,viernes
4.0,0.0,0.0,4.0,localizada,mestiza,12 a 17,hombre,viernes
11.0,1.0,1.0,11.0,localizada,mestiza,12 a 17,mujer,viernes
4.0,0.0,0.0,4.0,localizada,mestiza,12 a 17,mujer,domingo
2.0,0.0,0.0,2.0,localizada,mestiza,12 a 17,mujer,domingo
9.0,1.0,1.0,9.0,localizada,mestiza,12 a 17,hombre,domingo
7.0,1.0,1.0,7.0,localizada,indígena,12 a 17,mujer,lunes
8.0,1.0,1.0,8.0,localizada,indígena,12 a 17,mujer,lunes
2.0,0.0,0.0,2.0,localizada,indígena,12 a 17,mujer,jueves
3.0,0.0,0.0,3.0,localizada,mestiza,12 a 17,hombre,viernes
11.0,1.0,1.0,11.0,localizada,indígena,12 a 17,mujer,viernes
2.0,0.0,0.0,2.0,localizada,mestiza,0 a 5,hombre,viernes
2.0,0.0,0.0,2.0,localizada,mestiza,12 a 17,mujer,sábado
5.0,0.0,0.0,5.0,localizada,mestiza,0 a 5,mujer,sábado
5.0,0.0,0.0,5.0,localizada,mestiza,0 a 5,hombre,sábado
99.0,14.0,7.0,99.0,localizada,mestiza,0 a 5,hombre,domingo
,,,,no localizada,indígena,0 a 5,mujer,lunes
200.0,28.0,7.0,100.0,localizada,mestiza,0 a 5,mujer,lunes
3.0,0.0,0.0,3.0,localizada,mestiza,12 a 17,hombre,martes
4.0,0.0,0.0,4.0,localizada,indígena,12 a 17,hombre,martes
36.0,5.0,5.0,36.0,localizada,mestiza,0 a 5,mujer,martes
7.0,1.0,1.0,7.0,localizada,mestiza,0 a 5,mujer,martes
7.0,1.0,1.0,7.0,localizada,indígena,12 a 17,mujer,martes
49.0,7.0,7.0,49.0,localizada,mestiza,12 a 17,mujer,martes
6.0,0.0,0.0,6.0,localizada,mestiza,12 a 17,mujer,jueves
6.0,0.0,0.0,6.0,localizada,mestiza,12 a 17,mujer,jueves
6.0,0.0,0.0,6.0,localizada,mestiza,12 a 17,mujer,viernes
11.0,1.0,1.0,11.0,localizada,indígena,12 a 17,mujer,viernes
3.0,0.0,0.0,3.0,localizada,indígena,12 a 17,mujer,sábado
,,,,no localizada,mestiza,12 a 17,mujer,sábado
,,,,no localizada,mestiza,12 a 17,mujer,sábado
4.0,0.0,0.0,4.0,localizada,mestiza,12 a 17,mujer,sábado
,,,,no localizada,mestiza,12 a 17,mujer,domingo
,,,,no localizada,indígena,12 a 17,mujer,domingo
3.0,0.0,0.0,3.0,localizada,mestiza,12 a 17,mujer,domingo
,,,,no localizada,indígena,0 a 5,hombre,lunes
5.0,0.0,0.0,5.0,localizada sin vida,mestiza,12 a 17,hombre,miércoles
47.0,6.0,6.0,47.0,localizada,mestiza,0 a 5,mujer,jueves
41.0,5.0,5.0,41.0,localizada,mestiza,12 a 17,mujer,jueves
10.0,1.0,1.0,10.0,localizada,mestiza,12 a 17,mujer,viernes
5.0,0.0,0.0,5.0,localizada,mestiza,12 a 17,mujer,viernes
4.0,0.0,0.0,4.0,localizada,indígena,12 a 17,mujer,viernes
4.0,0.0,0.0,4.0,localizada,mestiza,12 a 17,mujer,domingo
2.0,0.0,0.0,2.0,localizada,mestiza,12 a 17,mujer,domingo
123.0,17.0,7.0,100.0,localizada,mestiza,6 a 11,mujer,lunes
277.0,39.0,7.0,100.0,localizada,mestiza,12 a 17,mujer,lunes
3.0,0.0,0.0,3.0,localizada,mestiza,12 a 17,mujer,lunes
6.0,0.0,0.0,6.0,localizada,mestiza,12 a 17,mujer,lunes
36.0,5.0,5.0,36.0,localizada,mestiza,12 a 17,mujer,martes
28.0,4.0,4.0,28.0,localizada,mestiza,6 a 11,mujer,martes
,,,,no localizada,mestiza,12 a 17,mujer,jueves
7.0,1.0,1.0,7.0,localizada,mestiza,12 a 17,mujer,viernes
,,,,no localizada,mestiza,0 a 5,mujer,viernes
,,,,no localizada,mestiza,12 a 17,hombre,sábado
28.0,4.0,4.0,28.0,localizada,mestiza,12 a 17,mujer,domingo
96.0,13.0,7.0,96.0,localizada,mestiza,12 a 17,mujer,domingo
3.0,0.0,0.0,3.0,localizada,indígena,12 a 17,mujer,domingo
5.0,0.0,0.0,5.0,localizada,mestiza,12 a 17,mujer,martes
3.0,0.0,0.0,3.0,localizada,indígena,12 a 17,mujer,miércoles
7.0,1.0,1.0,7.0,localizada,mestiza,12 a 17,mujer,miércoles
116.0,16.0,7.0,100.0,localizada,mestiza,0 a 5,hombre,jueves
4.0,0.0,0.0,4.0,localizada,mestiza,12 a 17,mujer,jueves
4.0,0.0,0.0,4.0,localizada,mestiza,12 a 17,mujer,jueves
,,,,no localizada,mestiza,12 a 17,hombre,viernes
,,,,no localizada,mestiza,12 a 17,mujer,sábado
4.0,0.0,0.0,4.0,localizada,indígena,12 a 17,mujer,domingo
16.0,2.0,2.0,16.0,localizada,indígena,12 a 17,mujer,martes
13.0,1.0,1.0,13.0,localizada,indígena,6 a 11,mujer,martes
21.0,3.0,3.0,21.0,localizada,mestiza,0 a 5,mujer,martes
2.0,0.0,0.0,2.0,localizada,indígena,0 a 5,mujer,miércoles
2.0,0.0,0.0,2.0,localizada,mestiza,0 a 5,hombre,jueves
5.0,0.0,0.0,5.0,localizada,mestiza,12 a 17,mujer,viernes
24.0,3.0,3.0,24.0,localizada,indígena,12 a 17,mujer,domingo
89.0,12.0,7.0,89.0,localizada,indígena,12 a 17,mujer,lunes
10.0,1.0,1.0,10.0,localizada,mestiza,12 a 17,mujer,lunes
1.0,0.0,0.0,1.0,localizada,mestiza,12 a 17,mujer,martes
147.0,21.0,7.0,100.0,localizada,mestiza,0 a 5,hombre,martes
59.0,8.0,7.0,59.0,localizada,indígena,12 a 17,mujer,miércoles
1.0,0.0,0.0,1.0,localizada,mestiza,12 a 17,mujer,miércoles
4.0,0.0,0.0,4.0,localizada,mestiza,12 a 17,mujer,jueves
,,,,no localizada,indígena,12 a 17,hombre,viernes
6.0,0.0,0.0,6.0,localizada,indígena,12 a 17,mujer,viernes
7.0,1.0,1.0,7.0,localizada,mestiza,12 a 17,mujer,martes
4.0,0.0,0.0,4.0,localizada,mestiza,12 a 17,mujer,martes
38.0,5.0,5.0,38.0,localizada,mestiza,12 a 17,mujer,miércoles
9.0,1.0,1.0,9.0,localizada,mestiza,12 a 17,mujer,miércoles
1.0,0.0,0.0,1.0,localizada,mestiza,12 a 17,mujer,miércoles
117.0,16.0,7.0,100.0,localizada,indígena,0 a 5,mujer,miércoles
43.0,6.0,6.0,43.0,localizada,mestiza,12 a 17,mujer,jueves
43.0,6.0,6.0,43.0,localizada,mestiza,0 a 5,mujer,jueves
,,,,no localizada,mestiza,12 a 17,mujer,viernes
260.0,37.0,7.0,100.0,localizada,indígena,12 a 17,mujer,domingo
10.0,1.0,1.0,10.0,localizada,mestiza,12 a 17,mujer,lunes
,,,,no localizada,mestiza,12 a 17,mujer,miércoles
29.0,4.0,4.0,29.0,localizada,mestiza,12 a 17,mujer,viernes
2.0,0.0,0.0,2.0,localizada,mestiza,12 a 17,hombre,viernes
10.0,1.0,1.0,10.0,localizada,mestiza,12 a 17,mujer,viernes
85.0,12.0,7.0,85.0,localizada,indígena,0 a 5,mujer,viernes
85.0,12.0,7.0,85.0,localizada,indígena,6 a 11,mujer,viernes
2.0,0.0,0.0,2.0,localizada,mestiza,12 a 17,mujer,viernes
,,,,no localizada,indígena,12 a 17,mujer,sábado
,,,,no localizada,indígena,0 a 5,hombre,sábado
11.0,1.0,1.0,11.0,localizada,indígena,12 a 17,mujer,sábado
5.0,0.0,0.0,5.0,localizada,mestiza,12 a 17,mujer,sábado
6.0,0.0,0.0,6.0,localizada,indígena,0 a 5,hombre,domingo
28.0,4.0,4.0,28.0,localizada,mestiza,12 a 17,mujer,domingo
,,,,no localizada,indígena,12 a 17,mujer,domingo
,,,,no localizada,mestiza,12 a 17,mujer,domingo
3.0,0.0,0.0,3.0,localizada,mestiza,12 a 17,mujer,domingo
24.0,3.0,3.0,24.0,localizada,indígena,12 a 17,mujer,domingo
2.0,0.0,0.0,2.0,localizada,mestiza,12 a 17,hombre,lunes
5.0,0.0,0.0,5.0,localizada,mestiza,12 a 17,hombre,martes
5.0,0.0,0.0,5.0,localizada,mestiza,12 a 17,mujer,martes
10.0,1.0,1.0,10.0,localizada,mestiza,0 a 5,mujer,miércoles
1.0,0.0,0.0,1.0,localizada,indígena,12 a 17,mujer,miércoles
10.0,1.0,1.0,10.0,localizada,indígena,0 a 5,hombre,miércoles
10.0,1.0,1.0,10.0,localizada,indígena,6 a 11,hombre,miércoles
10.0,1.0,1.0,10.0,localizada,indígena,6 a 11,mujer,miércoles
7.0,1.0,1.0,7.0,localizada,indígena,12 a 17,hombre,miércoles
5.0,0.0,0.0,5.0,localizada,mestiza,12 a 17,mujer,miércoles
5.0,0.0,0.0,5.0,localizada,indígena,0 a 5,hombre,viernes
5.0,0.0,0.0,5.0,localizada,indígena,6 a 11,hombre,viernes
,,,,no localizada,indígena,12 a 17,hombre,sábado
32.0,4.0,4.0,32.0,localizada,mestiza,12 a 17,hombre,sábado
3.0,0.0,0.0,3.0,localizada,indígena,12 a 17,mujer,domingo
9.0,1.0,1.0,9.0,localizada,indígena,12 a 17,mujer,lunes
96.0,13.0,7.0,96.0,localizada,mestiza,6 a 11,mujer,martes
96.0,13.0,7.0,96.0,localizada,indígena,12 a 17,mujer,martes
2.0,0.0,0.0,2.0,localizada,indígena,12 a 17,mujer,jueves
2.0,0.0,0.0,2.0,localizada,mestiza,12 a 17,mujer,viernes
7.0,1.0,1.0,7.0,localizada,mestiza,12 a 17,hombre,viernes
2.0,0.0,0.0,2.0,localizada,mestiza,12 a 17,mujer,viernes
8.0,1.0,1.0,8.0,localizada,mestiza,12 a 17,mujer,viernes
108.0,15.0,7.0,100.0,localizada,mestiza,12 a 17,mujer,sábado
32.0,4.0,4.0,32.0,localizada,mestiza,12 a 17,hombre,sábado
44.0,6.0,6.0,44.0,localizada,mestiza,12 a 17,hombre,sábado
1.0,0.0,0.0,1.0,localizada,mestiza,12 a 17,mujer,sábado
,,,,no localizada,indígena,0 a 5,hombre,sábado
2.0,0.0,0.0,2.0,localizada,mestiza,12 a 17,mujer,domingo
6.0,0.0,0.0,6.0,localizada,mestiza,12 a 17,mujer,domingo
15.0,2.0,2.0,15.0,localizada,mestiza,12 a 17,hombre,domingo
2.0,0.0,0.0,2.0,localizada,mestiza,12 a 17,mujer,lunes
3.0,0.0,0.0,3.0,localizada,mestiza,0 a 5,mujer,lunes
1.0,0.0,0.0,1.0,localizada,mestiza,12 a 17,mujer,lunes
1.0,0.0,0.0,1.0,localizada,mestiza,12 a 17,mujer,lunes
6.0,0.0,0.0,6.0,localizada,indígena,6 a 11,mujer,lunes
,,,,no localizada,mestiza,0 a 5,hombre,lunes
11.0,1.0,1.0,11.0,localizada,indígena,12 a 17,mujer,martes
,,,,no localizada,indígena,12 a 17,hombre,viernes
43.0,6.0,6.0,43.0,localizada,indígena,0 a 5,hombre,sábado
47.0,6.0,6.0,47.0,localizada,indígena,0 a 5,hombre,sábado
43.0,6.0,6.0,43.0,localizada,mestiza,0 a 5,mujer,sábado
,,,,no localizada,indígena,12 a 17,mujer,lunes
13.0,1.0,1.0,13.0,localizada,indígena,12 a 17,hombre,jueves
13.0,1.0,1.0,13.0,localizada,mestiza,12 a 17,hombre,jueves
56.0,8.0,7.0,56.0,localizada,mestiza,12 a 17,mujer,viernes
2.0,0.0,0.0,2.0,localizada,indígena,12 a 17,mujer,viernes
1.0,0.0,0.0,1.0,localizada,mestiza,12 a 17,mujer,viernes
16.0,2.0,2.0,16.0,localizada,mestiza,12 a 17,mujer,viernes
19.0,2.0,2.0,19.0,localizada,indígena,12 a 17,mujer,viernes
2.0,0.0,0.0,2.0,localizada,mestiza,12 a 17,mujer,viernes
171.0,24.0,7.0,100.0,localizada,indígena,12 a 17,hombre,sábado
161.0,23.0,7.0,100.0,localizada,mestiza,12 a 17,mujer,domingo
15.0,2.0,2.0,15.0,localizada,indígena,12 a 17,mujer,domingo
9.0,1.0,1.0,9.0,localizada,mestiza,0 a 5,hombre,lunes
,,,,no localizada,mestiza,12 a 17,mujer,martes
3.0,0.0,0.0,3.0,localizada,mestiza,12 a 17,mujer,martes
2.0,0.0,0.0,2.0,localizada,mestiza,12 a 17,mujer,miércoles
29.0,4.0,4.0,29.0,localizada,mestiza,12 a 17,mujer,miércoles
,,,,no localizada,mestiza,0 a 5,hombre,jueves
,,,,no localizada,indígena,6 a 11,hombre,jueves
,,,,no localizada,mestiza,0 a 5,mujer,sábado
2.0,0.0,0.0,2.0,localizada,indígena,12 a 17,mujer,sábado
,,,,no localizada,indígena,12 a 17,mujer,sábado
89.0,12.0,7.0,89.0,localizada,indígena,6 a 11,mujer,sábado
3.0,0.0,0.0,3.0,localizada,mestiza,12 a 17,mujer,domingo
3.0,0.0,0.0,3.0,localizada,mestiza,12 a 17,mujer,lunes
3.0,0.0,0.0,3.0,localizada,indígena,12 a 17,hombre,lunes
3.0,0.0,0.0,3.0,localizada,indígena,12 a 17,mujer,jueves
4.0,0.0,0.0,4.0,localizada,mestiza,12 a 17,mujer,jueves
28.0,4.0,4.0,28.0,localizada,mestiza,6 a 11,mujer,viernes
3.0,0.0,0.0,3.0,localizada,mestiza,6 a 11,mujer,viernes
,,,,no localizada,indígena,12 a 17,hombre,viernes
5.0,0.0,0.0,5.0,localizada,mestiza,0 a 5,hombre,sábado
5.0,0.0,0.0,5.0,localizada,indígena,0 a 5,hombre,sábado
1.0,0.0,0.0,1.0,localizada,mestiza,12 a 17,mujer,domingo
,,,,no localizada,indígena,12 a 17,hombre,lunes
35.0,5.0,5.0,35.0,localizada,mestiza,6 a 11,mujer,lunes
,,,,no localizada,mestiza,12 a 17,mujer,martes
336.0,48.0,7.0,100.0,localizada,indígena,6 a 11,mujer,martes
5.0,0.0,0.0,5.0,localizada,mestiza,12 a 17,mujer,miércoles
313.0,44.0,7.0,100.0,localizada,indígena,0 a 5,mujer,jueves
5.0,0.0,0.0,5.0,localizada,mestiza,12 a 17,mujer,sábado
16.0,2.0,2.0,16.0,localizada,mestiza,12 a 17,hombre,domingo
,,,,no localizada,mestiza,0 a 5,mujer,lunes
2.0,0.0,0.0,2.0,localizada,indígena,12 a 17,mujer,martes
,,,,no localizada,indígena,0 a 5,mujer,martes
,,,,no localizada,mestiza,12 a 17,mujer,martes
,,,,no localizada,mestiza,6 a 11,mujer,jueves
,,,,no localizada,mestiza,6 a 11,mujer,jueves
,,,,no localizada,mestiza,6 a 11,mujer,jueves
2.0,0.0,0.0,2.0,localizada,indígena,12 a 17,mujer,viernes
62.0,8.0,7.0,62.0,localizada,mestiza,12 a 17,mujer,viernes
1.0,0.0,0.0,1.0,localizada,mestiza,12 a 17,hombre,sábado
,,,,no localizada,indígena,6 a 11,hombre,sábado
,,,,no localizada,mestiza,12 a 17,mujer,domingo
4.0,0.0,0.0,4.0,localizada,indígena,12 a 17,mujer,domingo
6.0,0.0,0.0,6.0,localizada,mestiza,12 a 17,mujer,lunes
4.0,0.0,0.0,4.0,localizada,indígena,12 a 17,mujer,lunes
18.0,2.0,2.0,18.0,localizada,indígena,12 a 17,hombre,jueves
9.0,1.0,1.0,9.0,localizada,mestiza,12 a 17,mujer,jueves
,,,,no localizada,indígena,6 a 11,mujer,viernes
,,,,no localizada,mestiza,6 a 11,hombre,viernes
2.0,0.0,0.0,2.0,localizada,mestiza,6 a 11,hombre,viernes
1.0,0.0,0.0,1.0,localizada,indígena,12 a 17,hombre,sábado
,,,,no localizada,indígena,12 a 17,hombre,sábado
,,,,no localizada,indígena,12 a 17,mujer,domingo
,,,,no localizada,mestiza,12 a 17,mujer,lunes
22.0,3.0,3.0,22.0,localizada,indígena,12 a 17,mujer,martes
32.0,4.0,4.0,32.0,localizada,mestiza,12 a 17,mujer,miércoles
32.0,4.0,4.0,32.0,localizada,mestiza,12 a 17,hombre,miércoles
32.0,4.0,4.0,32.0,localizada,mestiza,12 a 17,hombre,miércoles
3.0,0.0,0.0,3.0,localizada,mestiza,12 a 17,mujer,domingo
,,,,no localizada,mestiza,12 a 17,mujer,domingo
4.0,0.0,0.0,4.0,localizada,mestiza,0 a 5,mujer,domingo
,,,,no localizada,indígena,12 a 17,mujer,domingo
6.0,0.0,0.0,6.0,localizada,mestiza,12 a 17,mujer,martes
,,,,no localizada,mestiza,0 a 5,mujer,viernes
,,,,no localizada,indígena,0 a 5,mujer,sábado
20.0,2.0,2.0,20.0,localizada,indígena,0 a 5,hombre,sábado
,,,,no localizada,mestiza,0 a 5,mujer,domingo
,,,,no localizada,indígena,12 a 17,mujer,domingo
16.0,2.0,2.0,16.0,localizada,mestiza,12 a 17,mujer,lunes
38.0,5.0,5.0,38.0,localizada,mestiza,12 a 17,mujer,miércoles
38.0,5.0,5.0,38.0,localizada,mestiza,0 a 5,mujer,miércoles
36.0,5.0,5.0,36.0,localizada,indígena,12 a 17,hombre,miércoles
,,,,no localizada,mestiza,12 a 17,hombre,miércoles
3.0,0.0,0.0,3.0,localizada,mestiza,12 a 17,mujer,viernes
,,,,no localizada,mestiza,6 a 11,mujer,viernes
,,,,no localizada,mestiza,12 a 17,mujer,sábado
52.0,7.0,7.0,52.0,localizada,indígena,12 a 17,hombre,sábado
8.0,1.0,1.0,8.0,localizada,mestiza,6 a 11,hombre,sábado
8.0,1.0,1.0,8.0,localizada,mestiza,6 a 11,hombre,sábado
4.0,0.0,0.0,4.0,localizada,mestiza,12 a 17,mujer,sábado
2.0,0.0,0.0,2.0,localizada,indígena,6 a 11,hombre,domingo
,,,,no localizada,indígena,0 a 5,hombre,lunes
,,,,no localizada,mestiza,6 a 11,hombre,miércoles
3.0,0.0,0.0,3.0,localizada,mestiza,12 a 17,mujer,viernes
,,,,no localizada,indígena,0 a 5,mujer,sábado
8.0,1.0,1.0,8.0,localizada,mestiza,12 a 17,mujer,sábado
1.0,0.0,0.0,1.0,localizada,indígena,12 a 17,hombre,sábado
,,,,no localizada,mestiza,12 a 17,mujer,sábado
93.0,13.0,7.0,93.0,localizada,mestiza,6 a 11,mujer,lunes
93.0,13.0,7.0,93.0,localizada,mestiza,6 a 11,mujer,lunes
2.0,0.0,0.0,2.0,localizada,mestiza,12 a 17,mujer,lunes
6.0,0.0,0.0,6.0,localizada,indígena,12 a 17,mujer,martes
28.0,4.0,4.0,28.0,localizada,mestiza,12 a 17,hombre,martes
4.0,0.0,0.0,4.0,localizada,indígena,12 a 17,mujer,miércoles
4.0,0.0,0.0,4.0,localizada,indígena,12 a 17,mujer,miércoles
217.0,31.0,7.0,100.0,localizada,indígena,12 a 17,mujer,jueves
,,,,no localizada,mestiza,12 a 17,mujer,jueves
7.0,1.0,1.0,7.0,localizada,indígena,0 a 5,mujer,viernes
7.0,1.0,1.0,7.0,localizada,indígena,0 a 5,hombre,lunes
,,,,no localizada,indígena,12 a 17,hombre,martes
522.0,74.0,7.0,100.0,localizada,indígena,12 a 17,hombre,martes
491.0,70.0,7.0,100.0,localizada,mestiza,0 a 5,mujer,miércoles
2.0,0.0,0.0,2.0,localizada,mestiza,12 a 17,mujer,sábado
8.0,1.0,1.0,8.0,localizada,mestiza,12 a 17,mujer,lunes
3.0,0.0,0.0,3.0,localizada,indígena,12 a 17,mujer,lunes
,,,,no localizada,indígena,0 a 5,mujer,lunes
,,,,no localizada,mestiza,6 a 11,mujer,lunes
,,,,no localizada,mestiza,6 a 11,hombre,lunes
1.0,0.0,0.0,1.0,localizada,mestiza,6 a 11,mujer,martes
1.0,0.0,0.0,1.0,localizada,indígena,6 a 11,mujer,martes
,,,,no localizada,mestiza,12 a 17,mujer,martes
1.0,0.0,0.0,1.0,localizada,mestiza,12 a 17,hombre,miércoles
,,,,no localizada,indígena,0 a 5,mujer,jueves
3.0,0.0,0.0,3.0,localizada,mestiza,12 a 17,mujer,jueves
3.0,0.0,0.0,3.0,localizada,mestiza,12 a 17,hombre,jueves
,,,,no localizada,indígena,6 a 11,mujer,viernes
8.0,1.0,1.0,8.0,localizada,mestiza,12 a 17,hombre,lunes
27.0,3.0,3.0,27.0,localizada,indígena,12 a 17,mujer,lunes
4.0,0.0,0.0,4.0,localizada,indígena,12 a 17,mujer,martes
2.0,0.0,0.0,2.0,localizada,mestiza,12 a 17,mujer,martes
,,,,no localizada,indígena,6 a 11,mujer,jueves
,,,,no localizada,indígena,6 a 11,mujer,jueves
,,,,no localizada,mestiza,12 a 17,mujer,sábado
,,,,no localizada,indígena,12 a 17,mujer,domingo
,,,,no localizada,mestiza,12 a 17,mujer,domingo
16.0,2.0,2.0,16.0,localizada,mestiza,12 a 17,mujer,lunes
8.0,1.0,1.0,8.0,localizada,mestiza,0 a 5,hombre,lunes
8.0,1.0,1.0,8.0,localizada,indígena,0 a 5,mujer,lunes
14.0,2.0,2.0,14.0,localizada,mestiza,0 a 5,hombre,martes
14.0,2.0,2.0,14.0,localizada,indígena,12 a 17,hombre,miércoles
5.0,0.0,0.0,5.0,localizada,indígena,12 a 17,hombre,miércoles
277.0,39.0,7.0,100.0,localizada,mestiza,0 a 5,hombre,viernes
277.0,39.0,7.0,100.0,localizada,mestiza,12 a 17,mujer,viernes
12.0,1.0,1.0,12.0,localizada,indígena,12 a 17,mujer,viernes
17.0,2.0,2.0,17.0,localizada,indígena,6 a 11,hombre,sábado
,,,,no localizada,indígena,0 a 5,mujer,sábado
12.0,1.0,1.0,12.0,localizada,mestiza,12 a 17,mujer,sábado
5.0,0.0,0.0,5.0,localizada,mestiza,12 a 17,mujer,domingo
76.0,10.0,7.0,76.0,localizada,mestiza,12 a 17,mujer,miércoles
5.0,0.0,0.0,5.0,localizada,mestiza,0 a 5,hombre,viernes
9.0,1.0,1.0,9.0,localizada,mestiza,0 a 5,hombre,sábado
144.0,20.0,7.0,100.0,localizada,indígena,0 a 5,mujer,sábado
8.0,1.0,1.0,8.0,localizada,mestiza,12 a 17,mujer,sábado
48.0,6.0,6.0,48.0,localizada,mestiza,12 a 17,mujer,sábado
15.0,2.0,2.0,15.0,localizada,mestiza,12 a 17,hombre,domingo
15.0,2.0,2.0,15.0,localizada,mestiza,6 a 11,mujer,domingo
58.0,8.0,7.0,58.0,localizada,mestiza,12 a 17,mujer,domingo
,,,,no localizada,indígena,12 a 17,hombre,domingo
,,,,no localizada,indígena,12 a 17,mujer,domingo
,,,,no localizada,mestiza,12 a 17,mujer,lunes
5.0,0.0,0.0,5.0,localizada,indígena,12 a 17,hombre,martes
9.0,1.0,1.0,9.0,localizada,mestiza,0 a 5,hombre,miércoles
5.0,0.0,0.0,5.0,localizada,mestiza,12 a 17,mujer,miércoles
,,,,no localizada,mestiza,12 a 17,mujer,miércoles
3.0,0.0,0.0,3.0,localizada,mestiza,12 a 17,mujer,jueves
20.0,2.0,2.0,20.0,localizada,mestiza,0 a 5,mujer,jueves
20.0,2.0,2.0,20.0,localizada,mestiza,0 a 5,mujer,viernes
20.0,2.0,2.0,20.0,localizada,mestiza,0 a 5,hombre,viernes
4.0,0.0,0.0,4.0,localizada,mestiza,12 a 17,mujer,viernes
,,,,no localizada,mestiza,12 a 17,hombre,viernes
6.0,0.0,0.0,6.0,localizada,indígena,0 a 5,hombre,sábado
35.0,5.0,5.0,35.0,localizada,mestiza,6 a 11,mujer,miércoles
10.0,1.0,1.0,10.0,localizada,indígena,12 a 17,mujer,jueves
53.0,7.0,7.0,53.0,localizada,mestiza,0 a 5,mujer,viernes
53.0,7.0,7.0,53.0,localizada,mestiza,6 a 11,mujer,viernes
5.0,0.0,0.0,5.0,localizada,mestiza,12 a 17,mujer,viernes
167.0,23.0,7.0,100.0,localizada,indígena,12 a 17,hombre,domingo
167.0,23.0,7.0,100.0,localizada,mestiza,12 a 17,mujer,domingo
3.0,0.0,0.0,3.0,localizada,mestiza,12 a 17,mujer,domingo
,,,,no localizada,mestiza,12 a 17,hombre,domingo
,,,,no localizada,mestiza,12 a 17,mujer,domingo
17.0,2.0,2.0,17.0,localizada,indígena,0 a 5,hombre,lunes
17.0,2.0,2.0,17.0,localizada,mestiza,6 a 11,mujer,lunes
386.0,55.0,7.0,100.0,localizada,mestiza,0 a 5,mujer,lunes
2.0,0.0,0.0,2.0,localizada,mestiza,12 a 17,mujer,lunes
5.0,0.0,0.0,5.0,localizada,indígena,12 a 17,mujer,martes
4.0,0.0,0.0,4.0,localizada,indígena,12 a 17,mujer,miércoles
,,,,no localizada,mestiza,6 a 11,mujer,miércoles
,,,,no localizada,indígena,0 a 5,hombre,jueves
,,,,no localizada,mestiza,12 a 17,hombre,jueves
9.0,1.0,1.0,9.0,localizada,indígena,12 a 17,mujer,lunes
46.0,6.0,6.0,46.0,localizada,mestiza,12 a 17,mujer,jueves
4.0,0.0,0.0,4.0,localizada,mestiza,12 a 17,mujer,jueves
,,,,no localizada,mestiza,12 a 17,hombre,jueves
10.0,1.0,1.0,10.0,localizada,indígena,12 a 17,mujer,viernes
5.0,0.0,0.0,5.0,localizada,mestiza,12 a 17,mujer,sábado
59.0,8.0,7.0,59.0,localizada,indígena,12 a 17,mujer,domingo
7.0,1.0,1.0,7.0,localizada,mestiza,12 a 17,mujer,domingo
,,,,no localizada,indígena,12 a 17,hombre,lunes
,,,,no localizada,mestiza,12 a 17,mujer,lunes
13.0,1.0,1.0,13.0,localizada,mestiza,12 a 17,mujer,lunes
16.0,2.0,2.0,16.0,localizada,mestiza,12 a 17,mujer,miércoles
,,,,no localizada,indígena,12 a 17,mujer,miércoles
11.0,1.0,1.0,11.0,localizada,mestiza,6 a 11,hombre,miércoles
7.0,1.0,1.0,7.0,localizada,indígena,12 a 17,hombre,jueves
3.0,0.0,0.0,3.0,localizada,indígena,12 a 17,hombre,viernes
,,,,no localizada,indígena,12 a 17,mujer,viernes
2.0,0.0,0.0,2.0,localizada,mestiza,12 a 17,mujer,sábado
2.0,0.0,0.0,2.0,localizada,mestiza,12 a 17,mujer,sábado
2.0,0.0,0.0,2.0,localizada,mestiza,12 a 17,mujer,sábado
7.0,1.0,1.0,7.0,localizada,indígena,0 a 5,hombre,miércoles
4.0,0.0,0.0,4.0,localizada,mestiza,12 a 17,mujer,miércoles
,,,,no localizada,mestiza,6 a 11,mujer,jueves
5.0,0.0,0.0,5.0,localizada,mestiza,12 a 17,mujer,jueves
,,,,no localizada,mestiza,12 a 17,mujer,jueves
94.0,13.0,7.0,94.0,localizada,mestiza,6 a 11,mujer,viernes
3.0,0.0,0.0,3.0,localizada,indígena,12 a 17,mujer,viernes
4.0,0.0,0.0,4.0,localizada,indígena,12 a 17,hombre,sábado
3.0,0.0,0.0,3.0,localizada,indígena,12 a 17,mujer,domingo
,,,,no localizada,mestiza,6 a 11,hombre,miércoles
,,,,no localizada,mestiza,6 a 11,mujer,miércoles
196.0,28.0,7.0,100.0,localizada,mestiza,0 a 5,mujer,jueves
10.0,1.0,1.0,10.0,localizada,indígena,12 a 17,hombre,sábado
8.0,1.0,1.0,8.0,localizada,indígena,12 a 17,hombre,sábado
12.0,1.0,1.0,12.0,localizada,mestiza,0 a 5,hombre,sábado
,,,,no localizada,indígena,6 a 11,hombre,sábado
,,,,no localizada,mestiza,12 a 17,mujer,domingo
33.0,4.0,4.0,33.0,localizada,indígena,12 a 17,hombre,lunes
74.0,10.0,7.0,74.0,localizada,indígena,12 a 17,mujer,lunes
,,,,no localizada,indígena,6 a 11,mujer,martes
207.0,29.0,7.0,100.0,localizada,indígena,0 a 5,hombre,miércoles
13.0,1.0,1.0,13.0,localizada,mestiza,12 a 17,mujer,miércoles
25.0,3.0,3.0,25.0,localizada,indígena,12 a 17,mujer,viernes
11.0,1.0,1.0,11.0,localizada,indígena,12 a 17,mujer,viernes
167.0,23.0,7.0,100.0,localizada,indígena,6 a 11,hombre,sábado
167.0,23.0,7.0,100.0,localizada,mestiza,6 a 11,hombre,sábado
9.0,1.0,1.0,9.0,localizada,mestiza,12 a 17,mujer,sábado
3.0,0.0,0.0,3.0,localizada,indígena,6 a 11,mujer,domingo
132.0,18.0,7.0,100.0,localizada,indígena,6 a 11,mujer,viernes
132.0,18.0,7.0,100.0,localizada,indígena,6 a 11,hombre,viernes
132.0,18.0,7.0,100.0,localizada,mestiza,6 a 11,hombre,viernes
,,,,no localizada,mestiza,12 a 17,mujer,sábado
,,,,no localizada,mestiza,12 a 17,mujer,domingo
12.0,1.0,1.0,12.0,localizada,mestiza,12 a 17,mujer,lunes
,,,,no localizada,mestiza,12 a 17,mujer,lunes
163.0,23.0,7.0,100.0,localizada,mestiza,12 a 17,mujer,martes
,,,,no localizada,indígena,12 a 17,mujer,miércoles
15.0,2.0,2.0,15.0,localizada,indígena,12 a 17,mujer,viernes
5.0,0.0,0.0,5.0,localizada,indígena,12 a 17,hombre,sábado
12.0,1.0,1.0,12.0,localizada,indígena,12 a 17,mujer,domingo
6.0,0.0,0.0,6.0,localizada,mestiza,12 a 17,mujer,domingo
2.0,0.0,0.0,2.0,localizada,indígena,12 a 17,mujer,lunes
10.0,1.0,1.0,10.0,localizada,indígena,12 a 17,hombre,miércoles
7.0,1.0,1.0,7.0,localizada,mestiza,12 a 17,hombre,viernes
152.0,21.0,7.0,100.0,localizada,indígena,6 a 11,mujer,sábado
152.0,21.0,7.0,100.0,localizada,indígena,6 a 11,mujer,sábado
,,,,no localizada,mestiza,12 a 17,mujer,sábado
7.0,1.0,1.0,7.0,localizada,indígena,12 a 17,mujer,sábado
21.0,3.0,3.0,21.0,localizada,indígena,12 a 17,mujer,sábado
10.0,1.0,1.0,10.0,localizada,indígena,12 a 17,mujer,domingo
2.0,0.0,0.0,2.0,localizada,indígena,12 a 17,mujer,lunes
6.0,0.0,0.0,6.0,localizada,indígena,12 a 17,hombre,martes
7.0,1.0,1.0,7.0,localizada,mestiza,6 a 11,hombre,miércoles
10.0,1.0,1.0,10.0,localizada,indígena,6 a 11,hombre,miércoles
9.0,1.0,1.0,9.0,localizada,mestiza,12 a 17,mujer,domingo
120.0,17.0,7.0,100.0,localizada,indígena,12 a 17,hombre,lunes
56.0,8.0,7.0,56.0,localizada,mestiza,0 a 5,mujer,martes
,,,,no localizada,mestiza,6 a 11,hombre,martes
,,,,no localizada,indígena,12 a 17,hombre,martes
,,,,no localizada,indígena,12 a 17,hombre,martes
,,,,no localizada,mestiza,6 a 11,hombre,martes
5.0,0.0,0.0,5.0,localizada,mestiza,12 a 17,mujer,jueves
,,,,localizada,mestiza,12 a 17,mujer,viernes
405.0,57.0,7.0,100.0,localizada,indígena,6 a 11,hombre,sábado
,,,,no localizada,indígena,0 a 5,hombre,sábado
3.0,0.0,0.0,3.0,localizada,mestiza,12 a 17,mujer,lunes
2.0,0.0,0.0,2.0,localizada,mestiza,12 a 17,mujer,martes
4.0,0.0,0.0,4.0,localizada,indígena,0 a 5,hombre,jueves
3.0,0.0,0.0,3.0,localizada,mestiza,6 a 11,mujer,jueves
2.0,0.0,0.0,2.0,localizada,mestiza,6 a 11,mujer,jueves
,,,,localizada,mestiza,12 a 17,mujer,viernes
16.0,2.0,2.0,16.0,localizada,mestiza,12 a 17,mujer,domingo
5.0,0.0,0.0,5.0,localizada,mestiza,12 a 17,mujer,lunes
4.0,0.0,0.0,4.0,localizada,mestiza,0 a 5,hombre,martes
,,,,localizada,mestiza,12 a 17,mujer,miércoles
,,,,localizada,mestiza,12 a 17,mujer,miércoles
111.0,15.0,7.0,100.0,localizada,mestiza,6 a 11,mujer,viernes
111.0,15.0,7.0,100.0,localizada,indígena,6 a 11,hombre,viernes
30.0,4.0,4.0,30.0,localizada,indígena,12 a 17,mujer,viernes
3.0,0.0,0.0,3.0,localizada,mestiza,12 a 17,mujer,sábado
24.0,3.0,3.0,24.0,localizada,mestiza,6 a 11,hombre,lunes
1.0,0.0,0.0,1.0,localizada,indígena,12 a 17,mujer,lunes
,,,,no localizada,indígena,0 a 5,mujer,lunes
98.0,14.0,7.0,98.0,localizada,indígena,0 a 5,mujer,miércoles
98.0,14.0,7.0,98.0,localizada,mestiza,6 a 11,mujer,miércoles
33.0,4.0,4.0,33.0,localizada,indígena,12 a 17,mujer,viernes
,,,,no localizada,mestiza,12 a 17,mujer,sábado
103.0,14.0,7.0,100.0,localizada,mestiza,12 a 17,hombre,domingo
103.0,14.0,7.0,100.0,localizada,indígena,12 a 17,mujer,domingo
2.0,0.0,0.0,2.0,localizada,mestiza,12 a 17,mujer,domingo
17.0,2.0,2.0,17.0,localizada,mestiza,12 a 17,mujer,jueves
3.0,0.0,0.0,3.0,localizada,mestiza,12 a 17,mujer,jueves
31.0,4.0,4.0,31.0,localizada,indígena,0 a 5,mujer,viernes
31.0,4.0,4.0,31.0,localizada,mestiza,0 a 5,hombre,viernes
2.0,0.0,0.0,2.0,localizada,indígena,6 a 11,mujer,viernes
331.0,47.0,7.0,100.0,localizada,indígena,12 a 17,mujer,viernes
5.0,0.0,0.0,5.0,localizada,mestiza,12 a 17,mujer,sábado
,,,,no localizada,mestiza,12 a 17,hombre,lunes
7.0,1.0,1.0,7.0,localizada,mestiza,12 a 17,hombre,lunes
5.0,0.0,0.0,5.0,localizada,mestiza,12 a 17,mujer,miércoles
13.0,1.0,1.0,13.0,localizada,mestiza,6 a 11,hombre,miércoles
1.0,0.0,0.0,1.0,localizada,mestiza,12 a 17,mujer,miércoles
54.0,7.0,7.0,54.0,localizada,mestiza,0 a 5,mujer,viernes
14.0,2.0,2.0,14.0,localizada,indígena,12 a 17,mujer,viernes
8.0,1.0,1.0,8.0,localizada,indígena,12 a 17,mujer,sábado
8.0,1.0,1.0,8.0,localizada,mestiza,12 a 17,mujer,sábado
110.0,15.0,7.0,100.0,localizada,mestiza,12 a 17,mujer,sábado
13.0,1.0,1.0,13.0,localizada,indígena,12 a 17,mujer,sábado
20.0,2.0,2.0,20.0,localizada,mestiza,0 a 5,mujer,domingo
12.0,1.0,1.0,12.0,localizada,indígena,6 a 11,hombre,domingo
,,,,no localizada,mestiza,0 a 5,mujer,lunes
2.0,0.0,0.0,2.0,localizada,indígena,0 a 5,mujer,martes
,,,,no localizada,indígena,12 a 17,mujer,martes
4.0,0.0,0.0,4.0,localizada,indígena,12 a 17,mujer,martes
,,,,no localizada,indígena,12 a 17,hombre,miércoles
,,,,no localizada,indígena,12 a 17,hombre,jueves
6.0,0.0,0.0,6.0,localizada,indígena,6 a 11,mujer,sábado
5.0,0.0,0.0,5.0,localizada,indígena,12 a 17,mujer,lunes
36.0,5.0,5.0,36.0,localizada,mestiza,12 a 17,mujer,lunes
17.0,2.0,2.0,17.0,localizada,indígena,12 a 17,mujer,lunes
74.0,10.0,7.0,74.0,localizada,indígena,6 a 11,mujer,lunes
74.0,10.0,7.0,74.0,localizada,indígena,6 a 11,hombre,lunes
134.0,19.0,7.0,100.0,localizada,mestiza,12 a 17,hombre,martes
4.0,0.0,0.0,4.0,localizada,mestiza,12 a 17,mujer,martes
,,,,no localizada,mestiza,12 a 17,hombre,miércoles
26.0,3.0,3.0,26.0,localizada,indígena,0 a 5,mujer,miércoles
39.0,5.0,5.0,39.0,localizada,indígena,12 a 17,mujer,miércoles
76.0,10.0,7.0,76.0,localizada,mestiza,12 a 17,mujer,miércoles
5.0,0.0,0.0,5.0,localizada,mestiza,12 a 17,mujer,viernes
,,,,no localizada,indígena,6 a 11,hombre,domingo
,,,,no localizada,mestiza,6 a 11,mujer,domingo
2.0,0.0,0.0,2.0,localizada,indígena,12 a 17,mujer,domingo
2.0,0.0,0.0,2.0,localizada,indígena,12 a 17,hombre,domingo
8.0,1.0,1.0,8.0,localizada,mestiza,12 a 17,mujer,domingo
25.0,3.0,3.0,25.0,localizada,indígena,12 a 17,mujer,lunes
13.0,1.0,1.0,13.0,localizada,mestiza,12 a 17,mujer,martes
85.0,12.0,7.0,85.0,localizada,mestiza,6 a 11,mujer,miércoles
85.0,12.0,7.0,85.0,localizada,mestiza,6 a 11,hombre,miércoles
8.0,1.0,1.0,8.0,localizada,indígena,12 a 17,mujer,miércoles
15.0,2.0,2.0,15.0,localizada,mestiza,0 a 5,hombre,jueves
,,,,no localizada,mestiza,6 a 11,hombre,viernes
,,,,no localizada,mestiza,0 a 5,hombre,viernes
7.0,1.0,1.0,7.0,localizada,indígena,0 a 5,hombre,domingo
5.0,0.0,0.0,5.0,localizada,indígena,12 a 17,hombre,martes
1.0,0.0,0.0,1.0,localizada,indígena,6 a 11,mujer,martes
,,,,no localizada,mestiza,12 a 17,mujer,martes
5.0,0.0,0.0,5.0,localizada,mestiza,12 a 17,mujer,viernes
3.0,0.0,0.0,3.0,localizada,mestiza,12 a 17,hombre,sábado
3.0,0.0,0.0,3.0,localizada,indígena,12 a 17,mujer,sábado
68.0,9.0,7.0,68.0,localizada,indígena,12 a 17,mujer,sábado
5.0,0.0,0.0,5.0,localizada,mestiza,0 a 5,mujer,sábado
16.0,2.0,2.0,16.0,localizada,mestiza,12 a 17,hombre,sábado
7.0,1.0,1.0,7.0,localizada,indígena,0 a 5,hombre,domingo
7.0,1.0,1.0,7.0,localizada,indígena,12 a 17,mujer,domingo
2.0,0.0,0.0,2.0,localizada,indígena,12 a 17,mujer,domingo
2.0,0.0,0.0,2.0,localizada,mestiza,12 a 17,mujer,domingo
371.0,53.0,7.0,100.0,localizada,mestiza,6 a 11,hombre,lunes
371.0,53.0,7.0,100.0,localizada,mestiza,0 a 5,mujer,lunes
,,,,no localizada,indígena,0 a 5,mujer,lunes
,,,,no localizada,indígena,6 a 11,hombre,lunes
-0.0,-0.0,-0.0,-0.0,localizada,indígena,6 a 11,hombre,lunes
3.0,0.0,0.0,3.0,localizada,mestiza,12 a 17,mujer,lunes
295.0,42.0,7.0,100.0,localizada,mestiza,12 a 17,mujer,martes
,,,,no localizada,mestiza,12 a 17,mujer,martes
2.0,0.0,0.0,2.0,localizada,mestiza,12 a 17,mujer,martes
11.0,1.0,1.0,11.0,localizada,mestiza,12 a 17,mujer,jueves
56.0,8.0,7.0,56.0,localizada,mestiza,12 a 17,mujer,viernes
5.0,0.0,0.0,5.0,localizada,mestiza,12 a 17,mujer,viernes
3.0,0.0,0.0,3.0,localizada,mestiza,12 a 17,mujer,viernes
3.0,0.0,0.0,3.0,localizada,mestiza,12 a 17,mujer,domingo
79.0,11.0,7.0,79.0,localizada,mestiza,12 a 17,mujer,martes
17.0,2.0,2.0,17.0,localizada,mestiza,12 a 17,mujer,jueves
5.0,0.0,0.0,5.0,localizada,indígena,12 a 17,mujer,viernes
,,,,no localizada,mestiza,6 a 11,mujer,sábado
4.0,0.0,0.0,4.0,localizada,mestiza,12 a 17,mujer,sábado
,,,,no localizada,mestiza,12 a 17,hombre,sábado
5.0,0.0,0.0,5.0,localizada,mestiza,12 a 17,hombre,lunes
7.0,1.0,1.0,7.0,localizada,mestiza,12 a 17,mujer,martes
,,,,no localizada,mestiza,12 a 17,hombre,miércoles
2.0,0.0,0.0,2.0,localizada,mestiza,12 a 17,mujer,viernes
5.0,0.0,0.0,5.0,localizada,mestiza,12 a 17,hombre,viernes
7.0,1.0,1.0,7.0,localizada,mestiza,12 a 17,mujer,sábado
178.0,25.0,7.0,100.0,localizada,indígena,12 a 17,mujer,lunes
3.0,0.0,0.0,3.0,localizada,mestiza,12 a 17,mujer,martes
,,,,no localizada,mestiza,12 a 17,mujer,martes
2.0,0.0,0.0,2.0,localizada,mestiza,0 a 5,hombre,miércoles
2.0,0.0,0.0,2.0,localizada,mestiza,12 a 17,mujer,miércoles
56.0,8.0,7.0,56.0,localizada,mestiza,12 a 17,mujer,jueves
5.0,0.0,0.0,5.0,localizada,mestiza,12 a 17,hombre,jueves
5.0,0.0,0.0,5.0,localizada,mestiza,12 a 17,hombre,jueves
,,,,no localizada,mestiza,0 a 5,hombre,viernes
,,,,no localizada,mestiza,0 a 5,mujer,viernes
,,,,no localizada,mestiza,0 a 5,mujer,viernes
8.0,1.0,1.0,8.0,localizada,mestiza,12 a 17,mujer,sábado
4.0,0.0,0.0,4.0,localizada,mestiza,6 a 11,hombre,sábado
9.0,1.0,1.0,9.0,localizada,indígena,0 a 5,mujer,domingo
9.0,1.0,1.0,9.0,localizada,indígena,12 a 17,hombre,domingo
38.0,5.0,5.0,38.0,localizada,mestiza,12 a 17,mujer,lunes
,,,,no localizada,indígena,12 a 17,hombre,martes
,,,,no localizada,mestiza,6 a 11,mujer,martes
5.0,0.0,0.0,5.0,localizada,mestiza,12 a 17,hombre,martes
1.0,0.0,0.0,1.0,localizada,mestiza,12 a 17,mujer,martes
48.0,6.0,6.0,48.0,localizada,mestiza,6 a 11,hombre,miércoles
48.0,6.0,6.0,48.0,localizada,mestiza,6 a 11,hombre,miércoles
48.0,6.0,6.0,48.0,localizada,indígena,6 a 11,hombre,miércoles
13.0,1.0,1.0,13.0,localizada,indígena,12 a 17,mujer,miércoles
4.0,0.0,0.0,4.0,localizada,mestiza,12 a 17,mujer,miércoles
4.0,0.0,0.0,4.0,localizada,mestiza,12 a 17,mujer,miércoles
86.0,12.0,7.0,86.0,localizada,mestiza,12 a 17,mujer,miércoles
6.0,0.0,0.0,6.0,localizada,mestiza,12 a 17,hombre,domingo
1.0,0.0,0.0,1.0,localizada,mestiza,12 a 17,mujer,lunes
1.0,0.0,0.0,1.0,localizada,mestiza,12 a 17,mujer,lunes
9.0,1.0,1.0,9.0,localizada,indígena,12 a 17,hombre,lunes
45.0,6.0,6.0,45.0,localizada,mestiza,6 a 11,mujer,miércoles
22.0,3.0,3.0,22.0,localizada,mestiza,12 a 17,mujer,jueves
2.0,0.0,0.0,2.0,localizada,mestiza,12 a 17,mujer,jueves
14.0,2.0,2.0,14.0,localizada,mestiza,12 a 17,mujer,viernes
24.0,3.0,3.0,24.0,localizada,mestiza,0 a 5,hombre,sábado
19.0,2.0,2.0,19.0,localizada,mestiza,6 a 11,mujer,sábado
46.0,6.0,6.0,46.0,localizada,mestiza,12 a 17,mujer,domingo
8.0,1.0,1.0,8.0,localizada,mestiza,12 a 17,mujer,domingo
3.0,0.0,0.0,3.0,localizada,indígena,12 a 17,mujer,lunes
3.0,0.0,0.0,3.0,localizada,mestiza,12 a 17,mujer,lunes
22.0,3.0,3.0,22.0,localizada,mestiza,12 a 17,mujer,lunes
2.0,0.0,0.0,2.0,localizada,mestiza,12 a 17,hombre,lunes
31.0,4.0,4.0,31.0,localizada,indígena,0 a 5,hombre,lunes
,,,,no localizada,indígena,12 a 17,mujer,lunes
5.0,0.0,0.0,5.0,localizada,indígena,12 a 17,mujer,lunes
2.0,0.0,0.0,2.0,localizada,mestiza,12 a 17,mujer,lunes
3.0,0.0,0.0,3.0,localizada,mestiza,12 a 17,mujer,miércoles
77.0,11.0,7.0,77.0,localizada,mestiza,12 a 17,mujer,miércoles
5.0,0.0,0.0,5.0,localizada,mestiza,12 a 17,mujer,miércoles
,,,,no localizada,indígena,0 a 5,hombre,jueves
,,,,no localizada,mestiza,6 a 11,hombre,jueves
124.0,17.0,7.0,100.0,localizada,mestiza,6 a 11,mujer,jueves
25.0,3.0,3.0,25.0,localizada,indígena,12 a 17,hombre,domingo
268.0,38.0,7.0,100.0,localizada,indígena,6 a 11,mujer,domingo
,,,,no localizada,mestiza,12 a 17,hombre,lunes
23.0,3.0,3.0,23.0,localizada,mestiza,12 a 17,hombre,martes
11.0,1.0,1.0,11.0,localizada,mestiza,12 a 17,mujer,martes
7.0,1.0,1.0,7.0,localizada,indígena,12 a 17,mujer,martes
,,,,no localizada,mestiza,6 a 11,hombre,jueves
7.0,1.0,1.0,7.0,localizada,indígena,12 a 17,mujer,jueves
5.0,0.0,0.0,5.0,localizada,mestiza,12 a 17,mujer,jueves
2.0,0.0,0.0,2.0,localizada,mestiza,12 a 17,hombre,lunes
1.0,0.0,0.0,1.0,localizada,mestiza,12 a 17,mujer,lunes
,,,,no localizada,indígena,12 a 17,mujer,jueves
2.0,0.0,0.0,2.0,localizada,mestiza,0 a 5,hombre,viernes
6.0,0.0,0.0,6.0,localizada,indígena,12 a 17,mujer,viernes
,,,,no localizada,mestiza,12 a 17,mujer,viernes
,,,,no localizada,mestiza,12 a 17,mujer,domingo
5.0,0.0,0.0,5.0,localizada,mestiza,12 a 17,mujer,domingo
,,,,no localizada,mestiza,12 a 17,mujer,domingo
,,,,no localizada,mestiza,12 a 17,mujer,domingo
,,,,no localizada,mestiza,0 a 5,mujer,martes
3.0,0.0,0.0,3.0,localizada,mestiza,12 a 17,mujer,martes
1.0,0.0,0.0,1.0,localizada,mestiza,12 a 17,mujer,miércoles
,,,,no localizada,mestiza,0 a 5,mujer,miércoles
106.0,15.0,7.0,100.0,localizada,mestiza,12 a 17,mujer,jueves
46.0,6.0,6.0,46.0,localizada,mestiza,0 a 5,mujer,viernes
4.0,0.0,0.0,4.0,localizada,mestiza,12 a 17,mujer,viernes
12.0,1.0,1.0,12.0,localizada,indígena,12 a 17,mujer,sábado
3.0,0.0,0.0,3.0,localizada,mestiza,12 a 17,hombre,sábado
2.0,0.0,0.0,2.0,localizada sin vida,indígena,12 a 17,hombre,domingo
2.0,0.0,0.0,2.0,localizada sin vida,mestiza,12 a 17,hombre,domingo
,,,,no localizada,mestiza,12 a 17,mujer,domingo
12.0,1.0,1.0,12.0,localizada,indígena,12 a 17,mujer,lunes
91.0,13.0,7.0,91.0,localizada,mestiza,12 a 17,mujer,miércoles
5.0,0.0,0.0,5.0,localizada,mestiza,12 a 17,mujer,jueves
21.0,3.0,3.0,21.0,localizada,mestiza,12 a 17,mujer,jueves
3.0,0.0,0.0,3.0,localizada,mestiza,12 a 17,mujer,domingo
3.0,0.0,0.0,3.0,localizada,mestiza,12 a 17,mujer,domingo
3.0,0.0,0.0,3.0,localizada,mestiza,12 a 17,hombre,martes
2.0,0.0,0.0,2.0,localizada,indígena,12 a 17,mujer,martes
6.0,0.0,0.0,6.0,localizada,indígena,12 a 17,hombre,miércoles
16.0,2.0,2.0,16.0,localizada,mestiza,0 a 5,mujer,jueves
16.0,2.0,2.0,16.0,localizada,mestiza,6 a 11,hombre,jueves
1.0,0.0,0.0,1.0,localizada,indígena,12 a 17,mujer,jueves
,,,,no localizada,mestiza,12 a 17,hombre,jueves
,,,,no localizada,indígena,12 a 17,hombre,viernes
4.0,0.0,0.0,4.0,localizada,mestiza,12 a 17,mujer,viernes
17.0,2.0,2.0,17.0,localizada,mestiza,12 a 17,mujer,viernes
,,,,no localizada,mestiza,6 a 11,hombre,sábado
10.0,1.0,1.0,10.0,localizada,indígena,6 a 11,mujer,lunes
10.0,1.0,1.0,10.0,localizada,mestiza,6 a 11,mujer,lunes
,,,,no localizada,indígena,12 a 17,hombre,lunes
-0.0,-0.0,-0.0,-0.0,localizada,mestiza,12 a 17,mujer,martes
7.0,1.0,1.0,7.0,localizada,mestiza,12 a 17,mujer,jueves
3.0,0.0,0.0,3.0,localizada,indígena,12 a 17,hombre,jueves
,,,,no localizada,indígena,12 a 17,hombre,jueves
4.0,0.0,0.0,4.0,localizada,indígena,0 a 5,mujer,viernes
13.0,1.0,1.0,13.0,localizada,indígena,12 a 17,hombre,viernes
20.0,2.0,2.0,20.0,localizada,mestiza,12 a 17,mujer,lunes
4.0,0.0,0.0,4.0,localizada,mestiza,0 a 5,mujer,lunes
10.0,1.0,1.0,10.0,localizada,mestiza,0 a 5,hombre,lunes
3.0,0.0,0.0,3.0,localizada,indígena,0 a 5,hombre,martes
,,,,no localizada,indígena,12 a 17,hombre,martes
4.0,0.0,0.0,4.0,localizada,mestiza,12 a 17,mujer,jueves
3.0,0.0,0.0,3.0,localizada,mestiza,12 a 17,mujer,viernes
10.0,1.0,1.0,10.0,localizada,mestiza,12 a 17,hombre,viernes
17.0,2.0,2.0,17.0,localizada,indígena,0 a 5,mujer,domingo
17.0,2.0,2.0,17.0,localizada,mestiza,0 a 5,hombre,domingo
4.0,0.0,0.0,4.0,localizada,mestiza,12 a 17,hombre,domingo
20.0,2.0,2.0,20.0,localizada,mestiza,12 a 17,hombre,domingo
16.0,2.0,2.0,16.0,localizada,mestiza,0 a 5,mujer,domingo
19.0,2.0,2.0,19.0,localizada,mestiza,6 a 11,hombre,domingo
4.0,0.0,0.0,4.0,localizada,mestiza,12 a 17,hombre,domingo
,,,,no localizada,mestiza,12 a 17,mujer,domingo
2.0,0.0,0.0,2.0,localizada,indígena,12 a 17,mujer,lunes
,,,,no localizada,indígena,12 a 17,hombre,jueves
,,,,no localizada,indígena,12 a 17,mujer,viernes
1.0,0.0,0.0,1.0,localizada,indígena,12 a 17,mujer,martes
17.0,2.0,2.0,17.0,localizada,indígena,12 a 17,mujer,martes
27.0,3.0,3.0,27.0,localizada,indígena,6 a 11,hombre,miércoles
8.0,1.0,1.0,8.0,localizada,indígena,6 a 11,mujer,viernes
8.0,1.0,1.0,8.0,localizada,mestiza,6 a 11,hombre,viernes
4.0,0.0,0.0,4.0,localizada,mestiza,12 a 17,hombre,viernes
18.0,2.0,2.0,18.0,localizada,indígena,12 a 17,hombre,sábado
3.0,0.0,0.0,3.0,localizada,indígena,12 a 17,hombre,sábado
16.0,2.0,2.0,16.0,localizada,indígena,0 a 5,mujer,domingo
2.0,0.0,0.0,2.0,localizada,indígena,12 a 17,hombre,lunes
4.0,0.0,0.0,4.0,localizada,mestiza,12 a 17,mujer,lunes
27.0,3.0,3.0,27.0,localizada,indígena,12 a 17,hombre,martes
,,,,no localizada,mestiza,12 a 17,hombre,miércoles
20.0,2.0,2.0,20.0,localizada,mestiza,6 a 11,mujer,miércoles
7.0,1.0,1.0,7.0,localizada,mestiza,12 a 17,mujer,viernes
6.0,0.0,0.0,6.0,localizada,indígena,12 a 17,hombre,sábado
4.0,0.0,0.0,4.0,localizada,mestiza,12 a 17,mujer,sábado
2.0,0.0,0.0,2.0,localizada,indígena,12 a 17,mujer,sábado
3.0,0.0,0.0,3.0,localizada,mestiza,12 a 17,mujer,domingo
6.0,0.0,0.0,6.0,localizada,indígena,6 a 11,hombre,martes
,,,,no localizada,mestiza,12 a 17,hombre,miércoles
3.0,0.0,0.0,3.0,localizada,indígena,12 a 17,hombre,miércoles
,,,,no localizada,mestiza,12 a 17,hombre,jueves
5.0,0.0,0.0,5.0,localizada,indígena,12 a 17,hombre,jueves
10.0,1.0,1.0,10.0,localizada,mestiza,12 a 17,mujer,viernes
,,,,no localizada,mestiza,12 a 17,hombre,viernes
11.0,1.0,1.0,11.0,localizada,mestiza,12 a 17,mujer,viernes
10.0,1.0,1.0,10.0,localizada,mestiza,12 a 17,hombre,viernes
10.0,1.0,1.0,10.0,localizada,mestiza,12 a 17,mujer,sábado
,,,,no localizada,indígena,12 a 17,mujer,domingo
,,,,no localizada,indígena,0 a 5,hombre,domingo
176.0,25.0,7.0,100.0,localizada,indígena,6 a 11,hombre,martes
20.0,2.0,2.0,20.0,localizada,mestiza,12 a 17,mujer,martes
57.0,8.0,7.0,57.0,localizada,mestiza,12 a 17,mujer,miércoles
7.0,1.0,1.0,7.0,localizada,mestiza,6 a 11,hombre,viernes
,,,,no localizada,indígena,0 a 5,hombre,sábado
186.0,26.0,7.0,100.0,localizada,mestiza,12 a 17,mujer,domingo
129.0,18.0,7.0,100.0,localizada,indígena,6 a 11,hombre,domingo
2.0,0.0,0.0,2.0,localizada,mestiza,12 a 17,mujer,lunes
4.0,0.0,0.0,4.0,localizada,mestiza,12 a 17,mujer,martes
1.0,0.0,0.0,1.0,localizada,mestiza,12 a 17,mujer,miércoles
3.0,0.0,0.0,3.0,localizada,indígena,12 a 17,mujer,viernes
,,,,no localizada,mestiza,12 a 17,hombre,domingo
,,,,no localizada,mestiza,12 a 17,hombre,lunes
1.0,0.0,0.0,1.0,localizada,mestiza,12 a 17,mujer,lunes
2.0,0.0,0.0,2.0,localizada,indígena,12 a 17,mujer,lunes
,,,,no localizada,mestiza,12 a 17,hombre,lunes
2.0,0.0,0.0,2.0,localizada,mestiza,12 a 17,hombre,lunes
,,,,no localizada,mestiza,12 a 17,mujer,lunes
4.0,0.0,0.0,4.0,localizada,mestiza,12 a 17,hombre,lunes
,,,,no localizada,mestiza,12 a 17,hombre,martes
7.0,1.0,1.0,7.0,localizada,indígena,6 a 11,hombre,jueves
7.0,1.0,1.0,7.0,localizada,indígena,6 a 11,hombre,jueves
5.0,0.0,0.0,5.0,localizada,mestiza,6 a 11,hombre,viernes
5.0,0.0,0.0,5.0,localizada,indígena,6 a 11,hombre,viernes
2.0,0.0,0.0,2.0,localizada,mestiza,12 a 17,mujer,viernes
4.0,0.0,0.0,4.0,localizada,mestiza,12 a 17,mujer,domingo
,,,,no localizada,indígena,12 a 17,mujer,domingo
2.0,0.0,0.0,2.0,localizada,mestiza,0 a 5,mujer,domingo
20.0,2.0,2.0,20.0,localizada,mestiza,12 a 17,hombre,domingo
159.0,22.0,7.0,100.0,localizada,mestiza,12 a 17,mujer,lunes
,,,,no localizada,mestiza,12 a 17,mujer,martes
63.0,9.0,7.0,63.0,localizada,mestiza,12 a 17,mujer,jueves
6.0,0.0,0.0,6.0,localizada,mestiza,12 a 17,mujer,jueves
5.0,0.0,0.0,5.0,localizada,mestiza,12 a 17,mujer,viernes
4.0,0.0,0.0,4.0,no localizada,indígena,0 a 5,hombre,sábado
4.0,0.0,0.0,4.0,no localizada,indígena,0 a 5,hombre,sábado
4.0,0.0,0.0,4.0,no localizada,mestiza,0 a 5,hombre,sábado
20.0,2.0,2.0,20.0,localizada,mestiza,12 a 17,mujer,sábado
28.0,4.0,4.0,28.0,localizada,mestiza,12 a 17,mujer,sábado
,,,,no localizada,indígena,0 a 5,hombre,sábado
27.0,3.0,3.0,27.0,localizada,indígena,12 a 17,mujer,sábado
13.0,1.0,1.0,13.0,localizada,mestiza,12 a 17,hombre,sábado
11.0,1.0,1.0,11.0,localizada,indígena,0 a 5,mujer,martes
2.0,0.0,0.0,2.0,localizada,indígena,12 a 17,mujer,martes
,,,,no localizada,indígena,12 a 17,hombre,jueves
,,,,no localizada,mestiza,12 a 17,hombre,jueves
,,,,localizada,mestiza,6 a 11,mujer,jueves
,,,,no localizada,indígena,6 a 11,hombre,jueves
13.0,1.0,1.0,13.0,localizada,indígena,12 a 17,mujer,sábado
3.0,0.0,0.0,3.0,localizada,indígena,12 a 17,hombre,domingo
4.0,0.0,0.0,4.0,localizada,mestiza,12 a 17,hombre,domingo
,,,,no localizada,mestiza,12 a 17,mujer,lunes
11.0,1.0,1.0,11.0,localizada,mestiza,12 a 17,hombre,martes
,,,,no localizada,mestiza,0 a 5,mujer,miércoles
2.0,0.0,0.0,2.0,localizada,mestiza,12 a 17,mujer,jueves
6.0,0.0,0.0,6.0,localizada,mestiza,12 a 17,mujer,jueves
,,,,no localizada,indígena,12 a 17,mujer,sábado
3.0,0.0,0.0,3.0,localizada,indígena,12 a 17,mujer,domingo
5.0,0.0,0.0,5.0,localizada,indígena,12 a 17,mujer,domingo
7.0,1.0,1.0,7.0,localizada,mestiza,6 a 11,hombre,domingo
7.0,1.0,1.0,7.0,localizada,mestiza,0 a 5,hombre,domingo
10.0,1.0,1.0,10.0,localizada,mestiza,12 a 17,mujer,domingo
3.0,0.0,0.0,3.0,localizada,indígena,12 a 17,mujer,lunes
5.0,0.0,0.0,5.0,localizada,indígena,12 a 17,hombre,miércoles
,,,,no localizada,mestiza,12 a 17,mujer,miércoles
122.0,17.0,7.0,100.0,localizada,mestiza,12 a 17,mujer,miércoles
5.0,0.0,0.0,5.0,localizada,mestiza,12 a 17,hombre,viernes
5.0,0.0,0.0,5.0,localizada,indígena,12 a 17,mujer,viernes
,,,,no localizada,indígena,12 a 17,mujer,sábado
11.0,1.0,1.0,11.0,localizada,mestiza,12 a 17,mujer,domingo
5.0,0.0,0.0,5.0,localizada,mestiza,12 a 17,mujer,domingo
3.0,0.0,0.0,3.0,localizada,mestiza,12 a 17,mujer,domingo
25.0,3.0,3.0,25.0,localizada,indígena,12 a 17,mujer,domingo
4.0,0.0,0.0,4.0,localizada,indígena,12 a 17,mujer,lunes
112.0,16.0,7.0,100.0,localizada,mestiza,12 a 17,hombre,miércoles
1.0,0.0,0.0,1.0,localizada,indígena,12 a 17,hombre,jueves
4.0,0.0,0.0,4.0,localizada,indígena,12 a 17,mujer,jueves
,,,,no localizada,indígena,0 a 5,mujer,sábado
4.0,0.0,0.0,4.0,localizada,indígena,12 a 17,hombre,domingo
4.0,0.0,0.0,4.0,localizada,indígena,12 a 17,mujer,domingo
3.0,0.0,0.0,3.0,localizada,indígena,12 a 17,mujer,lunes
22.0,3.0,3.0,22.0,localizada,mestiza,12 a 17,mujer,martes
24.0,3.0,3.0,24.0,localizada,mestiza,12 a 17,mujer,viernes
4.0,0.0,0.0,4.0,localizada sin vida,mestiza,12 a 17,mujer,sábado
38.0,5.0,5.0,38.0,localizada,indígena,0 a 5,hombre,domingo
13.0,1.0,1.0,13.0,localizada,mestiza,0 a 5,mujer,domingo
6.0,0.0,0.0,6.0,localizada,indígena,12 a 17,mujer,domingo
79.0,11.0,7.0,79.0,localizada,mestiza,12 a 17,mujer,domingo
,,,,no localizada,mestiza,0 a 5,mujer,lunes
,,,,no localizada,mestiza,0 a 5,mujer,lunes
,,,,no localizada,mestiza,12 a 17,hombre,lunes
4.0,0.0,0.0,4.0,localizada,mestiza,12 a 17,mujer,lunes
2.0,0.0,0.0,2.0,localizada,mestiza,12 a 17,mujer,martes
3.0,0.0,0.0,3.0,localizada,mestiza,12 a 17,mujer,jueves
,,,,no localizada,indígena,12 a 17,hombre,domingo
38.0,5.0,5.0,38.0,localizada,indígena,12 a 17,hombre,domingo
3.0,0.0,0.0,3.0,localizada,indígena,12 a 17,mujer,lunes
1.0,0.0,0.0,1.0,localizada,indígena,12 a 17,mujer,lunes
3.0,0.0,0.0,3.0,localizada,mestiza,12 a 17,mujer,lunes
1.0,0.0,0.0,1.0,localizada,indígena,12 a 17,hombre,lunes
,,,,no localizada,mestiza,6 a 11,hombre,jueves
,,,,no localizada,indígena,6 a 11,hombre,jueves
9.0,1.0,1.0,9.0,localizada,indígena,12 a 17,mujer,jueves
6.0,0.0,0.0,6.0,localizada,indígena,12 a 17,hombre,viernes
4.0,0.0,0.0,4.0,localizada,mestiza,12 a 17,hombre,viernes
20.0,2.0,2.0,20.0,localizada,mestiza,12 a 17,mujer,sábado
4.0,0.0,0.0,4.0,localizada,mestiza,12 a 17,hombre,domingo
4.0,0.0,0.0,4.0,localizada,mestiza,12 a 17,hombre,domingo
,,,,no localizada,mestiza,0 a 5,mujer,domingo
,,,,no localizada,mestiza,0 a 5,mujer,domingo
4.0,0.0,0.0,4.0,localizada,mestiza,12 a 17,mujer,lunes
101.0,14.0,7.0,100.0,localizada,mestiza,12 a 17,mujer,lunes
6.0,0.0,0.0,6.0,localizada,mestiza,12 a 17,mujer,martes
,,,,no localizada,indígena,6 a 11,hombre,miércoles
,,,,no localizada,indígena,6 a 11,hombre,jueves
,,,,no localizada,mestiza,0 a 5,hombre,jueves
,,,,no localizada,mestiza,6 a 11,mujer,jueves
18.0,2.0,2.0,18.0,localizada,indígena,0 a 5,mujer,sábado
4.0,0.0,0.0,4.0,localizada,indígena,12 a 17,hombre,domingo
4.0,0.0,0.0,4.0,localizada,indígena,12 a 17,mujer,lunes
3.0,0.0,0.0,3.0,localizada,indígena,0 a 5,mujer,martes
,,,,no localizada,indígena,0 a 5,hombre,miércoles
,,,,no localizada,mestiza,0 a 5,mujer,miércoles
12.0,1.0,1.0,12.0,localizada,mestiza,12 a 17,mujer,miércoles
5.0,0.0,0.0,5.0,localizada,indígena,12 a 17,mujer,jueves
5.0,0.0,0.0,5.0,localizada,mestiza,6 a 11,hombre,jueves
5.0,0.0,0.0,5.0,localizada,mestiza,0 a 5,hombre,jueves
45.0,6.0,6.0,45.0,localizada,indígena,12 a 17,mujer,jueves
15.0,2.0,2.0,15.0,localizada,mestiza,12 a 17,mujer,sábado
11.0,1.0,1.0,11.0,localizada,mestiza,12 a 17,mujer,sábado
2.0,0.0,0.0,2.0,localizada,mestiza,12 a 17,mujer,domingo
3.0,0.0,0.0,3.0,localizada,mestiza,12 a 17,mujer,martes
,,,,no localizada,indígena,12 a 17,hombre,martes
14.0,2.0,2.0,14.0,localizada,mestiza,12 a 17,mujer,martes
54.0,7.0,7.0,54.0,localizada,mestiza,12 a 17,mujer,miércoles
54.0,7.0,7.0,54.0,localizada,mestiza,6 a 11,mujer,miércoles
5.0,0.0,0.0,5.0,localizada,indígena,12 a 17,mujer,miércoles
,,,,no localizada,mestiza,12 a 17,mujer,miércoles
10.0,1.0,1.0,10.0,localizada,indígena,12 a 17,mujer,jueves
,,,,no localizada,mestiza,0 a 5,hombre,jueves
1.0,0.0,0.0,1.0,localizada,mestiza,0 a 5,mujer,jueves
11.0,1.0,1.0,11.0,localizada,mestiza,0 a 5,mujer,viernes
2.0,0.0,0.0,2.0,localizada,mestiza,12 a 17,mujer,viernes
,,,,no localizada,mestiza,12 a 17,hombre,sábado
,,,,no localizada,mestiza,12 a 17,mujer,domingo
4.0,0.0,0.0,4.0,localizada,mestiza,0 a 5,mujer,domingo
2.0,0.0,0.0,2.0,localizada,mestiza,12 a 17,mujer,lunes
8.0,1.0,1.0,8.0,localizada,mestiza,0 a 5,hombre,martes
8.0,1.0,1.0,8.0,localizada,indígena,12 a 17,mujer,martes
1.0,0.0,0.0,1.0,localizada,indígena,12 a 17,mujer,martes
9.0,1.0,1.0,9.0,localizada,mestiza,0 a 5,hombre,martes
1.0,0.0,0.0,1.0,localizada,indígena,12 a 17,hombre,martes
49.0,7.0,7.0,49.0,localizada,indígena,12 a 17,hombre,martes
5.0,0.0,0.0,5.0,localizada,mestiza,12 a 17,mujer,miércoles
,,,,no localizada,indígena,12 a 17,mujer,miércoles
,,,,no localizada,indígena,12 a 17,mujer,jueves
,,,,no localizada,mestiza,6 a 11,hombre,jueves
4.0,0.0,0.0,4.0,localizada,indígena,12 a 17,mujer,viernes
3.0,0.0,0.0,3.0,localizada,indígena,12 a 17,hombre,viernes
3.0,0.0,0.0,3.0,localizada,mestiza,12 a 17,mujer,domingo
40.0,5.0,5.0,40.0,localizada sin vida,indígena,12 a 17,hombre,jueves
5.0,0.0,0.0,5.0,localizada,mestiza,12 a 17,mujer,viernes
5.0,0.0,0.0,5.0,localizada,indígena,12 a 17,mujer,viernes
2.0,0.0,0.0,2.0,localizada,mestiza,12 a 17,mujer,domingo
,,,,no localizada,mestiza,12 a 17,hombre,lunes
,,,,no localizada,mestiza,12 a 17,mujer,martes
2.0,0.0,0.0,2.0,localizada,indígena,6 a 11,hombre,miércoles
14.0,2.0,2.0,14.0,localizada,mestiza,12 a 17,mujer,jueves
,,,,no localizada,indígena,12 a 17,hombre,viernes
12.0,1.0,1.0,12.0,localizada,indígena,12 a 17,mujer,viernes
2.0,0.0,0.0,2.0,localizada,mestiza,12 a 17,hombre,sábado
31.0,4.0,4.0,31.0,localizada,indígena,12 a 17,hombre,domingo
30.0,4.0,4.0,30.0,localizada,indígena,12 a 17,hombre,domingo
22.0,3.0,3.0,22.0,localizada,indígena,6 a 11,hombre,miércoles
21.0,3.0,3.0,21.0,localizada,indígena,0 a 5,mujer,jueves
5.0,0.0,0.0,5.0,localizada,mestiza,12 a 17,mujer,jueves
21.0,3.0,3.0,21.0,localizada,mestiza,0 a 5,hombre,jueves
5.0,0.0,0.0,5.0,localizada,mestiza,12 a 17,mujer,jueves
,,,,no localizada,mestiza,12 a 17,hombre,sábado
18.0,2.0,2.0,18.0,localizada,mestiza,12 a 17,mujer,domingo
3.0,0.0,0.0,3.0,localizada,indígena,12 a 17,mujer,lunes
17.0,2.0,2.0,17.0,localizada,mestiza,12 a 17,hombre,lunes
,,,,no localizada,indígena,12 a 17,mujer,martes
4.0,0.0,0.0,4.0,localizada,mestiza,12 a 17,hombre,martes
22.0,3.0,3.0,22.0,localizada,mestiza,6 a 11,hombre,miércoles
3.0,0.0,0.0,3.0,localizada,mestiza,12 a 17,mujer,jueves
18.0,2.0,2.0,18.0,localizada,mestiza,12 a 17,hombre,jueves
2.0,0.0,0.0,2.0,localizada,mestiza,12 a 17,mujer,domingo
2.0,0.0,0.0,2.0,localizada,mestiza,12 a 17,mujer,domingo
14.0,2.0,2.0,14.0,localizada,indígena,12 a 17,mujer,domingo
20.0,2.0,2.0,20.0,localizada,mestiza,0 a 5,mujer,lunes
,,,,no localizada,mestiza,12 a 17,mujer,martes
1.0,0.0,0.0,1.0,localizada,mestiza,12 a 17,mujer,martes
28.0,4.0,4.0,28.0,localizada,mestiza,12 a 17,mujer,martes
37.0,5.0,5.0,37.0,localizada,indígena,12 a 17,mujer,miércoles
,,,,no localizada,indígena,12 a 17,mujer,miércoles
,,,,no localizada,mestiza,12 a 17,hombre,jueves
,,,,no localizada,mestiza,6 a 11,mujer,jueves
,,,,no localizada,mestiza,12 a 17,mujer,jueves
22.0,3.0,3.0,22.0,localizada,mestiza,12 a 17,mujer,jueves
80.0,11.0,7.0,80.0,localizada,indígena,12 a 17,mujer,viernes
367.0,52.0,7.0,100.0,localizada,mestiza,12 a 17,mujer,domingo
1.0,0.0,0.0,1.0,localizada,indígena,12 a 17,hombre,sábado
4.0,0.0,0.0,4.0,localizada,mestiza,12 a 17,mujer,domingo
23.0,3.0,3.0,23.0,localizada,indígena,6 a 11,hombre,lunes
6.0,0.0,0.0,6.0,localizada,mestiza,12 a 17,mujer,jueves
4.0,0.0,0.0,4.0,localizada,indígena,12 a 17,mujer,viernes
20.0,2.0,2.0,20.0,localizada,mestiza,12 a 17,mujer,domingo
31.0,4.0,4.0,31.0,localizada,mestiza,0 a 5,mujer,lunes
10.0,1.0,1.0,10.0,localizada,indígena,12 a 17,mujer,martes
2.0,0.0,0.0,2.0,localizada,indígena,12 a 17,hombre,miércoles
2.0,0.0,0.0,2.0,localizada,indígena,12 a 17,mujer,sábado
4.0,0.0,0.0,4.0,localizada,indígena,12 a 17,hombre,domingo
,,,,no localizada,indígena,0 a 5,mujer,domingo
,,,,no localizada,indígena,0 a 5,mujer,martes
1.0,0.0,0.0,1.0,localizada,mestiza,12 a 17,mujer,miércoles
317.0,45.0,7.0,100.0,localizada,indígena,12 a 17,mujer,jueves
1.0,0.0,0.0,1.0,localizada,indígena,12 a 17,mujer,domingo
,,,,no localizada,mestiza,6 a 11,mujer,lunes
,,,,no localizada,mestiza,12 a 17,mujer,martes
4.0,0.0,0.0,4.0,localizada,mestiza,12 a 17,mujer,jueves
6.0,0.0,0.0,6.0,localizada,indígena,12 a 17,mujer,sábado
2.0,0.0,0.0,2.0,localizada,indígena,12 a 17,mujer,sábado
5.0,0.0,0.0,5.0,localizada,indígena,12 a 17,mujer,lunes
23.0,3.0,3.0,23.0,localizada,indígena,12 a 17,mujer,martes
3.0,0.0,0.0,3.0,localizada,mestiza,12 a 17,mujer,martes
,,,,no localizada,indígena,6 a 11,mujer,miércoles
,,,,no localizada,indígena,6 a 11,hombre,miércoles
,,,,no localizada,indígena,12 a 17,mujer,miércoles
32.0,4.0,4.0,32.0,localizada,indígena,12 a 17,mujer,viernes
11.0,1.0,1.0,11.0,localizada,mestiza,12 a 17,mujer,domingo
3.0,0.0,0.0,3.0,localizada,mestiza,12 a 17,mujer,lunes
1.0,0.0,0.0,1.0,localizada,indígena,12 a 17,hombre,lunes
2.0,0.0,0.0,2.0,localizada,mestiza,12 a 17,mujer,martes
41.0,5.0,5.0,41.0,localizada,indígena,12 a 17,mujer,miércoles
1.0,0.0,0.0,1.0,localizada,mestiza,12 a 17,mujer,viernes
-0.0,-0.0,-0.0,-0.0,localizada,mestiza,12 a 17,hombre,viernes
12.0,1.0,1.0,12.0,localizada,mestiza,0 a 5,mujer,viernes
7.0,1.0,1.0,7.0,localizada,indígena,12 a 17,mujer,sábado
,,,,no localizada,indígena,12 a 17,mujer,sábado
,,,,no localizada,indígena,0 a 5,hombre,sábado
4.0,0.0,0.0,4.0,localizada,mestiza,12 a 17,mujer,domingo
,,,,no localizada,indígena,0 a 5,mujer,martes
-0.0,-0.0,-0.0,-0.0,localizada,indígena,12 a 17,mujer,martes
2.0,0.0,0.0,2.0,localizada,mestiza,12 a 17,mujer,miércoles
2.0,0.0,0.0,2.0,localizada,mestiza,12 a 17,mujer,miércoles
,,,,no localizada,indígena,12 a 17,mujer,miércoles
3.0,0.0,0.0,3.0,localizada,mestiza,12 a 17,hombre,viernes
3.0,0.0,0.0,3.0,localizada,mestiza,12 a 17,mujer,viernes
,,,,no localizada,indígena,12 a 17,mujer,viernes
2.0,0.0,0.0,2.0,localizada,mestiza,12 a 17,mujer,sábado
,,,,no localizada,indígena,12 a 17,mujer,sábado
9.0,1.0,1.0,9.0,localizada,mestiza,12 a 17,mujer,domingo
6.0,0.0,0.0,6.0,localizada,mestiza,12 a 17,mujer,domingo
,,,,no localizada,mestiza,12 a 17,mujer,domingo
1.0,0.0,0.0,1.0,localizada,indígena,12 a 17,hombre,lunes
2.0,0.0,0.0,2.0,localizada,indígena,12 a 17,mujer,martes
21.0,3.0,3.0,21.0,localizada,indígena,0 a 5,mujer,miércoles
1.0,0.0,0.0,1.0,localizada,indígena,12 a 17,mujer,miércoles
2.0,0.0,0.0,2.0,localizada,indígena,12 a 17,mujer,jueves
1.0,0.0,0.0,1.0,localizada,mestiza,12 a 17,mujer,jueves
8.0,1.0,1.0,8.0,localizada,indígena,12 a 17,mujer,lunes
5.0,0.0,0.0,5.0,localizada,mestiza,12 a 17,mujer,lunes
1.0,0.0,0.0,1.0,localizada,mestiza,12 a 17,mujer,lunes
11.0,1.0,1.0,11.0,localizada,indígena,12 a 17,mujer,martes
,,,,no localizada,mestiza,6 a 11,mujer,martes
5.0,0.0,0.0,5.0,localizada,mestiza,12 a 17,mujer,jueves
2.0,0.0,0.0,2.0,localizada,mestiza,12 a 17,mujer,jueves
3.0,0.0,0.0,3.0,localizada,mestiza,12 a 17,hombre,viernes
5.0,0.0,0.0,5.0,localizada,mestiza,12 a 17,hombre,sábado
33.0,4.0,4.0,33.0,localizada,indígena,12 a 17,mujer,domingo
3.0,0.0,0.0,3.0,localizada,indígena,12 a 17,mujer,domingo
2.0,0.0,0.0,2.0,localizada,indígena,12 a 17,mujer,lunes
1.0,0.0,0.0,1.0,localizada,indígena,6 a 11,hombre,martes
1.0,0.0,0.0,1.0,localizada,indígena,6 a 11,mujer,martes
8.0,1.0,1.0,8.0,localizada,mestiza,12 a 17,mujer,miércoles
8.0,1.0,1.0,8.0,localizada,mestiza,12 a 17,mujer,miércoles
9.0,1.0,1.0,9.0,localizada sin vida,indígena,6 a 11,mujer,jueves
4.0,0.0,0.0,4.0,localizada,mestiza,12 a 17,mujer,jueves
8.0,1.0,1.0,8.0,localizada,mestiza,12 a 17,mujer,viernes
3.0,0.0,0.0,3.0,localizada,indígena,12 a 17,mujer,sábado
26.0,3.0,3.0,26.0,localizada,mestiza,12 a 17,hombre,domingo
6.0,0.0,0.0,6.0,localizada,indígena,12 a 17,mujer,lunes
1.0,0.0,0.0,1.0,localizada,mestiza,12 a 17,mujer,lunes
,,,,no localizada,mestiza,6 a 11,hombre,lunes
,,,,no localizada,mestiza,6 a 11,hombre,lunes
2.0,0.0,0.0,2.0,localizada,mestiza,0 a 5,hombre,martes
8.0,1.0,1.0,8.0,localizada,mestiza,12 a 17,mujer,miércoles
-0.0,-0.0,-0.0,-0.0,localizada,mestiza,12 a 17,mujer,miércoles
33.0,4.0,4.0,33.0,localizada,mestiza,6 a 11,hombre,jueves
33.0,4.0,4.0,33.0,localizada,mestiza,6 a 11,mujer,jueves
,,,,no localizada,mestiza,0 a 5,mujer,jueves
,,,,no localizada,mestiza,12 a 17,mujer,jueves
2.0,0.0,0.0,2.0,localizada,indígena,12 a 17,mujer,jueves
2.0,0.0,0.0,2.0,localizada,indígena,12 a 17,hombre,jueves
2.0,0.0,0.0,2.0,localizada,mestiza,12 a 17,hombre,sábado
2.0,0.0,0.0,2.0,localizada,indígena,12 a 17,mujer,sábado
17.0,2.0,2.0,17.0,localizada,indígena,12 a 17,mujer,sábado
4.0,0.0,0.0,4.0,localizada,mestiza,12 a 17,hombre,sábado
3.0,0.0,0.0,3.0,localizada,indígena,12 a 17,hombre,sábado
3.0,0.0,0.0,3.0,localizada,mestiza,12 a 17,mujer,domingo
3.0,0.0,0.0,3.0,localizada,mestiza,12 a 17,hombre,domingo
12.0,1.0,1.0,12.0,localizada,indígena,12 a 17,mujer,jueves
3.0,0.0,0.0,3.0,localizada,indígena,12 a 17,mujer,jueves
9.0,1.0,1.0,9.0,localizada,indígena,12 a 17,hombre,sábado
,,,,no localizada,indígena,12 a 17,mujer,domingo
15.0,2.0,2.0,15.0,localizada,indígena,12 a 17,mujer,domingo
12.0,1.0,1.0,12.0,localizada,indígena,12 a 17,mujer,domingo
2.0,0.0,0.0,2.0,localizada,indígena,12 a 17,hombre,domingo
,,,,no localizada,mestiza,0 a 5,mujer,lunes
,,,,no localizada,mestiza,6 a 11,mujer,lunes
,,,,no localizada,indígena,12 a 17,mujer,lunes
2.0,0.0,0.0,2.0,localizada,mestiza,12 a 17,mujer,martes
66.0,9.0,7.0,66.0,localizada,indígena,12 a 17,mujer,miércoles
17.0,2.0,2.0,17.0,localizada,mestiza,12 a 17,mujer,miércoles
16.0,2.0,2.0,16.0,localizada,mestiza,12 a 17,mujer,jueves
1.0,0.0,0.0,1.0,localizada,mestiza,12 a 17,mujer,viernes
6.0,0.0,0.0,6.0,localizada,mestiza,12 a 17,hombre,sábado
4.0,0.0,0.0,4.0,localizada,indígena,12 a 17,mujer,sábado
3.0,0.0,0.0,3.0,localizada,indígena,12 a 17,mujer,domingo
28.0,4.0,4.0,28.0,localizada,indígena,12 a 17,mujer,lunes
2.0,0.0,0.0,2.0,localizada,mestiza,12 a 17,mujer,lunes
7.0,1.0,1.0,7.0,localizada,mestiza,12 a 17,mujer,martes
2.0,0.0,0.0,2.0,localizada,indígena,12 a 17,hombre,miércoles
2.0,0.0,0.0,2.0,localizada,mestiza,12 a 17,mujer,miércoles
1.0,0.0,0.0,1.0,localizada,mestiza,12 a 17,hombre,miércoles
,,,,no localizada,indígena,12 a 17,mujer,miércoles
1.0,0.0,0.0,1.0,localizada,indígena,12 a 17,mujer,jueves
1.0,0.0,0.0,1.0,localizada,indígena,12 a 17,mujer,viernes
1.0,0.0,0.0,1.0,localizada,indígena,12 a 17,mujer,viernes
160.0,22.0,7.0,100.0,localizada,mestiza,12 a 17,mujer,sábado
31.0,4.0,4.0,31.0,localizada,indígena,6 a 11,mujer,domingo
,,,,no localizada,indígena,12 a 17,mujer,domingo
37.0,5.0,5.0,37.0,localizada,indígena,12 a 17,mujer,martes
5.0,0.0,0.0,5.0,localizada,mestiza,12 a 17,mujer,miércoles
1.0,0.0,0.0,1.0,localizada,indígena,12 a 17,mujer,viernes
1.0,0.0,0.0,1.0,localizada,mestiza,12 a 17,mujer,viernes
22.0,3.0,3.0,22.0,localizada,mestiza,12 a 17,hombre,lunes
-0.0,-0.0,-0.0,-0.0,localizada,mestiza,6 a 11,hombre,martes
26.0,3.0,3.0,26.0,localizada,mestiza,12 a 17,mujer,miércoles
,,,,no localizada,mestiza,12 a 17,hombre,miércoles
,,,,no localizada,indígena,12 a 17,mujer,jueves
4.0,0.0,0.0,4.0,localizada,mestiza,12 a 17,hombre,sábado
,,,,no localizada,indígena,12 a 17,mujer,sábado
8.0,1.0,1.0,8.0,localizada,indígena,12 a 17,mujer,domingo
1.0,0.0,0.0,1.0,localizada,mestiza,12 a 17,hombre,martes
1.0,0.0,0.0,1.0,localizada,indígena,12 a 17,mujer,jueves
2.0,0.0,0.0,2.0,localizada,indígena,12 a 17,mujer,sábado
15.0,2.0,2.0,15.0,localizada,indígena,6 a 11,hombre,martes
2.0,0.0,0.0,2.0,localizada,mestiza,12 a 17,hombre,martes
,,,,no localizada,mestiza,12 a 17,hombre,martes
,,,,no localizada,indígena,0 a 5,mujer,viernes
20.0,2.0,2.0,20.0,localizada,mestiza,12 a 17,mujer,viernes
,,,,no localizada,indígena,6 a 11,hombre,sábado
61.0,8.0,7.0,61.0,localizada,indígena,0 a 5,mujer,domingo
8.0,1.0,1.0,8.0,localizada,indígena,12 a 17,mujer,martes
3.0,0.0,0.0,3.0,localizada,mestiza,12 a 17,hombre,martes
1.0,0.0,0.0,1.0,localizada,mestiza,12 a 17,mujer,martes
9.0,1.0,1.0,9.0,localizada,mestiza,12 a 17,mujer,miércoles
8.0,1.0,1.0,8.0,localizada,indígena,12 a 17,mujer,miércoles
,,,,no localizada,mestiza,12 a 17,mujer,jueves
,,,,no localizada,indígena,12 a 17,hombre,viernes
8.0,1.0,1.0,8.0,localizada,indígena,12 a 17,mujer,viernes
,,,,no localizada,mestiza,12 a 17,hombre,sábado
4.0,0.0,0.0,4.0,localizada,indígena,12 a 17,mujer,sábado
9.0,1.0,1.0,9.0,localizada,mestiza,12 a 17,mujer,domingo
,,,,no localizada,mestiza,12 a 17,hombre,jueves
4.0,0.0,0.0,4.0,localizada,mestiza,12 a 17,mujer,lunes
3.0,0.0,0.0,3.0,localizada,mestiza,12 a 17,mujer,lunes
3.0,0.0,0.0,3.0,localizada,indígena,12 a 17,mujer,martes
3.0,0.0,0.0,3.0,localizada,indígena,12 a 17,hombre,martes
,,,,no localizada,mestiza,12 a 17,mujer,miércoles
5.0,0.0,0.0,5.0,localizada,indígena,12 a 17,mujer,jueves
22.0,3.0,3.0,22.0,localizada,indígena,12 a 17,mujer,jueves
13.0,1.0,1.0,13.0,localizada,mestiza,12 a 17,mujer,jueves
,,,,no localizada,indígena,12 a 17,mujer,viernes
,,,,no localizada,mestiza,0 a 5,hombre,viernes
,,,,no localizada,mestiza,12 a 17,mujer,viernes
122.0,17.0,7.0,100.0,localizada,mestiza,12 a 17,hombre,viernes
95.0,13.0,7.0,95.0,localizada,indígena,12 a 17,mujer,domingo
3.0,0.0,0.0,3.0,localizada,indígena,12 a 17,mujer,domingo
3.0,0.0,0.0,3.0,localizada,mestiza,12 a 17,mujer,domingo
305.0,43.0,7.0,100.0,localizada,indígena,6 a 11,mujer,domingo
2.0,0.0,0.0,2.0,localizada,indígena,12 a 17,mujer,lunes
7.0,1.0,1.0,7.0,localizada,mestiza,12 a 17,mujer,lunes
,,,,no localizada,indígena,12 a 17,hombre,martes
,,,,localizada,indígena,12 a 17,mujer,miércoles
8.0,1.0,1.0,8.0,localizada,mestiza,12 a 17,hombre,jueves
5.0,0.0,0.0,5.0,localizada,mestiza,12 a 17,mujer,jueves
1.0,0.0,0.0,1.0,localizada,indígena,12 a 17,mujer,viernes
,,,,no localizada,mestiza,12 a 17,hombre,viernes
20.0,2.0,2.0,20.0,localizada,indígena,6 a 11,hombre,sábado
20.0,2.0,2.0,20.0,localizada,indígena,0 a 5,hombre,sábado
80.0,11.0,7.0,80.0,localizada,indígena,12 a 17,mujer,sábado
8.0,1.0,1.0,8.0,localizada,mestiza,12 a 17,mujer,domingo
8.0,1.0,1.0,8.0,localizada,indígena,12 a 17,hombre,domingo
3.0,0.0,0.0,3.0,localizada,mestiza,12 a 17,hombre,lunes
1.0,0.0,0.0,1.0,localizada,mestiza,12 a 17,mujer,lunes
11.0,1.0,1.0,11.0,localizada,indígena,12 a 17,mujer,jueves
26.0,3.0,3.0,26.0,localizada,indígena,12 a 17,hombre,jueves
1.0,0.0,0.0,1.0,localizada,indígena,12 a 17,mujer,domingo
4.0,0.0,0.0,4.0,localizada,indígena,12 a 17,mujer,domingo
,,,,no localizada,mestiza,12 a 17,mujer,viernes
6.0,0.0,0.0,6.0,localizada,mestiza,12 a 17,hombre,domingo
,,,,no localizada,indígena,0 a 5,hombre,lunes
1.0,0.0,0.0,1.0,localizada,mestiza,12 a 17,hombre,lunes
28.0,4.0,4.0,28.0,localizada,indígena,12 a 17,mujer,martes
2.0,0.0,0.0,2.0,localizada,indígena,12 a 17,mujer,miércoles
13.0,1.0,1.0,13.0,localizada,indígena,12 a 17,mujer,miércoles
4.0,0.0,0.0,4.0,localizada,indígena,12 a 17,mujer,viernes
7.0,1.0,1.0,7.0,localizada,indígena,12 a 17,hombre,viernes
11.0,1.0,1.0,11.0,localizada,indígena,12 a 17,mujer,viernes
74.0,10.0,7.0,74.0,localizada,mestiza,6 a 11,hombre,sábado
74.0,10.0,7.0,74.0,localizada,mestiza,6 a 11,hombre,sábado
,,,,no localizada,indígena,12 a 17,mujer,domingo
7.0,1.0,1.0,7.0,localizada,indígena,12 a 17,mujer,lunes
2.0,0.0,0.0,2.0,localizada,mestiza,12 a 17,mujer,martes
2.0,0.0,0.0,2.0,localizada,indígena,12 a 17,mujer,martes
21.0,3.0,3.0,21.0,localizada,indígena,0 a 5,mujer,martes
21.0,3.0,3.0,21.0,localizada,indígena,12 a 17,hombre,martes
97.0,13.0,7.0,97.0,localizada,indígena,0 a 5,hombre,miércoles
97.0,13.0,7.0,97.0,localizada,indígena,0 a 5,hombre,miércoles
9.0,1.0,1.0,9.0,localizada,indígena,12 a 17,mujer,miércoles
1.0,0.0,0.0,1.0,localizada,mestiza,12 a 17,mujer,jueves
1.0,0.0,0.0,1.0,localizada,indígena,12 a 17,mujer,jueves
1.0,0.0,0.0,1.0,localizada,indígena,12 a 17,mujer,jueves
,,,,no localizada,mestiza,0 a 5,hombre,jueves
,,,,no localizada,mestiza,6 a 11,mujer,viernes
,,,,no localizada,indígena,12 a 17,mujer,sábado
,,,,no localizada,mestiza,12 a 17,mujer,sábado
3.0,0.0,0.0,3.0,localizada,indígena,12 a 17,mujer,lunes
3.0,0.0,0.0,3.0,localizada,indígena,12 a 17,mujer,lunes
3.0,0.0,0.0,3.0,localizada,indígena,6 a 11,mujer,lunes
6.0,0.0,0.0,6.0,localizada,mestiza,0 a 5,hombre,jueves
8.0,1.0,1.0,8.0,localizada,indígena,12 a 17,mujer,sábado
10.0,1.0,1.0,10.0,localizada,indígena,12 a 17,mujer,sábado
4.0,0.0,0.0,4.0,localizada,indígena,12 a 17,mujer,lunes
2.0,0.0,0.0,2.0,localizada,indígena,12 a 17,mujer,martes
100.0,14.0,7.0,100.0,localizada,indígena,12 a 17,hombre,viernes
5.0,0.0,0.0,5.0,localizada,mestiza,12 a 17,hombre,sábado
17.0,2.0,2.0,17.0,localizada,mestiza,12 a 17,mujer,domingo
4.0,0.0,0.0,4.0,localizada,indígena,12 a 17,mujer,lunes
27.0,3.0,3.0,27.0,localizada,mestiza,12 a 17,mujer,martes
,,,,no localizada,mestiza,6 a 11,mujer,martes
,,,,no localizada,indígena,12 a 17,mujer,jueves
4.0,0.0,0.0,4.0,localizada,indígena,12 a 17,mujer,jueves
3.0,0.0,0.0,3.0,localizada,mestiza,12 a 17,mujer,viernes
,,,,localizada,indígena,12 a 17,mujer,sábado
8.0,1.0,1.0,8.0,localizada,indígena,12 a 17,mujer,domingo
,,,,no localizada,indígena,6 a 11,hombre,lunes
,,,,no localizada,indígena,6 a 11,hombre,lunes
,,,,no localizada,indígena,6 a 11,mujer,lunes
2.0,0.0,0.0,2.0,localizada,indígena,12 a 17,mujer,lunes
4.0,0.0,0.0,4.0,localizada,indígena,12 a 17,mujer,miércoles
,,,,no localizada,indígena,12 a 17,hombre,miércoles
2.0,0.0,0.0,2.0,localizada,mestiza,6 a 11,mujer,miércoles
,,,,no localizada,indígena,12 a 17,mujer,sábado
,,,,no localizada,indígena,12 a 17,mujer,sábado
367.0,52.0,7.0,100.0,localizada,indígena,12 a 17,mujer,sábado
19.0,2.0,2.0,19.0,localizada,indígena,12 a 17,mujer,sábado
,,,,no localizada,indígena,12 a 17,mujer,sábado
-0.0,-0.0,-0.0,-0.0,localizada,indígena,12 a 17,mujer,domingo
3.0,0.0,0.0,3.0,localizada,mestiza,12 a 17,mujer,martes
,,,,no localizada,indígena,0 a 5,hombre,miércoles
4.0,0.0,0.0,4.0,localizada,indígena,12 a 17,hombre,viernes
104.0,14.0,7.0,100.0,localizada,indígena,12 a 17,mujer,sábado
2.0,0.0,0.0,2.0,localizada,mestiza,12 a 17,mujer,sábado
1.0,0.0,0.0,1.0,localizada,indígena,12 a 17,mujer,sábado
2.0,0.0,0.0,2.0,localizada,mestiza,12 a 17,hombre,domingo
4.0,0.0,0.0,4.0,localizada,indígena,12 a 17,mujer,jueves
16.0,2.0,2.0,16.0,localizada,indígena,12 a 17,mujer,jueves
3.0,0.0,0.0,3.0,localizada,indígena,12 a 17,mujer,viernes
4.0,0.0,0.0,4.0,localizada,indígena,12 a 17,mujer,viernes
6.0,0.0,0.0,6.0,localizada,indígena,0 a 5,mujer,sábado
,,,,no localizada,indígena,12 a 17,mujer,sábado
164.0,23.0,7.0,100.0,localizada,indígena,12 a 17,hombre,domingo
4.0,0.0,0.0,4.0,localizada,indígena,12 a 17,mujer,domingo
2.0,0.0,0.0,2.0,localizada,mestiza,12 a 17,mujer,domingo
8.0,1.0,1.0,8.0,localizada,mestiza,12 a 17,hombre,domingo
1.0,0.0,0.0,1.0,localizada,mestiza,12 a 17,mujer,lunes
16.0,2.0,2.0,16.0,localizada,indígena,12 a 17,mujer,lunes
7.0,1.0,1.0,7.0,localizada,mestiza,12 a 17,hombre,lunes
4.0,0.0,0.0,4.0,localizada,indígena,6 a 11,hombre,martes
4.0,0.0,0.0,4.0,localizada,indígena,6 a 11,hombre,martes
4.0,0.0,0.0,4.0,localizada,indígena,0 a 5,hombre,martes
2.0,0.0,0.0,2.0,localizada,mestiza,12 a 17,mujer,jueves
2.0,0.0,0.0,2.0,localizada,mestiza,12 a 17,mujer,lunes
3.0,0.0,0.0,3.0,localizada,mestiza,12 a 17,mujer,martes
,,,,no localizada,indígena,12 a 17,hombre,martes
46.0,6.0,6.0,46.0,localizada,indígena,12 a 17,mujer,miércoles
1.0,0.0,0.0,1.0,localizada,mestiza,12 a 17,mujer,jueves
100.0,14.0,7.0,100.0,localizada,indígena,12 a 17,mujer,domingo
2.0,0.0,0.0,2.0,localizada,indígena,12 a 17,mujer,lunes
6.0,0.0,0.0,6.0,localizada,indígena,12 a 17,mujer,martes
13.0,1.0,1.0,13.0,localizada,mestiza,12 a 17,mujer,martes
,,,,no localizada,indígena,12 a 17,mujer,miércoles
6.0,0.0,0.0,6.0,localizada,indígena,12 a 17,mujer,sábado
3.0,0.0,0.0,3.0,localizada,mestiza,12 a 17,mujer,domingo
66.0,9.0,7.0,66.0,localizada,mestiza,6 a 11,mujer,lunes
,,,,no localizada,mestiza,12 a 17,mujer,martes
2.0,0.0,0.0,2.0,localizada sin vida,mestiza,12 a 17,hombre,lunes
5.0,0.0,0.0,5.0,localizada,mestiza,12 a 17,hombre,lunes
,,,,no localizada,mestiza,12 a 17,mujer,lunes
,,,,no localizada,indígena,12 a 17,hombre,lunes
,,,,no localizada,indígena,12 a 17,mujer,lunes
63.0,9.0,7.0,63.0,localizada,mestiza,12 a 17,mujer,martes
60.0,8.0,7.0,60.0,localizada,mestiza,6 a 11,mujer,jueves
8.0,1.0,1.0,8.0,localizada,mestiza,12 a 17,mujer,domingo
2.0,0.0,0.0,2.0,localizada,mestiza,12 a 17,mujer,domingo
30.0,4.0,4.0,30.0,localizada,mestiza,6 a 11,hombre,lunes
30.0,4.0,4.0,30.0,localizada,mestiza,0 a 5,hombre,lunes
3.0,0.0,0.0,3.0,localizada,mestiza,12 a 17,mujer,martes
6.0,0.0,0.0,6.0,localizada,indígena,12 a 17,mujer,martes
63.0,9.0,7.0,63.0,localizada,indígena,12 a 17,mujer,miércoles
15.0,2.0,2.0,15.0,localizada,mestiza,12 a 17,mujer,miércoles
11.0,1.0,1.0,11.0,localizada,indígena,12 a 17,mujer,jueves
1.0,0.0,0.0,1.0,localizada,mestiza,12 a 17,mujer,jueves
7.0,1.0,1.0,7.0,localizada,indígena,12 a 17,mujer,sábado
32.0,4.0,4.0,32.0,localizada,indígena,12 a 17,mujer,domingo
,,,,no localizada,indígena,0 a 5,mujer,domingo
1.0,0.0,0.0,1.0,localizada,indígena,12 a 17,mujer,lunes
1.0,0.0,0.0,1.0,localizada,indígena,12 a 17,mujer,lunes
1.0,0.0,0.0,1.0,localizada,mestiza,12 a 17,mujer,miércoles
,,,,no localizada,indígena,12 a 17,mujer,miércoles
1.0,0.0,0.0,1.0,localizada,mestiza,12 a 17,mujer,viernes
3.0,0.0,0.0,3.0,localizada,mestiza,12 a 17,mujer,sábado
9.0,1.0,1.0,9.0,localizada,mestiza,12 a 17,mujer,domingo
4.0,0.0,0.0,4.0,localizada,indígena,12 a 17,mujer,domingo
,,,,no localizada,mestiza,12 a 17,hombre,miércoles
23.0,3.0,3.0,23.0,localizada,mestiza,6 a 11,hombre,lunes
,,,,no localizada,mestiza,12 a 17,mujer,miércoles
3.0,0.0,0.0,3.0,localizada,indígena,12 a 17,mujer,jueves
7.0,1.0,1.0,7.0,localizada,mestiza,12 a 17,mujer,jueves
6.0,0.0,0.0,6.0,localizada,mestiza,0 a 5,hombre,viernes
6.0,0.0,0.0,6.0,localizada,mestiza,6 a 11,hombre,sábado
6.0,0.0,0.0,6.0,localizada,mestiza,0 a 5,mujer,sábado
12.0,1.0,1.0,12.0,localizada,indígena,12 a 17,mujer,domingo
,,,,no localizada,indígena,12 a 17,mujer,domingo
2.0,0.0,0.0,2.0,localizada,indígena,12 a 17,mujer,lunes
1.0,0.0,0.0,1.0,localizada,mestiza,12 a 17,mujer,lunes
6.0,0.0,0.0,6.0,localizada,indígena,0 a 5,mujer,martes
1.0,0.0,0.0,1.0,localizada,indígena,12 a 17,hombre,martes
4.0,0.0,0.0,4.0,localizada,mestiza,12 a 17,hombre,jueves
6.0,0.0,0.0,6.0,localizada,indígena,12 a 17,mujer,viernes
,,,,no localizada,mestiza,12 a 17,hombre,viernes
1.0,0.0,0.0,1.0,localizada,mestiza,6 a 11,mujer,viernes
,,,,no localizada,indígena,12 a 17,mujer,martes
1.0,0.0,0.0,1.0,localizada,mestiza,6 a 11,hombre,jueves
28.0,4.0,4.0,28.0,localizada,indígena,6 a 11,mujer,viernes
28.0,4.0,4.0,28.0,localizada,indígena,0 a 5,hombre,viernes
45.0,6.0,6.0,45.0,localizada,mestiza,0 a 5,mujer,sábado
2.0,0.0,0.0,2.0,localizada,indígena,12 a 17,mujer,domingo
4.0,0.0,0.0,4.0,localizada,mestiza,12 a 17,mujer,martes
4.0,0.0,0.0,4.0,localizada,indígena,0 a 5,mujer,martes
4.0,0.0,0.0,4.0,localizada,indígena,0 a 5,hombre,martes
8.0,1.0,1.0,8.0,localizada,indígena,12 a 17,mujer,martes
1.0,0.0,0.0,1.0,localizada,mestiza,12 a 17,mujer,viernes
1.0,0.0,0.0,1.0,localizada,indígena,12 a 17,mujer,viernes
2.0,0.0,0.0,2.0,localizada,mestiza,6 a 11,hombre,sábado
58.0,8.0,7.0,58.0,localizada,indígena,0 a 5,hombre,domingo
58.0,8.0,7.0,58.0,localizada,indígena,0 a 5,mujer,domingo
415.0,59.0,7.0,100.0,localizada,indígena,0 a 5,mujer,domingo
4.0,0.0,0.0,4.0,localizada,indígena,12 a 17,mujer,domingo
1.0,0.0,0.0,1.0,localizada,indígena,0 a 5,hombre,domingo
3.0,0.0,0.0,3.0,localizada,indígena,6 a 11,mujer,lunes
6.0,0.0,0.0,6.0,localizada,mestiza,12 a 17,mujer,martes
6.0,0.0,0.0,6.0,localizada,mestiza,0 a 5,mujer,martes
8.0,1.0,1.0,8.0,localizada,indígena,12 a 17,hombre,miércoles
7.0,1.0,1.0,7.0,localizada,mestiza,12 a 17,mujer,jueves
5.0,0.0,0.0,5.0,localizada,mestiza,6 a 11,hombre,jueves
,,,,no localizada,mestiza,12 a 17,hombre,viernes
7.0,1.0,1.0,7.0,localizada,indígena,12 a 17,mujer,sábado
4.0,0.0,0.0,4.0,localizada,indígena,12 a 17,mujer,sábado
3.0,0.0,0.0,3.0,localizada,indígena,12 a 17,mujer,sábado
4.0,0.0,0.0,4.0,localizada,indígena,12 a 17,mujer,sábado
5.0,0.0,0.0,5.0,localizada,indígena,12 a 17,mujer,sábado
,,,,no localizada,indígena,12 a 17,mujer,domingo
,,,,no localizada,mestiza,12 a 17,hombre,domingo
1.0,0.0,0.0,1.0,localizada,mestiza,12 a 17,mujer,domingo
11.0,1.0,1.0,11.0,localizada,mestiza,0 a 5,hombre,lunes
8.0,1.0,1.0,8.0,localizada,indígena,12 a 17,hombre,lunes
3.0,0.0,0.0,3.0,localizada,mestiza,12 a 17,mujer,martes
10.0,1.0,1.0,10.0,localizada,indígena,12 a 17,mujer,miércoles
4.0,0.0,0.0,4.0,localizada,indígena,12 a 17,mujer,viernes
7.0,1.0,1.0,7.0,localizada,mestiza,12 a 17,mujer,viernes
8.0,1.0,1.0,8.0,localizada,mestiza,12 a 17,mujer,viernes
30.0,4.0,4.0,30.0,localizada,indígena,12 a 17,mujer,sábado
11.0,1.0,1.0,11.0,localizada,mestiza,12 a 17,mujer,sábado
5.0,0.0,0.0,5.0,localizada,indígena,12 a 17,mujer,domingo
,,,,no localizada,indígena,12 a 17,hombre,domingo
4.0,0.0,0.0,4.0,localizada,indígena,12 a 17,hombre,lunes
4.0,0.0,0.0,4.0,localizada,indígena,6 a 11,mujer,lunes
4.0,0.0,0.0,4.0,localizada,indígena,12 a 17,mujer,miércoles
2.0,0.0,0.0,2.0,localizada,mestiza,12 a 17,mujer,miércoles
,,,,no localizada,indígena,12 a 17,hombre,jueves
6.0,0.0,0.0,6.0,localizada,indígena,12 a 17,mujer,jueves
,,,,no localizada,indígena,0 a 5,mujer,sábado
4.0,0.0,0.0,4.0,localizada,mestiza,12 a 17,hombre,domingo
2.0,0.0,0.0,2.0,localizada,indígena,12 a 17,hombre,lunes
3.0,0.0,0.0,3.0,localizada,mestiza,0 a 5,mujer,lunes
1.0,0.0,0.0,1.0,localizada,indígena,12 a 17,mujer,lunes
2.0,0.0,0.0,2.0,localizada,indígena,12 a 17,mujer,miércoles
5.0,0.0,0.0,5.0,localizada,mestiza,12 a 17,mujer,jueves
-0.0,-0.0,-0.0,-0.0,localizada,mestiza,12 a 17,mujer,viernes
2.0,0.0,0.0,2.0,localizada,mestiza,12 a 17,mujer,sábado
,,,,no localizada,indígena,0 a 5,mujer,sábado
9.0,1.0,1.0,9.0,localizada,indígena,12 a 17,mujer,domingo
3.0,0.0,0.0,3.0,localizada,mestiza,12 a 17,hombre,lunes
,,,,no localizada,mestiza,12 a 17,mujer,lunes
6.0,0.0,0.0,6.0,localizada,mestiza,12 a 17,mujer,lunes
-0.0,-0.0,-0.0,-0.0,localizada,indígena,12 a 17,hombre,miércoles
,,,,no localizada,mestiza,6 a 11,hombre,jueves
8.0,1.0,1.0,8.0,localizada,mestiza,12 a 17,mujer,domingo
30.0,4.0,4.0,30.0,localizada,indígena,12 a 17,hombre,domingo
12.0,1.0,1.0,12.0,localizada,indígena,12 a 17,mujer,domingo
,,,,no localizada,mestiza,0 a 5,hombre,viernes
,,,,no localizada,mestiza,0 a 5,hombre,viernes
4.0,0.0,0.0,4.0,localizada,mestiza,12 a 17,hombre,viernes
23.0,3.0,3.0,23.0,localizada,mestiza,0 a 5,hombre,domingo
,,,,no localizada,mestiza,12 a 17,mujer,lunes
14.0,2.0,2.0,14.0,localizada,mestiza,12 a 17,mujer,martes
7.0,1.0,1.0,7.0,localizada,mestiza,12 a 17,mujer,miércoles
2.0,0.0,0.0,2.0,localizada,mestiza,12 a 17,mujer,domingo
4.0,0.0,0.0,4.0,localizada,mestiza,12 a 17,mujer,lunes
40.0,5.0,5.0,40.0,localizada,mestiza,12 a 17,mujer,miércoles
5.0,0.0,0.0,5.0,localizada,mestiza,12 a 17,hombre,jueves
,,,,no localizada,mestiza,12 a 17,hombre,jueves
7.0,1.0,1.0,7.0,localizada,mestiza,12 a 17,mujer,viernes
32.0,4.0,4.0,32.0,localizada,indígena,12 a 17,mujer,domingo
,,,,no localizada,mestiza,12 a 17,mujer,lunes
-0.0,-0.0,-0.0,-0.0,localizada,indígena,12 a 17,mujer,lunes
18.0,2.0,2.0,18.0,localizada,mestiza,6 a 11,hombre,jueves
2.0,0.0,0.0,2.0,localizada,mestiza,12 a 17,mujer,domingo
2.0,0.0,0.0,2.0,localizada,mestiza,0 a 5,mujer,domingo
6.0,0.0,0.0,6.0,localizada,mestiza,12 a 17,hombre,domingo
2.0,0.0,0.0,2.0,localizada,indígena,12 a 17,mujer,domingo
4.0,0.0,0.0,4.0,localizada,mestiza,12 a 17,mujer,martes
8.0,1.0,1.0,8.0,localizada,indígena,12 a 17,mujer,miércoles
10.0,1.0,1.0,10.0,localizada,indígena,12 a 17,mujer,jueves
,,,,no localizada,indígena,12 a 17,mujer,viernes
5.0,0.0,0.0,5.0,localizada,mestiza,0 a 5,hombre,sábado
3.0,0.0,0.0,3.0,localizada,indígena,12 a 17,mujer,martes
31.0,4.0,4.0,31.0,localizada,indígena,12 a 17,hombre,martes
23.0,3.0,3.0,23.0,localizada,indígena,12 a 17,mujer,martes
,,,,no localizada,indígena,12 a 17,mujer,miércoles
6.0,0.0,0.0,6.0,localizada,mestiza,12 a 17,hombre,jueves
3.0,0.0,0.0,3.0,localizada,mestiza,12 a 17,mujer,jueves
12.0,1.0,1.0,12.0,localizada,mestiza,12 a 17,mujer,jueves
2.0,0.0,0.0,2.0,localizada,mestiza,12 a 17,mujer,jueves
,,,,no localizada,indígena,12 a 17,mujer,jueves
,,,,no localizada,indígena,12 a 17,mujer,sábado
52.0,7.0,7.0,52.0,localizada,indígena,0 a 5,hombre,domingo
,,,,no localizada,indígena,12 a 17,mujer,domingo
2.0,0.0,0.0,2.0,localizada,indígena,12 a 17,mujer,lunes
4.0,0.0,0.0,4.0,localizada,mestiza,12 a 17,mujer,sábado
1.0,0.0,0.0,1.0,localizada,indígena,12 a 17,mujer,domingo
29.0,4.0,4.0,29.0,localizada,indígena,12 a 17,mujer,lunes
6.0,0.0,0.0,6.0,localizada,indígena,12 a 17,mujer,martes
7.0,1.0,1.0,7.0,localizada,mestiza,0 a 5,hombre,jueves
4.0,0.0,0.0,4.0,localizada,mestiza,12 a 17,mujer,jueves
,,,,no localizada,indígena,12 a 17,mujer,viernes
,,,,no localizada,indígena,12 a 17,hombre,sábado
17.0,2.0,2.0,17.0,localizada,indígena,0 a 5,hombre,lunes
6.0,0.0,0.0,6.0,localizada,mestiza,12 a 17,mujer,lunes
3.0,0.0,0.0,3.0,localizada,indígena,0 a 5,mujer,lunes
6.0,0.0,0.0,6.0,localizada,indígena,12 a 17,hombre,martes
7.0,1.0,1.0,7.0,localizada,indígena,12 a 17,mujer,martes
2.0,0.0,0.0,2.0,localizada,indígena,12 a 17,hombre,miércoles
,,,,no localizada,mestiza,12 a 17,hombre,miércoles
,,,,no localizada,mestiza,6 a 11,hombre,miércoles
,,,,no localizada,indígena,6 a 11,hombre,jueves
,,,,no localizada,mestiza,12 a 17,mujer,viernes
5.0,0.0,0.0,5.0,localizada,indígena,12 a 17,mujer,viernes
58.0,8.0,7.0,58.0,localizada,indígena,12 a 17,hombre,lunes
63.0,9.0,7.0,63.0,localizada,mestiza,0 a 5,hombre,lunes
63.0,9.0,7.0,63.0,localizada,mestiza,12 a 17,mujer,lunes
1.0,0.0,0.0,1.0,localizada,indígena,12 a 17,mujer,lunes
8.0,1.0,1.0,8.0,localizada,indígena,12 a 17,mujer,miércoles
61.0,8.0,7.0,61.0,localizada,indígena,12 a 17,hombre,jueves
10.0,1.0,1.0,10.0,localizada,indígena,12 a 17,hombre,viernes
,,,,no localizada,indígena,0 a 5,mujer,sábado
,,,,no localizada,indígena,0 a 5,hombre,sábado
1.0,0.0,0.0,1.0,localizada,mestiza,12 a 17,mujer,lunes
4.0,0.0,0.0,4.0,localizada,mestiza,12 a 17,hombre,martes
10.0,1.0,1.0,10.0,localizada,indígena,12 a 17,hombre,sábado
3.0,0.0,0.0,3.0,localizada,mestiza,12 a 17,mujer,domingo
16.0,2.0,2.0,16.0,localizada,mestiza,12 a 17,mujer,domingo
2.0,0.0,0.0,2.0,localizada,indígena,12 a 17,mujer,lunes
22.0,3.0,3.0,22.0,localizada,indígena,12 a 17,mujer,lunes
,,,,no localizada,mestiza,0 a 5,hombre,martes
,,,,no localizada,mestiza,12 a 17,mujer,martes
2.0,0.0,0.0,2.0,localizada,mestiza,12 a 17,mujer,miércoles
2.0,0.0,0.0,2.0,localizada,indígena,0 a 5,mujer,miércoles
1.0,0.0,0.0,1.0,localizada,indígena,12 a 17,hombre,miércoles
1.0,0.0,0.0,1.0,localizada,indígena,6 a 11,hombre,miércoles
5.0,0.0,0.0,5.0,localizada,indígena,12 a 17,mujer,jueves
3.0,0.0,0.0,3.0,localizada,mestiza,12 a 17,mujer,domingo
10.0,1.0,1.0,10.0,localizada,indígena,12 a 17,mujer,lunes
3.0,0.0,0.0,3.0,localizada,mestiza,12 a 17,mujer,lunes
,,,,no localizada,indígena,12 a 17,mujer,lunes
,,,,no localizada,indígena,6 a 11,mujer,martes
29.0,4.0,4.0,29.0,localizada,indígena,12 a 17,hombre,miércoles
29.0,4.0,4.0,29.0,localizada,indígena,6 a 11,hombre,miércoles
3.0,0.0,0.0,3.0,localizada,indígena,12 a 17,mujer,jueves
1.0,0.0,0.0,1.0,localizada,indígena,12 a 17,mujer,jueves
,,,,no localizada,indígena,12 a 17,hombre,viernes
17.0,2.0,2.0,17.0,localizada,indígena,12 a 17,mujer,domingo
1.0,0.0,0.0,1.0,localizada,indígena,12 a 17,mujer,lunes
1.0,0.0,0.0,1.0,localizada,mestiza,12 a 17,mujer,lunes
,,,,no localizada,mestiza,12 a 17,mujer,lunes
1.0,0.0,0.0,1.0,localizada,indígena,12 a 17,mujer,lunes
4.0,0.0,0.0,4.0,localizada,indígena,12 a 17,mujer,lunes
27.0,3.0,3.0,27.0,localizada,indígena,12 a 17,mujer,martes
2.0,0.0,0.0,2.0,localizada,mestiza,12 a 17,hombre,miércoles
22.0,3.0,3.0,22.0,localizada,indígena,6 a 11,hombre,jueves
3.0,0.0,0.0,3.0,localizada,indígena,6 a 11,mujer,jueves
3.0,0.0,0.0,3.0,localizada,indígena,0 a 5,mujer,jueves
3.0,0.0,0.0,3.0,localizada,indígena,0 a 5,mujer,jueves
1.0,0.0,0.0,1.0,localizada,indígena,12 a 17,mujer,jueves
7.0,1.0,1.0,7.0,localizada,indígena,12 a 17,mujer,viernes
1.0,0.0,0.0,1.0,localizada,mestiza,12 a 17,mujer,viernes
4.0,0.0,0.0,4.0,localizada,mestiza,12 a 17,mujer,viernes
5.0,0.0,0.0,5.0,localizada,mestiza,12 a 17,mujer,viernes
10.0,1.0,1.0,10.0,localizada,mestiza,12 a 17,mujer,sábado
,,,,no localizada,indígena,6 a 11,mujer,sábado
2.0,0.0,0.0,2.0,localizada,mestiza,12 a 17,mujer,domingo
2.0,0.0,0.0,2.0,localizada,indígena,12 a 17,mujer,domingo
2.0,0.0,0.0,2.0,localizada,indígena,12 a 17,mujer,domingo
,,,,no localizada,indígena,12 a 17,hombre,martes
2.0,0.0,0.0,2.0,localizada,mestiza,0 a 5,mujer,miércoles
1.0,0.0,0.0,1.0,localizada,mestiza,12 a 17,hombre,jueves
1.0,0.0,0.0,1.0,localizada,mestiza,12 a 17,mujer,viernes
,,,,no localizada,indígena,12 a 17,mujer,viernes
2.0,0.0,0.0,2.0,localizada,mestiza,12 a 17,mujer,sábado
,,,,no localizada,mestiza,12 a 17,hombre,domingo
4.0,0.0,0.0,4.0,localizada,mestiza,12 a 17,mujer,lunes
2.0,0.0,0.0,2.0,localizada,indígena,12 a 17,hombre,lunes
,,,,no localizada,indígena,0 a 5,mujer,martes
,,,,no localizada,indígena,12 a 17,mujer,martes
1.0,0.0,0.0,1.0,localizada,mestiza,12 a 17,mujer,miércoles
,,,,no localizada,mestiza,12 a 17,mujer,viernes
4.0,0.0,0.0,4.0,localizada,indígena,12 a 17,mujer,viernes
1.0,0.0,0.0,1.0,localizada,mestiza,0 a 5,hombre,domingo
2.0,0.0,0.0,2.0,localizada,mestiza,12 a 17,hombre,domingo
10.0,1.0,1.0,10.0,localizada,mestiza,12 a 17,mujer,lunes
10.0,1.0,1.0,10.0,localizada,mestiza,6 a 11,mujer,lunes
-0.0,-0.0,-0.0,-0.0,localizada,indígena,12 a 17,mujer,lunes
3.0,0.0,0.0,3.0,localizada,indígena,12 a 17,mujer,martes
1.0,0.0,0.0,1.0,localizada,indígena,12 a 17,mujer,miércoles
1.0,0.0,0.0,1.0,localizada,indígena,12 a 17,mujer,miércoles
1.0,0.0,0.0,1.0,localizada,mestiza,12 a 17,hombre,domingo
,,,,no localizada,indígena,12 a 17,hombre,viernes
3.0,0.0,0.0,3.0,localizada,indígena,12 a 17,mujer,viernes
5.0,0.0,0.0,5.0,localizada,indígena,12 a 17,hombre,viernes
1.0,0.0,0.0,1.0,localizada,indígena,12 a 17,mujer,sábado
1.0,0.0,0.0,1.0,localizada,indígena,12 a 17,mujer,sábado
1.0,0.0,0.0,1.0,localizada,indígena,12 a 17,mujer,sábado
1.0,0.0,0.0,1.0,localizada,mestiza,12 a 17,mujer,sábado
1.0,0.0,0.0,1.0,localizada,mestiza,12 a 17,hombre,martes
1.0,0.0,0.0,1.0,localizada,mestiza,12 a 17,hombre,martes
1.0,0.0,0.0,1.0,localizada,mestiza,12 a 17,hombre,martes
,,,,no localizada,mestiza,12 a 17,hombre,martes
2.0,0.0,0.0,2.0,localizada,mestiza,12 a 17,mujer,martes
