año,escuela,estado,municipio,comunidad,riesgo,longitud,latitud
2014.0,Otras,Chiapas,Acacoyagua,La Cadena ,alto,-92.7,15.37
2014.0,,Guerrero,Acatepec,Alcamani,bajo,-98.95,17.14
2014.0,,Guerrero,Acatepec,San Juan de Los Pinos,medio,-99.06,17.13
2014.0,,Guerrero,Acatepec,El Mirador,alto,-98.88,17.23
2014.0,,Hidalgo,Acatlan,Los Arcos,alto,-98.45,20.18
2014.0,,Veracruz,Acayucan,San Juan de Los Llanos,alto,-95.15,18.07
2014.0,Otras,Sinaloa,Ahome,Campo Victoria,medio,-109.09,25.91
2014.0,,Guanajuato,Allende,La Cieneguita,bajo,-100.79,20.95
2014.0,,Chiapas,Altamirano,San Marcos,alto,-91.72,16.63
2014.0,,Chiapas,Altamirano,Nueva Delicia,alto,-91.79,16.62
2014.0,,Chiapas,Amatenango de la Frontera,Rio Guerrero,alto,-92.16,15.58
2014.0,,Zacatecas,Apulco,Arroyo Hondo de Arriba,medio,-102.72,21.47
2014.0,,Puebla,Aquixtla,El Terrero,bajo,-97.95,19.79
2014.0,,Nuevo Leon,Aramberri,La Rosita (Los Llanitos),alto,-99.91,24.17
2014.0,Otras,San Luis Potosi,Armadillo de Los Infante,Paradita Del Refugio,medio,-100.53,22.35
2014.0,,Coahuila,Arteaga,La Rosita,bajo,-100.66,25.36
2014.0,,Coahuila,Arteaga,San Antonio de las Alazanas,bajo,-100.58,25.27
2014.0,,Aguascalientes,Asientos,Guadalupe de Atlas,bajo,-102.03,22.27
2014.0,,Morelos,Ayala,Colonia Gral. Emiliano Zapata (El Chivatero),medio,-99,18.69
2014.0,,Morelos,Ayala,Huacatlaco (Los Anonos),bajo,-98.91,18.68
2014.0,,Tabasco,Balancan,La Cuchilla,alto,-91.25,17.82
2014.0,,Chiapas,Bella Vista,Union Progreso,alto,-92.23,15.59
2014.0,,Chihuahua,Buenaventura,Rodrigo M. Quevedo,bajo,-107.52,29.92
2014.0,,Campeche,Calakmul,Felipe Angeles Dos,alto,-89.62,18.53
2014.0,,Zacatecas,Calera,La Estacion de Calera,bajo,-102.747866719809,22.9439052886123
2014.0,,Tabasco,Cardenas,Santana 2a. Seccion C,bajo,-93.44,18.18
2014.0,,Campeche,Carmen,Los Manantiales,medio,-91.08,18.72
2014.0,,Campeche,Carmen,Carlos Salinas De Gortari,alto,-92.26,18.62
2014.0,,Coahuila,Castanos,La Gloria (El Marques),bajo,-101.37,26.64
2014.0,,Tabasco,Centro,Boca De Aztlan 2a. Seccion,bajo,-92.71,18.09
2014.0,,Tabasco,Centro,Gonzalez 3a. Seccion,bajo,-93.07,17.98
2014.0,,Tabasco,Centro,Corregidora Ortiz 3a.Seccion (San Pedrito),alto,-93.17,17.96
2014.0,Otras,Tabasco,Centro,Aztlan 4a. Seccion (Corcho y Chilapilla),alto,-92.71,18.14
2014.0,Otras,Tabasco,Centro,Boqueron 3a. Seccion (El Guanal),alto,-92.99,17.92
2014.0,Otras,Tabasco,Centro,Boqueron 4a. Seccion (Laguna Nueva),alto,-92.99,17.91
2014.0,,Nuevo Leon,Cerralvo,Uña de Gato,bajo,-99.69,25.97
2014.0,,Chiapas,Chalchihuitan,N'amtic,alto,-92.58,16.97
2014.0,,Veracruz,Chalma,Chapopote Chico (Tlachinolapa),alto,-98.25,21.14
2014.0,,Hidalgo,Chapulhuacan,Palomas,bajo,-99.03,21.07
2014.0,,Yucatan,Chemax,X-Catzin,medio,-87.87,20.72
2014.0,,Chiapas,Chicomuselo,Monte Sinai,alto,-92.37,15.69
2014.0,,Chiapas,Chicomuselo,La Piedad,alto,-92.58,15.84
2014.0,Otras,Puebla,Chietla,San Miguel Tecolacio,bajo,-98.67,18.44
2014.0,,Puebla,Chignahuapan,San Francisco Acoculco,bajo,-98.21,19.94
2014.0,,Chiapas,Chilon,Hic'Batil,bajo,-92.03,17.15
2014.0,,Chiapas,Chilon,San Miguel Jocotaquil,bajo,-92.29,17.08
2014.0,,Chiapas,Chilon,Bachajon,alto,-92.19,17.04
2014.0,Otras,Chiapas,Chilon,Juxhuechej,bajo,-92.3,17.13
2014.0,Otras,San Luis Potosi,Ciudad Valles,Zocohuite,alto,-99.14,22.01
2014.0,,Jalisco,Cocula,San Nicolas,bajo,-103.82,20.47
2014.0,,Colima,Colima,Los Asmoles,bajo,-103.710412456773,19.2491202345216
2014.0,,Colima,Comala,Nuevo San Antonio,bajo,-103.758045706712,19.3261599708717
2014.0,,Chiapas,Comitan de Dominguez,Efrain A. Gutierrez,bajo,-92.2,16.34
2014.0,,Chiapas,Comitan de Dominguez,San Isidro Tuyalaltic,bajo,-92.19,16.37
2014.0,,Chiapas,Comitan de Dominguez,Francisco Sarabia,alto,-92.1,16.16
2014.0,,Chiapas,Comitan de Dominguez,Nueva Victoria,alto,-92.18,16.09
2014.0,,Chiapas,Comitan de Dominguez,San Isidro Tinajab,alto,-92.11,16.29
2014.0,Otras,Oaxaca,Concepcion Papalo,San Francisco Nogales,bajo,-96.87,17.86
2014.0,,Yucatan,Conkal,X-Cuyum,bajo,-89.5,21.05
2014.0,,Colima,Coquimatlan,El Algodonal ,alto,-103.808701673481,19.2058589765988
2014.0,,Veracruz,Cordoba,Guadalupe Barreal,alto,-96.97,18.93
2014.0,,Queretaro,Corregidora,Bravo,medio,-100.42,20.4
2014.0,Otras,Sinaloa,Cosala,Las Amargosas,alto,-106.91,24.67
2014.0,,San Luis Potosi,Coxcatlan,Coxcatlan,alto,-98.9,21.54
2014.0,,Colima,Cuauhtemoc,Chiapa,alto,-103.599122255953,19.3313074042151
2014.0,,Guanajuato,Cueramaro,San Gregorio,bajo,-101.63,20.55
2014.0,,Sinaloa,Culiacan,Ejido La Arrocera,bajo,-107.38,24.47
2014.0,,Tabasco,Cunduacan,La Piedra 3a. Seccion,medio,-93.25,18.1
2014.0,,Tabasco,Cunduacan,Santo Tomas,bajo,-93.27,18.12
2014.0,,Tabasco,Cunduacan,Cumuapa 2a. Seccion,alto,-93.09,17.98
2014.0,,Tabasco,Cunduacan,Cumuapa 2a. Seccion,alto,-93.09,17.98
2014.0,,Tabasco,Cunduacan,General Francisco J. Mujica,alto,-93.11,18
2014.0,,Tabasco,Cunduacan,General Francisco J. Mujica,alto,-93.11,18
2014.0,,Tabasco,Cunduacan,General Francisco J. Mujica,bajo,-93.11,18
2014.0,,Nayarit,Del Nayar,Aguamilpa,alto,-104.71,21.83
2014.0,,Nuevo Leon,Doctor Arroyo,San Jose de Flores,bajo,-100.24,23.55
2014.0,Otras,Nuevo Leon,Doctor Arroyo,Albercones,bajo,-100.22,23.7
2014.0,,Guanajuato,Dolores Hidalgo,San Jose de La Estacada (Fatima),alto,-100.72,21.17
2014.0,,Durango,Durango,Calera,bajo,-104.57,24.11
2014.0,,Durango,Durango,Jesus Gonzalez Ortega,alto,-105.05,24.17
2014.0,Primaria Ignacio Allende,Oaxaca,Ejutla de Crespo,Santa Martha Chichihualtepec,medio,-96.77,16.65
2014.0,Otras,Sinaloa,Elota,El Salado,bajo,-106.84,23.9
2014.0,,Oaxaca,Eloxochitlan de Flores Magon,Plan de Cebolla (Cebollin),medio,-96.89,18.19
2014.0,Otras,Oaxaca,Eloxochitlan de Flores Magon,Pena Colorada,alto,-96.89,18.2
2014.0,,Baja California,Ensenada,Ejido Profesor Graciano Sanchez,bajo,-115.97,30.63
2014.0,Otras,Campeche,Escarcega,Centenario,bajo,-90.29,18.65
2014.0,,Zacatecas,Fresnillo,Erendira,bajo,-103.02,23.21
2014.0,,Coahuila,Frontera,Fresnillo (Nuevo Poblado De Fresnillo),bajo,-101.51,26.92
2014.0,,Chiapas,Frontera Comalapa,La Nueva Independencia,alto,-92.21,15.78
2014.0,Otras,Nuevo Leon,Galeana,La Poza,bajo,-100.04,24.72
2014.0,,Zacatecas,Genaro Codina,Genaro Codina,bajo,-102.46,22.49
2014.0,,Zacatecas,General Enrique Estrada,General Felix U. Gomez (El Muerto),bajo,-102.77,23.05
2014.0,,Zacatecas,General Francisco R. Murguia,El Porvenir (El Porvenir del Carmen),bajo,-103.14,24.02
2014.0,,Zacatecas,General Panfilo Natera,San Rafael,alto,-102.05,22.63
2014.0,,Sonora,General Plutarco Elias Calles,El Desierto de Sonora,bajo,-112.75,31.82
2014.0,,Sinaloa,Guasave,Guayparime,bajo,-108.77,25.74
2014.0,,Oaxaca,Heroica Ciudad de Tlaxiaco,Ojo De Agua,alto,-97.65,17.23
2014.0,Otras,Campeche,Hopelchen,Cancabchen,bajo,-89.63,19.31
2014.0,,Hidalgo,Huazalingo,Santo Tomas (Cuaxahual),bajo,-98.45,20.99
2014.0,,Chiapas,Huehuetan,Canton Huachipilin,alto,-92.43,14.98
2014.0,,Hidalgo,Huehuetla,San Lorenzo Achiotepec,alto,-98.07,20.6
2014.0,Otras,Mexico,Huehuetoca,San Pedro Xalpa,alto,-99.19,19.82
2014.0,,Puebla,Hueytamalco,Mascarillas,alto,-97.2920249296228,19.9414073494695
2014.0,,Puebla,Hueytlalpan,El Arenal,medio,-97.65,20.05
2014.0,,Tabasco,Huimanguillo,Alto Amacohite 3a. Seccion (Km. 32),bajo,-93.53,17.44
2014.0,,Guanajuato,Irapuato,Estancia Del Copal,bajo,-101.24,20.79
2014.0,,Hidalgo,Ixmiquilpan,Naxthey,alto,-99.24,20.6
2014.0,,Chiapas,Ixtapa,Llano Alto,alto,-92.87,16.81
2014.0,,Colima,Ixtlahuacan,Ixtlahuacan,bajo,-103.74,19
2014.0,,Guanajuato,Jerecuaro,Las Pilas de Puruagua,bajo,-100.43,20.03
2014.0,Otras,Aguascalientes,Jesus Maria,Canada el Rodeo,bajo,-102.46,21.9
2014.0,,Chihuahua,Jimenez,San Felipe,bajo,-104.98,27.08
2014.0,,Mexico,Jiquipilco,Col. Benito Juarez,bajo,-99.64,19.62
2014.0,,Tabasco,Jonuta,Monte Grande,medio,-92.26,17.94
2014.0,,Tabasco,Jonuta,Sacrificio,bajo,-92.14,18.08
2014.0,,Quintana Roo,Jose Maria Morelos,San Felipe Segundo,bajo,-88.89,19.83
2014.0,,Chiapas,Juarez,Corozal 1a. Seccion,alto,-93.22,17.64
2014.0,,Michoacan,Jungapeo,Colonia Del Mango (Colonia Nueva),bajo,-100.44,19.48
2014.0,,Michoacan,Jungapeo,La Florida,alto,-100.5,19.36
2014.0,,Yucatan,Kaua,Dzibiac,bajo,-88.44,20.57
2014.0,,Chiapas,La Concordia,Llano Grande,alto,-92.52,16.14
2014.0,,Jalisco,La Huerta,La Concepcion,bajo,-104.56,19.49
2014.0,,Chiapas,La Independencia,Rosario Dos,alto,-91.67,16.19
2014.0,,Veracruz,La Perla,Chilapa,medio,-97.15,18.99
2014.0,,Veracruz,La Perla,San Miguel Pilancon,alto,-97.23,18.98
2014.0,,Chiapas,La Trinitaria,Seis De Marzo,bajo,-92.07,16.01
2014.0,,Chiapas,La Trinitaria,San Lorenzo,alto,-91.828784,16.157203
2014.0,Otras,Chiapas,La Trinitaria,Sacchana,alto,-91.79,16.07
2014.0,,Chiapas,Larrainzar,Bayalemo Dos,bajo,-92.77,16.93
2014.0,,Chiapas,Las Margaritas,Veracruz,bajo,-92,16.4
2014.0,,Quintana Roo,Lazaro Cardenas,San Angel,bajo,-87.43,21.24
2014.0,Otras,Quintana Roo,Lazaro Cardenas,San Antonio,bajo,-87.53,20.82
2014.0,,Durango,Lerdo,El Huarache (El Guarache),bajo,-103.49,25.52
2014.0,,Durango,Lerdo,La Campana,bajo,-103.47,25.39
2014.0,,Durango,Lerdo,Salamanca,bajo,-103.7,25.52
2014.0,,Durango,Lerdo,Villa de Guadalupe,bajo,-103.49,25.52
2014.0,,Nuevo Leon,Los Ramones,Los Ramones,bajo,-99.62,25.7
2014.0,,Tabasco,Macuspana,Alto Tulija 2a. Seccion (Paredon),alto,-92.37,17.62
2014.0,,Guanajuato,Manuel Doblado,Calzada Del Tepozan (El Tepozan),bajo,-101.88,20.74
2014.0,,Guanajuato,Manuel Doblado,Frias,medio,-102,20.8
2014.0,,Colima,Manzanillo,El Huizcolote,bajo,-104.27,19.12
2014.0,Otras,Colima,Manzanillo,Jalipa,bajo,-104.27,19.12
2014.0,Otras,Colima,Manzanillo,Colonia el Garzero,bajo,-104.23,19.06
2014.0,Otras,Colima,Manzanillo,Francisco Villa,bajo,-104.26,19.11
2014.0,,Durango,Mapimi,El Puerto de Jaboncillo,bajo,-103.73,26.02
2014.0,,Chiapas,Maravilla Tenejapa,Nuevo Argentina,alto,-91.21,16.25
2014.0,,Chiapas,Marques de Comillas,La Victoria,bajo,-90.71,16.31
2014.0,,Chiapas,Marques de Comillas,San Isidro,alto,-90.71,16.31
2014.0,,Coahuila,Matamoros,Corea,bajo,-103.2,25.41
2014.0,,Coahuila,Matamoros,Vicente Guerrero,bajo,-103.3,25.49
2014.0,,Coahuila,Matamoros,La Libertad,bajo,-103.25,25.73
2014.0,,Zacatecas,Mazapil,Majoma,bajo,-101.553069536312,24.6413989202787
2014.0,,Zacatecas,Mazapil,Veintiuno De Marzo,bajo,-101.553069536312,24.6413989202787
2014.0,,Guerrero,Metlatonoc,Itia-Ndichikoo,alto,-98.56,17.12
2014.0,,Guerrero,Metlatonoc,Villa de Guadalupe (Tres Rios),bajo,-98.3,17.16
2014.0,,Baja California,Mexicali,Colonia Pacifico,bajo,-115.37,32.46
2014.0,,Baja California,Mexicali,Ejido Doctor Alberto Oviedo Mota (El Indiviso),bajo,-114.98,32.03
2014.0,,Baja California,Mexicali,Colonia 6 Granjas Lazaro Cardenas,bajo,-115.4,32.49
2014.0,Otras,Nuevo Leon,Mier y Noriega,La Presita de Cerros Blancos (La Presita),bajo,-100.18,23.36
2014.0,,Chiapas,Motozintla,Barrio Nuevo,alto,-92.34,15.22
2014.0,,Chiapas,Motozintla,Buenavista,alto,-92.31,15.31
2014.0,,Chiapas,Motozintla,Toquian Cuauhtemoc,alto,-92.39,15.33
2014.0,,Chiapas,Motozintla,Nueva Esperanza,alto,-92.38,15.34
2014.0,Otras,Yucatan,Motul,Kancabchen Uci,bajo,-89.24,21.17
2014.0,,Baja California Sur,Mulege,San Francisco de La Sierra,alto,,
2014.0,Otras,Baja California Sur,Mulege,Francisco J. Mujica (Diaz Ordaz),bajo,-113.45,27.72
2014.0,Otras,Baja California Sur,Mulege,La Base,alto,-113.14,26.86
2014.0,,Chihuahua,Namiquipa,Progreso,bajo,-107.417208945794,29.2603557557309
2014.0,,Coahuila,Ocampo,Chula Vista,bajo,-103.36,27.04
2014.0,,Chiapas,Ocosingo,Campo Alegre,alto,-91.94,16.94
2014.0,,Chiapas,Ocosingo,El Rosario,alto,-92.27,16.67
2014.0,,Chiapas,Ocosingo,,alto,-91.31,16.67
2014.0,,Chiapas,Ocosingo,Ejido Ojo de Agua,alto,-91.31,16.67
2014.0,,Chiapas,Ocosingo,Ejido Santa Elena,alto,-91.31,16.67
2014.0,,Chiapas,Ocotepec,San Antonio Buenavista,alto,-93.21,17.19
2014.0,,Durango,Otaez,Sierra Santa,medio,-106.03,24.59
2014.0,,Quintana Roo,Othon P. Blanco,Francisco J. Mujica,bajo,-88.7429194363859,18.5353959950026
2014.0,,Quintana Roo,Othon P. Blanco,Rio Verde,bajo,-88.7429194363859,18.5353959950026
2014.0,,Quintana Roo,Othon P. Blanco,Veracruz,bajo,-89.09,18.74
2014.0,Otras,Quintana Roo,Othon P. Blanco,Melchor Ocampo,bajo,-88.7429194363859,18.5353959950026
2014.0,,Chiapas,Oxchuc,Balaxil,bajo,-92.34,16.82
2014.0,,Chiapas,Oxchuc,Piedra Escrita,bajo,-92.33,16.77
2014.0,,Chiapas,Oxchuc,Barrio Muk'Jok,alto,-92.34,16.82
2014.0,,Chiapas,Palenque,Ach' Lum Maya,alto,-91.9,17.47
2014.0,,Campeche,Palizada,Ribera Alamilla,bajo,-92.09,18.27
2014.0,,Chiapas,Pantelho,Las Limas Chitamucum,alto,-92.52,17.11
2014.0,,Chiapas,Pantelho,Guadalupe La Lamina,alto,-92.49,17.04
2014.0,,Chiapas,Pantelho,San Fernando,alto,-92.44,17.01
2014.0,,Chiapas,Pantelho,San Francisco de Asis,alto,-92.5,17.06
2014.0,Otras,Chiapas,Pantelho,Nueva Jerusalen,alto,-92.49,17.03
2014.0,,Veracruz,Papantla,El Palmito Km. 44,bajo,-97.4,20.61
2014.0,Otras,Tabasco,Paraiso,Union 1a. Seccion (Amatillo),bajo,-93.31,18.43
2014.0,,Coahuila,Parras,El Mesteno,bajo,-101.87,25.54
2014.0,,Coahuila,Parras,La Candelaria,medio,-102.26,25.77
2014.0,,Coahuila,Parras,La Vega,medio,-101.95,25.65
2014.0,,Coahuila,Parras,Loma Bonita (La Vega),medio,-101.97,25.65
2014.0,,Durango,Penon Blanco,Yerbanis,alto,-103.84,24.74
2014.0,,Yucatan,Peto,Papacal,medio,-88.82,20.15
2014.0,,Chiapas,Pichucalco,Camoapa 1a. Seccion,alto,-93.2,17.52
2014.0,,Coahuila,Piedras Negras,El Moral,medio,-100.63,28.89
2014.0,,Chiapas,Pijijiapan,Tutuan,alto,-93.09,15.44
2014.0,,Zacatecas,Pinos,Las Cabras,bajo,-93.09,15.44
2014.0,,Hidalgo,Pisaflores,Las Moras,alto,-98.95,21.29
2014.0,Otras,Oaxaca,Pluma Hidalgo,La Pasionaria,bajo,-96.42,15.93
2014.0,,Coahuila,Progreso,Progreso,bajo,-100.99,27.43
2014.0,,Guanajuato,Pueblo Nuevo,Guadalupe del Monte (La Lupita),bajo,-101.39,20.5
2014.0,,Chiapas,Pueblo Nuevo Solistahuacan,Tierra Nacional,medio,-92.895223478982,17.1629464519356
2014.0,,Queretaro,Queretaro,Ejido Bolanos,bajo,-100.36,20.63
2014.0,,Zacatecas,Rio Grande,Los Marquez,alto,-103.045913689794,23.832776462261
2014.0,,San Luis Potosi,Rioverde,Progreso,bajo,-100.13,22.23
2014.0,,Nayarit,Rosamorada,San Juan Corapan,alto,-104.94,22.04
2014.0,,Nayarit,Rosamorada,Pescadero,alto,-105.33,22.19
2014.0,Otras,Nayarit,Rosamorada,Chilapa,medio,-105.23,22.03
2014.0,,Sinaloa,Rosario,Palmarito,alto,-105.65,23.04
2014.0,,Chiapas,Sabanilla,El Mirador,alto,-92.68,17.35
2014.0,,Coahuila,Saltillo,Jazminal,bajo,-101.42,24.91
2014.0,,Coahuila,Saltillo,Tanque Escondido,bajo,-101.11,24.75
2014.0,Otras,Oaxaca,San Antonino Monte Verde,San Antonino Monte Verde,alto,-97.72,17.53
2014.0,Otras,Oaxaca,San Baltazar Yatzachi El Bajo,San Baltazar Yatzachi El Bajo,bajo,-96.22,17.23
2014.0,,Nayarit,San Blas,Aticama,alto,-105.2,21.48
2014.0,Preescolar Horacio Castellanos Solorzano,Chiapas,San Cristóbal de las Casas,Yashtinin,medio,-92.444156,16.654427
2014.0,,Guanajuato,San Felipe,Coecillo,medio,-101.27,21.41
2014.0,Otras,Oaxaca,San Jose Chiltepec,Tierra Negra,alto,-96.16,17.95
2014.0,,Mexico,San Jose del Rincon,El Porvenir,bajo,-100.09,19.72
2014.0,Luis Echeverria Alvarez ,Chiapas,San Juan Cancuc,Chijil,medio,-92.378054,16.942656
2014.0,,Chiapas,San Juan Cancuc,Chacte,alto,-92.35,16.94
2014.0,,Chiapas,San Juan Cancuc,Cruzton,alto,-92.44,16.95
2014.0,,Chiapas,San Juan Cancuc,Iwiltic,bajo,-92.43,16.98
2014.0,,Chiapas,San Juan Cancuc,Oniltic,alto,-92.39,16.97
2014.0,,Chiapas,San Juan Cancuc,San Jose Chacte,alto,-92.35,16.94
2014.0,,Chiapas,San Juan Cancuc,Tzajalucum,alto,-92.4,16.99
2014.0,,Chiapas,San Juan Cancuc,Tzemen,alto,-92.4,16.96
2014.0,Esc. Prim. Fray Matias de Córdova y Ordóñez,Chiapas,San Juan Cancuc,Yanchen,bajo,-92.36,16.86
2014.0,Otras,Chiapas,San Juan Cancuc,Nichteel,alto,-92.43,16.95
2014.0,Otras,Chiapas,San Juan Cancuc,Nichteel,bajo,-92.43,16.95
2014.0,Otras,Chiapas,San Juan Cancuc,Oniltic,alto,-92.39,16.97
2014.0,Otras,Chiapas,San Juan Cancuc,Rio Tanateel,medio,-92.3702639268516,16.886120916988
2014.0,,Chiapas,San Juan Chamula,Agil,bajo,-92.76,16.78
2014.0,,Chiapas,San Juan Chamula,Bashequen,medio,-92.61,16.88
2014.0,,Chiapas,San Juan Chamula,Arvenza Dos,bajo,-92.71,16.79
2014.0,,Chiapas,San Juan Chamula,Ichinton,bajo,-92.68,16.76
2014.0,,Chiapas,San Juan Chamula,Ichilho,alto,-92.64,16.87
2014.0,,Durango,San Juan de Guadalupe,Cipriano,bajo,-102.65,24.55
2014.0,Otras,Oaxaca,San Juan Mixtepec Distrito 08,Yucumi,alto,-97.79,17.25
2014.0,,Oaxaca,San Lucas Ojitlan,Arroyo Caracol Ideal (Nuevo),alto,-96.37,18.1
2014.0,Otras,Oaxaca,San Lucas Ojitlan,Amado Nervo,alto,-96.3,17.97
2014.0,,Guerrero,San Marcos,Ocotillo,alto,-99.4,16.95
2014.0,,Guerrero,San Marcos,Vista Alegre,bajo,-99.25,16.78
2014.0,,Guerrero,San Marcos,Las Lomitas de Papagayo,alto,-99.6,16.7
2014.0,,Jalisco,San Martin de Hidalgo,San Jeronimo,bajo,-103.98,20.4
2014.0,Otras,Oaxaca,San Mateo Pinas,San Pedro Cafetitlan,alto,-96.3363983797916,16.0040958289868
2014.0,Otras,Oaxaca,San Miguel Amatitlan,La Laguna (El Columpio),alto,-98.01,17.91
2014.0,Otras,Oaxaca,San Miguel Amatlan,Cuajimoloyas (San Antonio Cuajimoloyas),medio,-96.45,17.12
2014.0,,Oaxaca,San Miguel del Puerto,Puente Copalita (Barra de Copalita),medio,-96.06,15.82
2014.0,,Oaxaca,San Miguel Peras,El Manzanito,alto,-96.96,16.96
2014.0,,Oaxaca,San Pablo Cuatro Venados,Rio Minas,bajo,-96.86,17
2014.0,,Coahuila,San Pedro,El Venado,bajo,-103.04,25.72
2014.0,,Oaxaca,Santa Ana Zegache,San Jeronimo Zegache,bajo,-96.75,16.85
2014.0,,Oaxaca,Santa Cruz Zenzontepec,El Jicaral,alto,-97.47,16.52
2014.0,,Oaxaca,Santa Ines de Zaragoza,La Paz,medio,-97.15,17.29
2014.0,,Chihuahua,Santa Isabel,San Miguel de Los Anchondo,bajo,-106.25,28.26
2014.0,,San Luis Potosi,Santa Maria del Rio,El Tule,alto,-100.66,21.66
2014.0,,San Luis Potosi,Santa Maria del Rio,Puerto la Campana,alto,-100.74,21.78
2014.0,,Oaxaca,Santa Maria Nativitas,San Pedro Buenavista,alto,-97.31,17.64
2014.0,Otras,Oaxaca,Santa Maria Tepantlali,Orilla Del Mar,bajo,-95.96,16.99
2014.0,,Oaxaca,Santa Maria Yucuhiti,San Felipe de Jesus Pueblo Viejo,alto,-97.78,17.03
2014.0,,Nayarit,Santiago Ixcuintla,"La Higuerita (La Escondida, Paso Real)",bajo,-105.54,21.9
2014.0,Otras,Nayarit,Santiago Ixcuintla,Puerta de Mangos,alto,-105.33,21.72
2014.0,,Oaxaca,Santiago Jamiltepec,San Jose de Las Flores,alto,-97.74,16.4
2014.0,,Oaxaca,Santiago Laollaga,Guichixu (Guichixu de Diaz Ordaz),bajo,-95.29,16.69
2014.0,,Durango,Santiago Papasquiaro,El Cazadero,bajo,-105.45,25.07
2014.0,,Oaxaca,Santiago Suchilquitongo,Santo Domingo Tlaltinango,bajo,-96.85,17.24
2014.0,,Oaxaca,Santiago Tilantongo,El Progreso,alto,-97.32,17.32
2014.0,,Oaxaca,Santiago Tilantongo,General Vicente Guerrero,bajo,-97.34,17.19
2014.0,,Oaxaca,Santo Domingo Teojomulco,Llano Verde,alto,-97.36,16.57
2014.0,Otras,Chihuahua,Saucillo,Estacion Conchos,bajo,-105.29703694931,28.0411111987804
2014.0,,Chiapas,Siltepec,La Pinada,alto,-92.4,15.53
2014.0,,Chiapas,Simojovel,Carmen Grande Belmonte,alto,-92.56,17.12
2014.0,,Chiapas,Simojovel,San Antonio el Naranjal,alto,-92.64,17.08
2014.0,Belisario Dominguez Palencia,Chiapas,Sitalá,San Antonio Los Alpes,bajo,-92.36,17.03
2014.0,,Chiapas,Sitalá,Don Pedro,alto,-92.32028,17.01611
2014.0,,Chiapas,Sitalá,La Merced,alto,-92.32,17.04
2014.0,,Chiapas,Sitalá,La Merced,medio,-92.32,17.04
2014.0,,Chiapas,Sitalá,Pomiltic,alto,-92.34,17.06
2014.0,,Chiapas,Sitalá,Santa Cruz La Reforma,alto,-92.3716553760195,17.0346868507557
2014.0,,Chiapas,Sitalá,Sitala,alto,-92.31,17.02
2014.0,Otras,Chiapas,Sitalá,Don Pedro,medio,-92.32028,17.01611
2014.0,,Chiapas,Socoltenango,Anexo Las Rosas De Guadalupe,medio,-92.34,16.15
2014.0,,Chiapas,Solosuchiapa,San Antonio,alto,-93.01,17.41
2014.0,,Chiapas,Solosuchiapa,El Naranjo,alto,-93.02,17.32
2014.0,,Mexico,Soyaniquilpan de Juarez,Quinta Manzana de San Jose Deguedo,bajo,-99.52,20.08
2014.0,,Michoacan,Susupuato,Manzanillo,bajo,-100.45,19.17
2014.0,,Tabasco,Tacotalpa,Cuitlahuac,medio,-92.73088,17.35707
2014.0,,Tabasco,Tacotalpa,Cuitlahuac,alto,-92.73088,17.35707
2014.0,,Tabasco,Tacotalpa,Cuitlahuac,medio,-92.73088,17.35707
2014.0,,Tabasco,Tacotalpa,Cuviac,alto,-92.73,17.4
2014.0,,Veracruz,Tatahuicapan de Juarez,Ocotal,alto,-94.81,18.28
2014.0,,Veracruz,Tatahuicapan de Juarez,Ocotal,alto,-94.81,18.28
2014.0,,Veracruz,Tatahuicapan de Juarez,Tatahuicapan de Juarez,medio,-94.76,18.25
2014.0,Otras,Baja California,Tecate,Ejido Mi Ranchito (Chula Vista),bajo,-116.34,32.53
2014.0,Otras,Yucatan,Tecoh,Telchaquillo,bajo,-89.46,20.65
2014.0,,Chiapas,Tecpatan,Nueva Alianza,alto,-93.75,17.12
2014.0,,Veracruz,Tehuipango,Zacatlaixco,alto,-97.05,18.51
2014.0,Otras,Veracruz,Tehuipango,Xaltepec,alto,-97.05,18.52
2014.0,,Yucatan,Tekax,Manuel Cepeda Peraza,bajo,-89.25,20.15
2014.0,Otras,Hidalgo,Tenango de Doria,Santa Monica,medio,-98.22,20.31
2014.0,,Chiapas,Teopisca,San Isidro Chichihuistan,alto,-92.56,16.6
2014.0,,Zacatecas,Tepechitlan,Rancho Nuevo,alto,-103.325984680417,21.6691759281162
2014.0,,Guerrero,Tepecoacuilco de Trujano,Rincon de la Cocina,bajo,-99.47,18.24
2014.0,,Hidalgo,Tepehuacan de Guerrero,Zacualtipanito (Zacualtipancito),alto,-98.8,21.15
2014.0,,Morelos,Tepoztlan,Santiago Tepetlapa,bajo,-99.08,18.97
2014.0,,Queretaro,Tequisquiapan,San Jose de La Laja,bajo,-99.97,20.62
2014.0,,Puebla,Teziutlan,Xoloateno,alto,-97.37,19.83
2014.0,,Chiapas,Tila,Cumbre Cuesta,alto,-92.55,17.32
2014.0,,Yucatan,Tinum,Tohopku,alto,-88.46,20.65
2014.0,,Yucatan,Tixkokob,Euan,bajo,-89.34,21
2014.0,,Yucatan,Tizimin,San Juan Kilometro Cuatro,bajo,-87.69,21.19
2014.0,,Guerrero,Tlacoapa,Ahuehuete ,bajo,-98.76,17.28
2014.0,,Puebla,Tlacuilotepec,El Encinal,bajo,-97.99,20.38
2014.0,,Michoacan,Tlalpujahua,Tierra Blanca,bajo,-100.23,19.79
2014.0,,Hidalgo,Tlanchinol,Santa Maria Catzotipan (Santa Maria Tepetzintla),alto,-98.61,21.04
2014.0,,Puebla,Tlapanala,Colonia Las Palmas,bajo,-98.55,18.7
2014.0,,Chiapas,Totolapa,San Sebastian,medio,-92.6776145317802,16.5459342996335
2014.0,Otras,Hidalgo,Tulancingo de Bravo,La Lagunilla,alto,-98.48,20.07
2014.0,,Puebla,Tulcingo,Zaragoza de la Luz,alto,-98.37,18.05
2014.0,,Veracruz,Tuxpam,Ojite Rancho Nuevo,bajo,-97.53,20.97
2014.0,,Veracruz,Tuxpam,Otatal,alto,-97.59,20.99
2014.0,,Chiapas,Tuxtla Gutierrez,Jardines del Norte,alto,-93.15,16.75
2014.0,Otras,Chiapas,Tuxtla Gutierrez,Jardines del Norte,bajo,-93.15,16.75
2014.0,,Chiapas,Tuzantan,El Mango Buenavista,alto,-92.38,15.16
2014.0,,Chiapas,Union Juarez,Chiquihuite,alto,-92.09,15.09
2014.0,,Oaxaca,Valerio Trujano,Tomellin,bajo,-96.96,17.76
2014.0,,Yucatan,Valladolid,Tikuch,bajo,-88.11,20.7
2014.0,,Yucatan,Valladolid,Yalcon,alto,-88.16,20.68
2014.0,,Mexico,Valle de Bravo,Santa Teresa Tiloxtoc,medio,-100.2,19.23
2014.0,,Chiapas,Villa Comaltitlan,Teziutlan,alto,-92.65,15.19
2014.0,,Mexico,Villa de Allende,San Cayetano (Barrio De Santiago),medio,-100.1,19.38
2014.0,,Mexico,Villa de Allende,El Salitre del Cerro,bajo,-100.08,19.41
2014.0,,Mexico,Villa de Allende,Potrero,medio,-100.22,19.33
2014.0,,San Luis Potosi,Villa de Arista,Guarda Raya,alto,-100.83,22.71
2014.0,,San Luis Potosi,Villa de Reyes,Arroyo Blanco,bajo,-101.15,21.89
2014.0,,Mexico,Villa Victoria,Turcio Tercera Seccion,bajo,-99.95,19.32
2014.0,,Zacatecas,Villanueva,La Ordena,alto,-102.887991014496,22.3600478030991
2014.0,,Zacatecas,Villanueva,San Miguel,bajo,-102.887991014496,22.3600478030991
2014.0,,Veracruz,Xalapa,Col. Vasconcelos,medio,-94.73,17.55
2014.0,,Hidalgo,Xochiatipan,Ixtaczoquico,alto,-98.26,20.91
2014.0,,Hidalgo,Xochiatipan,Ohuatipa,alto,-98.26,20.89
2014.0,,Guerrero,Xochistlahuaca,Arroyo Totole,bajo,-98.17,16.76
2014.0,,Hidalgo,Yahualica,Tepetitlan,alto,-98.38,20.96
2014.0,,Chiapas,Yajalon,Soledad Takinukum,alto,-92.32,17.18
2014.0,,Yucatan,Yaxcaba,Santa Maria Ku,alto,-88.6,20.29
2014.0,,Jalisco,Zacoalco de Torres,Sayulapan,bajo,-103.63,20.17
2014.0,,San Luis Potosi,Zaragoza,Ranchito De Los Rivera,alto,-100.7,22.11
2014.0,,Veracruz,Zentla,El Refugio,alto,-96.84,19.1
2014.0,,Hidalgo,Zimapan,Camposanto Del Oro,bajo,-99.23,20.84
2014.0,,Chiapas,Zinacantan,La Mina,bajo,-92.7112115666353,16.7588489285338
2014.0,,Veracruz,Zongolica,Macuilca,alto,-96.92,18.65
2014.0,,Veracruz,Zongolica,Citlalapa,alto,-96.9,18.64
2014.0,,Veracruz,Zongolica,Citlalapa,alto,-96.9,18.64
2014.0,,Veracruz,Zongolica,El Porvenir,medio,-96.9,18.63
2015.0,,Chiapas,Chenalhó,Poconichim,bajo,-92.52,16.93
2015.0,Otras,Chiapas,Chilon,Chilon,alto,-92.27,17.11
2015.0,,Chiapas,La Trinitaria,Yalixhao Allende,alto,-92.01,16.13
2015.0,,Chiapas,La Trinitaria,Tziscao,bajo,-91.67,16.08
2015.0,,Chiapas,La Trinitaria,Tziscao,bajo,-91.67,16.08
2015.0,,Chiapas,San Juan Cancuc,Ats'amteel,alto,-92.3702639268516,16.886120916988
2015.0,Otras,Chiapas,San Juan Cancuc,Cruzton,alto,-92.44,16.95
2015.0,,Chiapas,Sitalá,Don Pedro,alto,-92.31997944,17.016245
2015.0,,Chiapas,Sitalá,Nuevo Porvenir,alto,-92.37833,17.00361
2015.0,Adolfo Ruiz Cortinez,Chiapas,Sitalá,Guadalupe Jaguala,alto,-92.326893,17.60322
2015.0,Otras,Chiapas,Sitalá,La Merced,medio,-92.32,17.04
2016.0,,Chiapas,Chenalhó,Poconichim,alto,-92.52,16.93
2016.0,,Chiapas,Chenalhó,Poconichim,medio,-92.51,16.93
2016.0,,Chiapas,Chenalhó,Poconichim,alto,-92.52,16.93
2016.0,,Chiapas,Chenalhó,Naranjatik,alto,-92.53,16.94
2016.0,,Chiapas,Chenalhó,Tzabalhó,bajo,-92.5378477616296,16.938035189743
2016.0,,Chiapas,Chenalhó,Tzabalhó,alto,-92.5378477616296,16.938035189743
2016.0,,Chiapas,Chenalhó,Tzabalhó,bajo,-92.5378477616296,16.938035189743
2016.0,Esc. Valentín Gómez Farias,Chiapas,Chenalhó,Tzabalhó,alto,-92.64501,16.740704
2016.0,Bachillerato Intercultural,Oaxaca,Coatecas Altas,Coatecas Altas,alto,-96.67,16.54
2016.0,Cosijoeza,Oaxaca,Coatecas Altas,Coatecas Altas,medio,-96.67,16.54
2016.0,Jose Maria Morelos,Oaxaca,Coatecas Altas,Tepehuaje,medio,-96.62,16.54
2016.0,Primaria General Lázaro Cárdenas,Oaxaca,Coatecas Altas,Chepeginio,medio,-96.62,16.52
2016.0,Telesecundaria,Oaxaca,Coatecas Altas,Chepeginio,medio,-96.62,16.52
2016.0,Telesecundaria,Oaxaca,Coatecas Altas,Coatecas Altas,medio,-96.67,16.54
2016.0,,Chiapas,Comitan de Dominguez,Francisco Sarabia,bajo,-92.1,16.16
2016.0,,Chiapas,Comitan de Dominguez,Abelardo Rodriguez,alto,-92.24,16.38
2016.0,Primaria Vicente Guerrero,Oaxaca,Ejutla de Crespo,Yegoseve,medio,-96.72,16.57
2016.0,Justo Benitez,Oaxaca,Heroica Ciudad de Ejutla de Crespo,El Arrogante Justo Benitez,bajo,-96.69,16.53
2016.0,Leyes de Reforma,Oaxaca,Heroica Ciudad de Ejutla de Crespo,La Escalera,bajo,-96.61,16.47
2016.0,Primaria Francisco I Madero,Oaxaca,Heroica Ciudad de Ejutla de Crespo,El Vergel,alto,-96.75,16.64
2016.0,Primaria Miguel Hidalgo,Oaxaca,Heroica Ciudad de Ejutla de Crespo,La Lobera,alto,-96.73,16.51
2016.0,Esc. Prim. Lázaro Cárdenas del Río,Chiapas,Huixtán,Chilil,alto,-92.4906569703705,16.6766202573541
2016.0,,Chiapas,Las Rosas,El Chipilinar,alto,-92.42,16.33
2016.0,,Chiapas,Las Rosas,Zacualpa,alto,-92.38,16.3
2016.0,,Chiapas,Las Rosas,Zacualpa,alto,-92.38,16.3
2016.0,Miguel Hidalgo y Costilla,Chiapas,Osumacinta,Triunfo Agrarista,bajo,-93.07,16.85
2016.0,Dr. Belisario Dominguez Palencia,Chiapas,Osumacinta,Libertad Campesina,alto,-93.03,16.88
2016.0,José María Pino Suaréz,Chiapas,Osumacinta,Union El Palmar,alto,-93.03,16.88
2016.0,,Chiapas,Pantelho,Guadalupe Victoria,alto,-92.47,17.08
2016.0,,Chiapas,Pantelho,Guadalupe Victoria,alto,-92.48,17.07
2016.0,,Chiapas,Pantelho,San Francisco de Asis,alto,-92.31,17.34
2016.0,Ignacio Manuel Altamirano,Chiapas,San Cristóbal de las Casas,Molino Los Arcos,alto,-92.607648,16.744853
2016.0,,Chiapas,San Juan Cancuc,Baakil,bajo,-92.38,16.89
2016.0,,Chiapas,San Juan Cancuc,Baakil,medio,-92.38,16.89
2016.0,,Chiapas,San Juan Cancuc,Yaxcob,alto,-92.3545218,16.8974563
2016.0,,Chiapas,San Juan Cancuc,Yaxcob,medio,-92.3702639268516,16.886120916988
2016.0,,Chiapas,San Juan Cancuc,Yaxcob,medio,-92.3702639268516,16.886120916988
2016.0,,Chiapas,San Juan Cancuc,Piil,bajo,-92.36367231,16.88726068
2016.0,,Chiapas,San Juan Cancuc,Piil,alto,-92.3702639268516,16.886120916988
2016.0,,Chiapas,San Juan Cancuc,Piil,alto,-92.3702639268516,16.886120916988
2016.0,,Chiapas,San Juan Cancuc,Piil,medio,-92.3702639268516,16.886120916988
2016.0,Vasco de Quiroga,Chiapas,San Juan Cancuc,Chojchow,alto,-92.36,16.91
2016.0,Unidad Educativa,Chiapas,San Juan Cancuc,Tzametal,bajo,-92.42,16.87
2016.0,Jaime Sabines Gutiérrez,Chiapas,Sitalá,Nuevo Porvenir,medio,-92.37833,17.00361
2016.0,,Chiapas,Sitalá,Los Alpes,alto,-92.36,17.03
2016.0,,Chiapas,Sitalá,Los Alpes,medio,-92.3716553760195,17.0346868507557
2016.0,,Chiapas,Sitalá,Los Alpes,bajo,-92.36,17.03
2016.0,,Chiapas,Sitalá,Nuevo Golonchan,alto,-92.39633902,17.01832808
2016.0,,Chiapas,Sitalá,Nuevo Golonchan,alto,-92.39509274,17.01990878
2016.0,,Chiapas,Sitalá,Nuevo Golonchan,alto,-92.4,17.02
2016.0,,Chiapas,Sitalá,Jaguala,alto,-92.33,17.07
2016.0,,Chiapas,Sitalá,Jaguala,bajo,-92.33,17.07
2016.0,,Chiapas,Sitalá,Jaguala,medio,-92.3716553760195,17.0346868507557
2016.0,,Chiapas,Sitalá,Pomiltic,medio,-92.34,17.06
2016.0,,Chiapas,Sitalá,Pomiltic,alto,-92.34,17.06
2016.0,,Chiapas,Sitalá,Pomiltic,alto,-92.34,17.06
2016.0,,Chiapas,Sitalá,Nuevo Golonchan,alto,-92.4,17.02
2016.0,Adolfo Ruiz Cortinez,Chiapas,Sitalá,Guadalupe Jaguala,alto,-92.326893,17.60322
2016.0,Juan de la Barrera,Chiapas,Sitalá,Pomiltic,medio,-92.34,17.06
2016.0,,Chiapas,Sitalá,Nuevo Porvenir,alto,-92.38,17.01
2016.0,,Chiapas,Sitalá,Nuevo Porvenir,alto,-92.3716553760195,17.0346868507557
2016.0,,Chiapas,Tenejapa,Sibactel,alto,-92.51,16.9
2016.0,,Chiapas,Teopisca,Nuevo Amatenango (Tres Tabernas),medio,-92.52,16.6
2016.0,Josefa Ortiz de Dominguez,Chiapas,Tuxtla Gutierrez,Penipak ,bajo,-93.138915,16.752602
2016.0,Raúl Isidro Burgos,Chiapas,Tuxtla Gutierrez,Plan de Ayala,bajo,-92.644971,16.740802
2017.0,Esc. Belisario Domínguez Palencia,Chiapas,Chenalhó,Las Limas,medio,-92.619511,16.942056
2017.0,Esc. Prim. Belisario Domínguez Palencia,Chiapas,Chenalhó,Usilucum,medio,-92.627767,16.887557
2017.0,Lázaro Cárdenas del Río,Chiapas,Chenalhó,Chixilton,medio,-92.62,16.92
2017.0,,Chiapas,Chenalhó,Natividad,alto,-92.63,16.9
2017.0,Primaria Chojolhó,Chiapas,Chenalhó,Chojolhó,alto,-92.61,16.93
2017.0,,Chiapas,Comitan de Dominguez,Francisco Sarabia,nan,-92.10465,16.15879
2017.0,Cristobal Colón,Chiapas,Larrainzar,Nashinich,bajo,-92.7,16.89
2017.0,El Pequeño Kintum,Chiapas,Las Margaritas,Matias Castellanos,alto,-91.78,16.34
2017.0,,Chiapas,Ocosingo,Ejido Santa Lucia,alto,-91.31,16.67
2017.0,Josefa Ortiz de Dominguez,Chiapas,San Cristóbal de las Casas,San Cristobal de las Casas,alto,-92.64,16.73
2017.0,,Chiapas,San Cristóbal de las Casas,,alto,-92.3702639268516,16.886120916988
2017.0,,Chiapas,San Cristóbal de las Casas,,alto,-92.3702639268516,16.886120916988
2017.0,,Chiapas,San Cristóbal de las Casas,,alto,-92.3702639268516,16.886120916988
2017.0,,Chiapas,San Cristóbal de las Casas,,alto,-92.3702639268516,16.886120916988
2017.0,,Chiapas,San Cristóbal de las Casas,,alto,-92.3702639268516,16.886120916988
2017.0,,Chiapas,San Cristóbal de las Casas,,alto,-92.3702639268516,16.886120916988
2017.0,,Chiapas,San Cristóbal de las Casas,,alto,-92.3702639268516,16.886120916988
2017.0,,Chiapas,San Cristóbal de las Casas,,alto,-92.3702639268516,16.886120916988
2017.0,,Chiapas,San Cristóbal de las Casas,,alto,-92.3702639268516,16.886120916988
2017.0,,Chiapas,San Cristóbal de las Casas,,alto,-92.3702639268516,16.886120916988
2017.0,,Chiapas,San Cristóbal de las Casas,,alto,-92.3702639268516,16.886120916988
2017.0,,Chiapas,San Cristóbal de las Casas,,alto,-92.3702639268516,16.886120916988
2017.0,,Chiapas,San Cristóbal de las Casas,,alto,-92.3702639268516,16.886120916988
2017.0,,Chiapas,San Cristóbal de las Casas,,alto,-92.3702639268516,16.886120916988
2017.0,,Chiapas,San Cristóbal de las Casas,,alto,-92.3702639268516,16.886120916988
2017.0,,Chiapas,San Cristóbal de las Casas,,alto,-92.3702639268516,16.886120916988
2017.0,,Chiapas,San Cristóbal de las Casas,,alto,-92.3702639268516,16.886120916988
2017.0,,Chiapas,San Cristóbal de las Casas,,alto,-92.3702639268516,16.886120916988
2017.0,,Chiapas,San Cristóbal de las Casas,,alto,-92.3702639268516,16.886120916988
2017.0,,Chiapas,San Cristóbal de las Casas,,alto,-92.3702639268516,16.886120916988
2017.0,,Chiapas,San Cristóbal de las Casas,,alto,-92.3702639268516,16.886120916988
2017.0,,Chiapas,San Cristóbal de las Casas,,alto,-92.3702639268516,16.886120916988
2017.0,,Chiapas,San Cristóbal de las Casas,,alto,-92.3702639268516,16.886120916988
2017.0,,Chiapas,San Cristóbal de las Casas,,alto,-92.3702639268516,16.886120916988
2017.0,,Chiapas,San Cristóbal de las Casas,,alto,-92.3702639268516,16.886120916988
2017.0,,Chiapas,San Cristóbal de las Casas,,alto,-92.3702639268516,16.886120916988
2017.0,,Chiapas,San Cristóbal de las Casas,,alto,-92.3702639268516,16.886120916988
2017.0,,Chiapas,San Cristóbal de las Casas,,alto,-92.3702639268516,16.886120916988
2017.0,,Chiapas,San Cristóbal de las Casas,,alto,-92.3702639268516,16.886120916988
2017.0,,Chiapas,San Cristóbal de las Casas,,alto,-92.3702639268516,16.886120916988
2017.0,,Chiapas,San Cristóbal de las Casas,,alto,-92.3702639268516,16.886120916988
2017.0,,Chiapas,San Cristóbal de las Casas,,alto,-92.3702639268516,16.886120916988
2017.0,,Chiapas,San Cristóbal de las Casas,,alto,-92.3702639268516,16.886120916988
2017.0,,Chiapas,San Cristóbal de las Casas,,alto,-92.3702639268516,16.886120916988
2017.0,,Chiapas,San Cristóbal de las Casas,,alto,-92.3702639268516,16.886120916988
2017.0,,Chiapas,San Cristóbal de las Casas,,alto,-92.3702639268516,16.886120916988
2017.0,,Chiapas,San Cristóbal de las Casas,,alto,-92.3702639268516,16.886120916988
2017.0,,Chiapas,San Cristóbal de las Casas,,alto,-92.3702639268516,16.886120916988
2017.0,,Chiapas,San Cristóbal de las Casas,,alto,-92.3702639268516,16.886120916988
2017.0,,Chiapas,San Cristóbal de las Casas,,alto,-92.3702639268516,16.886120916988
2017.0,,Chiapas,San Cristóbal de las Casas,,alto,-92.3702639268516,16.886120916988
2017.0,,Chiapas,San Cristóbal de las Casas,,alto,-92.3702639268516,16.886120916988
2017.0,,Chiapas,San Cristóbal de las Casas,,alto,-92.3702639268516,16.886120916988
2017.0,,Chiapas,San Cristóbal de las Casas,,alto,-92.3702639268516,16.886120916988
2017.0,,Chiapas,San Cristóbal de las Casas,,alto,-92.3702639268516,16.886120916988
2017.0,,Chiapas,San Cristóbal de las Casas,,alto,-92.3702639268516,16.886120916988
2017.0,,Chiapas,San Cristóbal de las Casas,,alto,-92.3702639268516,16.886120916988
2017.0,,Chiapas,San Cristóbal de las Casas,,alto,-92.3702639268516,16.886120916988
2017.0,,Chiapas,San Cristóbal de las Casas,,alto,-92.3702639268516,16.886120916988
2017.0,,Chiapas,San Cristóbal de las Casas,,alto,-92.3702639268516,16.886120916988
2017.0,,Chiapas,San Cristóbal de las Casas,,alto,-92.3702639268516,16.886120916988
2017.0,,Chiapas,San Cristóbal de las Casas,,alto,-92.3702639268516,16.886120916988
2017.0,,Chiapas,San Cristóbal de las Casas,,alto,-92.3702639268516,16.886120916988
2017.0,,Chiapas,San Cristóbal de las Casas,,alto,-92.3702639268516,16.886120916988
2017.0,,Chiapas,San Cristóbal de las Casas,,alto,-92.3702639268516,16.886120916988
2017.0,,Chiapas,San Cristóbal de las Casas,,alto,-92.3702639268516,16.886120916988
2017.0,,Chiapas,San Cristóbal de las Casas,,alto,-92.3702639268516,16.886120916988
2017.0,,Chiapas,San Cristóbal de las Casas,,alto,-92.3702639268516,16.886120916988
2017.0,,Chiapas,San Cristóbal de las Casas,,alto,-92.3702639268516,16.886120916988
2017.0,,Chiapas,San Cristóbal de las Casas,,alto,-92.3702639268516,16.886120916988
2017.0,,Chiapas,San Cristóbal de las Casas,,alto,-92.3702639268516,16.886120916988
2017.0,,Chiapas,San Cristóbal de las Casas,,alto,-92.3702639268516,16.886120916988
2017.0,,Chiapas,San Cristóbal de las Casas,,alto,-92.3702639268516,16.886120916988
2017.0,,Chiapas,San Cristóbal de las Casas,,alto,-92.3702639268516,16.886120916988
2017.0,,Chiapas,San Cristóbal de las Casas,,alto,-92.3702639268516,16.886120916988
2017.0,,Chiapas,San Cristóbal de las Casas,,alto,-92.3702639268516,16.886120916988
2017.0,,Chiapas,San Cristóbal de las Casas,,alto,-92.3702639268516,16.886120916988
2017.0,,Chiapas,San Cristóbal de las Casas,,alto,-92.3702639268516,16.886120916988
2017.0,,Chiapas,San Cristóbal de las Casas,,alto,-92.3702639268516,16.886120916988
2017.0,,Chiapas,San Cristóbal de las Casas,,alto,-92.3702639268516,16.886120916988
2017.0,,Chiapas,San Cristóbal de las Casas,,alto,-92.3702639268516,16.886120916988
2017.0,,Chiapas,San Cristóbal de las Casas,,alto,-92.3702639268516,16.886120916988
2017.0,,Chiapas,San Cristóbal de las Casas,,alto,-92.3702639268516,16.886120916988
2017.0,,Chiapas,San Cristóbal de las Casas,,alto,-92.3702639268516,16.886120916988
2017.0,,Chiapas,San Cristóbal de las Casas,,alto,-92.3702639268516,16.886120916988
2017.0,,Chiapas,San Cristóbal de las Casas,,alto,-92.3702639268516,16.886120916988
2017.0,,Chiapas,San Cristóbal de las Casas,,alto,-92.3702639268516,16.886120916988
2017.0,,Chiapas,San Cristóbal de las Casas,,alto,-92.3702639268516,16.886120916988
2017.0,,Chiapas,San Cristóbal de las Casas,,alto,-92.3702639268516,16.886120916988
2017.0,,Chiapas,San Cristóbal de las Casas,,alto,-92.3702639268516,16.886120916988
2017.0,,Chiapas,San Cristóbal de las Casas,,alto,-92.3702639268516,16.886120916988
2017.0,,Chiapas,San Cristóbal de las Casas,,alto,-92.3702639268516,16.886120916988
2017.0,,Chiapas,San Cristóbal de las Casas,,alto,-92.3702639268516,16.886120916988
2017.0,,Chiapas,San Cristóbal de las Casas,,alto,-92.3702639268516,16.886120916988
2017.0,,Chiapas,San Cristóbal de las Casas,,alto,-92.3702639268516,16.886120916988
2017.0,,Chiapas,San Cristóbal de las Casas,,alto,-92.3702639268516,16.886120916988
2017.0,,Chiapas,San Cristóbal de las Casas,,alto,-92.3702639268516,16.886120916988
2017.0,,Chiapas,San Cristóbal de las Casas,,alto,-92.3702639268516,16.886120916988
2017.0,,Chiapas,San Cristóbal de las Casas,,alto,-92.3702639268516,16.886120916988
2017.0,,Chiapas,San Cristóbal de las Casas,,alto,-92.3702639268516,16.886120916988
2017.0,,Chiapas,San Cristóbal de las Casas,,alto,-92.3702639268516,16.886120916988
2017.0,,Chiapas,San Cristóbal de las Casas,,alto,-92.3702639268516,16.886120916988
2017.0,,Chiapas,San Cristóbal de las Casas,,alto,-92.3702639268516,16.886120916988
2017.0,,Chiapas,San Cristóbal de las Casas,,alto,-92.3702639268516,16.886120916988
2017.0,,Chiapas,San Cristóbal de las Casas,,alto,-92.3702639268516,16.886120916988
2017.0,,Chiapas,San Cristóbal de las Casas,,alto,-92.3702639268516,16.886120916988
2017.0,,Chiapas,San Cristóbal de las Casas,,alto,-92.3702639268516,16.886120916988
2017.0,,Chiapas,San Cristóbal de las Casas,,alto,-92.3702639268516,16.886120916988
2017.0,,Chiapas,San Cristóbal de las Casas,,alto,-92.3702639268516,16.886120916988
2017.0,,Chiapas,San Cristóbal de las Casas,,alto,-92.3702639268516,16.886120916988
2017.0,,Chiapas,San Cristóbal de las Casas,,alto,-92.3702639268516,16.886120916988
2017.0,,Chiapas,San Cristóbal de las Casas,,alto,-92.3702639268516,16.886120916988
2017.0,,Chiapas,San Cristóbal de las Casas,,alto,-92.3702639268516,16.886120916988
2017.0,,Chiapas,San Cristóbal de las Casas,,alto,-92.3702639268516,16.886120916988
2017.0,,Chiapas,San Cristóbal de las Casas,,alto,-92.3702639268516,16.886120916988
2017.0,,Chiapas,San Cristóbal de las Casas,,alto,-92.3702639268516,16.886120916988
2017.0,,Chiapas,San Cristóbal de las Casas,,alto,-92.3702639268516,16.886120916988
2017.0,,Chiapas,San Cristóbal de las Casas,,alto,-92.3702639268516,16.886120916988
2017.0,,Chiapas,San Cristóbal de las Casas,,alto,-92.3702639268516,16.886120916988
2017.0,,Chiapas,San Cristóbal de las Casas,,alto,-92.3702639268516,16.886120916988
2017.0,,Chiapas,San Cristóbal de las Casas,,alto,-92.3702639268516,16.886120916988
2017.0,,Chiapas,San Cristóbal de las Casas,,alto,-92.3702639268516,16.886120916988
2017.0,,Chiapas,San Cristóbal de las Casas,,alto,-92.3702639268516,16.886120916988
2017.0,,Chiapas,San Cristóbal de las Casas,,alto,-92.3702639268516,16.886120916988
2017.0,,Chiapas,San Cristóbal de las Casas,,alto,-92.3702639268516,16.886120916988
2017.0,,Chiapas,San Cristóbal de las Casas,,alto,-92.3702639268516,16.886120916988
2017.0,,Chiapas,San Cristóbal de las Casas,,alto,-92.3702639268516,16.886120916988
2017.0,,Chiapas,San Cristóbal de las Casas,,alto,-92.3702639268516,16.886120916988
2017.0,,Chiapas,San Cristóbal de las Casas,,alto,-92.3702639268516,16.886120916988
2017.0,,Chiapas,San Cristóbal de las Casas,,alto,-92.3702639268516,16.886120916988
2017.0,,Chiapas,San Cristóbal de las Casas,,alto,-92.3702639268516,16.886120916988
2017.0,,Chiapas,San Cristóbal de las Casas,,alto,-92.3702639268516,16.886120916988
2017.0,,Chiapas,San Cristóbal de las Casas,,alto,-92.3702639268516,16.886120916988
2017.0,,Chiapas,San Cristóbal de las Casas,,alto,-92.3702639268516,16.886120916988
2017.0,,Chiapas,San Cristóbal de las Casas,,alto,-92.3702639268516,16.886120916988
2017.0,,Chiapas,San Cristóbal de las Casas,,alto,-92.3702639268516,16.886120916988
2017.0,,Chiapas,San Cristóbal de las Casas,,alto,-92.3702639268516,16.886120916988
2017.0,,Chiapas,San Cristóbal de las Casas,,alto,-92.3702639268516,16.886120916988
2017.0,,Chiapas,San Cristóbal de las Casas,,alto,-92.3702639268516,16.886120916988
2017.0,,Chiapas,San Cristóbal de las Casas,,alto,-92.3702639268516,16.886120916988
2017.0,,Chiapas,San Cristóbal de las Casas,,alto,-92.3702639268516,16.886120916988
2017.0,,Chiapas,San Cristóbal de las Casas,,alto,-92.3702639268516,16.886120916988
2017.0,,Chiapas,San Cristóbal de las Casas,,alto,-92.3702639268516,16.886120916988
2017.0,,Chiapas,San Cristóbal de las Casas,,alto,-92.3702639268516,16.886120916988
2017.0,,Chiapas,San Cristóbal de las Casas,,alto,-92.3702639268516,16.886120916988
2017.0,,Chiapas,San Cristóbal de las Casas,,alto,-92.3702639268516,16.886120916988
2017.0,,Chiapas,San Cristóbal de las Casas,,alto,-92.3702639268516,16.886120916988
2017.0,,Chiapas,San Cristóbal de las Casas,,alto,-92.3702639268516,16.886120916988
2017.0,,Chiapas,San Cristóbal de las Casas,,alto,-92.3702639268516,16.886120916988
2017.0,,Chiapas,San Cristóbal de las Casas,,alto,-92.3702639268516,16.886120916988
2017.0,,Chiapas,San Cristóbal de las Casas,,alto,-92.3702639268516,16.886120916988
2017.0,,Chiapas,San Cristóbal de las Casas,,alto,-92.3702639268516,16.886120916988
2017.0,,Chiapas,San Cristóbal de las Casas,,alto,-92.3702639268516,16.886120916988
2017.0,,Chiapas,San Cristóbal de las Casas,,alto,-92.3702639268516,16.886120916988
2017.0,,Chiapas,San Cristóbal de las Casas,,alto,-92.3702639268516,16.886120916988
2017.0,,Chiapas,San Cristóbal de las Casas,,alto,-92.3702639268516,16.886120916988
2017.0,,Chiapas,San Cristóbal de las Casas,,alto,-92.3702639268516,16.886120916988
2017.0,,Chiapas,San Cristóbal de las Casas,,alto,-92.3702639268516,16.886120916988
2017.0,,Chiapas,San Cristóbal de las Casas,,alto,-92.3702639268516,16.886120916988
2017.0,,Chiapas,San Cristóbal de las Casas,,alto,-92.3702639268516,16.886120916988
2017.0,,Chiapas,San Cristóbal de las Casas,,alto,-92.3702639268516,16.886120916988
2017.0,,Chiapas,San Cristóbal de las Casas,,alto,-92.3702639268516,16.886120916988
2017.0,,Chiapas,San Cristóbal de las Casas,,alto,-92.3702639268516,16.886120916988
2017.0,,Chiapas,San Cristóbal de las Casas,,alto,-92.3702639268516,16.886120916988
2017.0,,Chiapas,San Cristóbal de las Casas,,alto,-92.3702639268516,16.886120916988
2017.0,,Chiapas,San Cristóbal de las Casas,,alto,-92.3702639268516,16.886120916988
2017.0,,Chiapas,San Cristóbal de las Casas,,alto,-92.3702639268516,16.886120916988
2017.0,,Chiapas,San Cristóbal de las Casas,,alto,-92.3702639268516,16.886120916988
2017.0,,Chiapas,San Cristóbal de las Casas,,alto,-92.3702639268516,16.886120916988
2017.0,,Chiapas,San Cristóbal de las Casas,,alto,-92.3702639268516,16.886120916988
2017.0,,Chiapas,San Cristóbal de las Casas,,alto,-92.3702639268516,16.886120916988
2017.0,,Chiapas,San Cristóbal de las Casas,,alto,-92.3702639268516,16.886120916988
2017.0,,Chiapas,San Cristóbal de las Casas,,alto,-92.3702639268516,16.886120916988
2017.0,,Chiapas,San Cristóbal de las Casas,,alto,-92.3702639268516,16.886120916988
2017.0,,Chiapas,San Cristóbal de las Casas,,alto,-92.3702639268516,16.886120916988
2017.0,,Chiapas,San Cristóbal de las Casas,,alto,-92.3702639268516,16.886120916988
2017.0,,Chiapas,San Cristóbal de las Casas,,alto,-92.3702639268516,16.886120916988
2017.0,,Chiapas,San Cristóbal de las Casas,,alto,-92.3702639268516,16.886120916988
2017.0,,Chiapas,San Cristóbal de las Casas,,alto,-92.3702639268516,16.886120916988
2017.0,,Chiapas,San Cristóbal de las Casas,,alto,-92.3702639268516,16.886120916988
2017.0,,Chiapas,San Cristóbal de las Casas,,alto,-92.3702639268516,16.886120916988
2017.0,,Chiapas,San Cristóbal de las Casas,,alto,-92.3702639268516,16.886120916988
2017.0,,Chiapas,San Cristóbal de las Casas,,alto,-92.3702639268516,16.886120916988
2017.0,,Chiapas,San Cristóbal de las Casas,,alto,-92.3702639268516,16.886120916988
2017.0,,Chiapas,San Cristóbal de las Casas,,alto,-92.3702639268516,16.886120916988
2017.0,,Chiapas,San Cristóbal de las Casas,,alto,-92.3702639268516,16.886120916988
2017.0,,Chiapas,San Cristóbal de las Casas,,alto,-92.3702639268516,16.886120916988
2017.0,,Chiapas,San Cristóbal de las Casas,,alto,-92.3702639268516,16.886120916988
2017.0,,Chiapas,San Cristóbal de las Casas,,alto,-92.3702639268516,16.886120916988
2017.0,,Chiapas,San Cristóbal de las Casas,,alto,-92.3702639268516,16.886120916988
2017.0,,Chiapas,San Cristóbal de las Casas,,alto,-92.3702639268516,16.886120916988
2017.0,,Chiapas,San Cristóbal de las Casas,,alto,-92.3702639268516,16.886120916988
2017.0,,Chiapas,San Cristóbal de las Casas,,alto,-92.3702639268516,16.886120916988
2017.0,,Chiapas,San Cristóbal de las Casas,,alto,-92.3702639268516,16.886120916988
2017.0,,Chiapas,San Cristóbal de las Casas,,alto,-92.3702639268516,16.886120916988
2017.0,,Chiapas,San Cristóbal de las Casas,,alto,-92.3702639268516,16.886120916988
2017.0,,Chiapas,San Cristóbal de las Casas,,alto,-92.3702639268516,16.886120916988
2017.0,,Chiapas,San Cristóbal de las Casas,,alto,-92.3702639268516,16.886120916988
2017.0,,Chiapas,San Cristóbal de las Casas,,alto,-92.6499535232897,16.7289800692057
2017.0,,Chiapas,San Cristóbal de las Casas,,alto,-92.6499535232897,16.7289800692057
2017.0,,Chiapas,San Cristóbal de las Casas,,alto,-92.6499535232897,16.7289800692057
2017.0,,Chiapas,San Cristóbal de las Casas,,alto,-92.6499535232897,16.7289800692057
2017.0,,Chiapas,San Cristóbal de las Casas,,alto,-92.6499535232897,16.7289800692057
2017.0,,Chiapas,San Cristóbal de las Casas,,alto,-92.6499535232897,16.7289800692057
2017.0,,Chiapas,San Cristóbal de las Casas,,alto,-92.6499535232897,16.7289800692057
2017.0,,Chiapas,San Cristóbal de las Casas,,alto,-92.6499535232897,16.7289800692057
2017.0,,Chiapas,San Cristóbal de las Casas,,alto,-92.6499535232897,16.7289800692057
2017.0,,Chiapas,San Cristóbal de las Casas,,alto,-92.6499535232897,16.7289800692057
2017.0,,Chiapas,San Cristóbal de las Casas,,alto,-92.6499535232897,16.7289800692057
2017.0,,Chiapas,San Cristóbal de las Casas,,alto,-92.6499535232897,16.7289800692057
2017.0,,Chiapas,San Cristóbal de las Casas,,alto,-92.6499535232897,16.7289800692057
2017.0,,Chiapas,San Cristóbal de las Casas,,alto,-92.6499535232897,16.7289800692057
2017.0,,Chiapas,San Cristóbal de las Casas,,alto,-92.6499535232897,16.7289800692057
2017.0,,Chiapas,San Cristóbal de las Casas,,alto,-92.6499535232897,16.7289800692057
2017.0,,Chiapas,San Cristóbal de las Casas,,alto,-92.6499535232897,16.7289800692057
2017.0,,Chiapas,San Cristóbal de las Casas,,alto,-92.6499535232897,16.7289800692057
2017.0,,Chiapas,San Cristóbal de las Casas,,alto,-92.6499535232897,16.7289800692057
2017.0,,Chiapas,San Cristóbal de las Casas,,alto,-92.6499535232897,16.7289800692057
2017.0,,Chiapas,San Cristóbal de las Casas,,alto,-92.6499535232897,16.7289800692057
2017.0,,Chiapas,San Cristóbal de las Casas,,alto,-92.6499535232897,16.7289800692057
2017.0,,Chiapas,San Cristóbal de las Casas,,alto,-92.6499535232897,16.7289800692057
2017.0,,Chiapas,San Cristóbal de las Casas,,alto,-92.6499535232897,16.7289800692057
2017.0,,Chiapas,San Cristóbal de las Casas,,alto,-92.6499535232897,16.7289800692057
2017.0,,Chiapas,San Cristóbal de las Casas,,alto,-92.6499535232897,16.7289800692057
2017.0,,Chiapas,San Cristóbal de las Casas,,alto,-92.6499535232897,16.7289800692057
2017.0,,Chiapas,San Cristóbal de las Casas,,alto,-92.6499535232897,16.7289800692057
2017.0,,Chiapas,San Cristóbal de las Casas,,alto,-92.6499535232897,16.7289800692057
2017.0,,Chiapas,San Cristóbal de las Casas,,alto,-92.6499535232897,16.7289800692057
2017.0,,Chiapas,San Cristóbal de las Casas,,alto,-92.6499535232897,16.7289800692057
2017.0,,Chiapas,San Cristóbal de las Casas,,alto,-92.6499535232897,16.7289800692057
2017.0,,Chiapas,San Cristóbal de las Casas,,alto,-92.6499535232897,16.7289800692057
2017.0,,Chiapas,San Cristóbal de las Casas,,alto,-92.6499535232897,16.7289800692057
2017.0,,Chiapas,San Cristóbal de las Casas,,alto,-92.6499535232897,16.7289800692057
2017.0,,Chiapas,San Cristóbal de las Casas,,alto,-92.6499535232897,16.7289800692057
2017.0,,Chiapas,San Cristóbal de las Casas,,alto,-92.6499535232897,16.7289800692057
2017.0,,Chiapas,San Cristóbal de las Casas,,alto,-92.6499535232897,16.7289800692057
2017.0,,Chiapas,San Cristóbal de las Casas,,alto,-92.6499535232897,16.7289800692057
2017.0,,Chiapas,San Cristóbal de las Casas,,alto,-92.6499535232897,16.7289800692057
2017.0,,Chiapas,San Cristóbal de las Casas,,alto,-92.6499535232897,16.7289800692057
2017.0,,Chiapas,San Cristóbal de las Casas,,alto,-92.6499535232897,16.7289800692057
2017.0,,Chiapas,San Cristóbal de las Casas,,alto,-92.6499535232897,16.7289800692057
2017.0,,Chiapas,San Cristóbal de las Casas,,alto,-92.6499535232897,16.7289800692057
2017.0,,Chiapas,San Cristóbal de las Casas,,alto,-92.6499535232897,16.7289800692057
2017.0,,Chiapas,San Cristóbal de las Casas,,alto,-92.6499535232897,16.7289800692057
2017.0,,Chiapas,San Cristóbal de las Casas,,alto,-92.6499535232897,16.7289800692057
2017.0,,Chiapas,San Cristóbal de las Casas,,alto,-92.6499535232897,16.7289800692057
2017.0,,Chiapas,San Cristóbal de las Casas,,alto,-92.6499535232897,16.7289800692057
2017.0,,Chiapas,San Cristóbal de las Casas,,alto,-92.6499535232897,16.7289800692057
2017.0,,Chiapas,San Cristóbal de las Casas,,alto,-92.6499535232897,16.7289800692057
2017.0,,Chiapas,San Cristóbal de las Casas,,alto,-92.6499535232897,16.7289800692057
2017.0,,Chiapas,San Cristóbal de las Casas,,alto,-92.6499535232897,16.7289800692057
2017.0,,Chiapas,San Cristóbal de las Casas,,alto,-92.6499535232897,16.7289800692057
2017.0,,Chiapas,San Cristóbal de las Casas,,alto,-92.6499535232897,16.7289800692057
2017.0,,Chiapas,San Cristóbal de las Casas,,alto,-92.6499535232897,16.7289800692057
2017.0,,Chiapas,San Cristóbal de las Casas,,alto,-92.6499535232897,16.7289800692057
2017.0,,Chiapas,San Cristóbal de las Casas,,alto,-92.6499535232897,16.7289800692057
2017.0,,Chiapas,San Cristóbal de las Casas,,alto,-92.6499535232897,16.7289800692057
2017.0,,Chiapas,San Cristóbal de las Casas,,alto,-92.6499535232897,16.7289800692057
2017.0,,Chiapas,San Cristóbal de las Casas,,alto,-92.6499535232897,16.7289800692057
2017.0,,Chiapas,San Cristóbal de las Casas,,alto,-92.6499535232897,16.7289800692057
2017.0,,Chiapas,San Cristóbal de las Casas,,alto,-92.6499535232897,16.7289800692057
2017.0,,Chiapas,San Cristóbal de las Casas,,alto,-92.6499535232897,16.7289800692057
2017.0,,Chiapas,San Cristóbal de las Casas,,alto,-92.6499535232897,16.7289800692057
2017.0,,Chiapas,San Cristóbal de las Casas,,alto,-92.6499535232897,16.7289800692057
2017.0,,Chiapas,San Cristóbal de las Casas,,alto,-92.6499535232897,16.7289800692057
2017.0,,Chiapas,San Cristóbal de las Casas,,alto,-92.6499535232897,16.7289800692057
2017.0,,Chiapas,San Cristóbal de las Casas,,alto,-92.6499535232897,16.7289800692057
2017.0,,Chiapas,San Cristóbal de las Casas,,alto,-92.6499535232897,16.7289800692057
2017.0,,Chiapas,San Cristóbal de las Casas,,alto,-92.6499535232897,16.7289800692057
2017.0,,Chiapas,San Cristóbal de las Casas,,alto,-92.6499535232897,16.7289800692057
2017.0,,Chiapas,San Cristóbal de las Casas,,alto,-92.6499535232897,16.7289800692057
2017.0,,Chiapas,San Cristóbal de las Casas,,alto,-92.6499535232897,16.7289800692057
2017.0,,Chiapas,San Cristóbal de las Casas,,alto,-92.6499535232897,16.7289800692057
2017.0,,Chiapas,San Cristóbal de las Casas,,alto,-92.6499535232897,16.7289800692057
2017.0,,Chiapas,San Cristóbal de las Casas,,alto,-92.6499535232897,16.7289800692057
2017.0,,Chiapas,San Cristóbal de las Casas,,alto,-92.6499535232897,16.7289800692057
2017.0,,Chiapas,San Cristóbal de las Casas,,alto,-92.6499535232897,16.7289800692057
2017.0,,Chiapas,San Cristóbal de las Casas,,alto,-92.6499535232897,16.7289800692057
2017.0,,Chiapas,San Cristóbal de las Casas,,alto,-92.6499535232897,16.7289800692057
2017.0,,Chiapas,San Cristóbal de las Casas,,alto,-92.6499535232897,16.7289800692057
2017.0,,Chiapas,San Cristóbal de las Casas,,alto,-92.6499535232897,16.7289800692057
2017.0,,Chiapas,San Cristóbal de las Casas,,alto,-92.6499535232897,16.7289800692057
2017.0,,Chiapas,San Cristóbal de las Casas,,alto,-92.6499535232897,16.7289800692057
2017.0,,Chiapas,San Cristóbal de las Casas,,alto,-92.6499535232897,16.7289800692057
2017.0,,Chiapas,San Cristóbal de las Casas,,alto,-92.6499535232897,16.7289800692057
2017.0,,Chiapas,San Cristóbal de las Casas,,alto,-92.6499535232897,16.7289800692057
2017.0,,Chiapas,San Cristóbal de las Casas,,alto,-92.6499535232897,16.7289800692057
2017.0,,Chiapas,San Cristóbal de las Casas,,alto,-92.6499535232897,16.7289800692057
2017.0,,Chiapas,San Cristóbal de las Casas,,alto,-92.6499535232897,16.7289800692057
2017.0,,Chiapas,San Cristóbal de las Casas,,alto,-92.6499535232897,16.7289800692057
2017.0,,Chiapas,San Cristóbal de las Casas,,alto,-92.6499535232897,16.7289800692057
2017.0,,Chiapas,San Cristóbal de las Casas,,alto,-92.6499535232897,16.7289800692057
2017.0,,Chiapas,San Cristóbal de las Casas,,alto,-92.6499535232897,16.7289800692057
2017.0,,Chiapas,San Cristóbal de las Casas,,alto,-92.6499535232897,16.7289800692057
2017.0,,Chiapas,San Cristóbal de las Casas,,alto,-92.6499535232897,16.7289800692057
2017.0,,Chiapas,San Cristóbal de las Casas,,alto,-92.6499535232897,16.7289800692057
2017.0,,Chiapas,San Cristóbal de las Casas,,alto,-92.6499535232897,16.7289800692057
2017.0,,Chiapas,San Cristóbal de las Casas,,alto,-92.6499535232897,16.7289800692057
2017.0,,Chiapas,San Cristóbal de las Casas,,alto,-92.6499535232897,16.7289800692057
2017.0,,Chiapas,San Cristóbal de las Casas,,alto,-92.6499535232897,16.7289800692057
2017.0,,Chiapas,San Cristóbal de las Casas,,alto,-92.6499535232897,16.7289800692057
2017.0,,Chiapas,San Cristóbal de las Casas,,alto,-92.6499535232897,16.7289800692057
2017.0,,Chiapas,San Cristóbal de las Casas,,alto,-92.6499535232897,16.7289800692057
2017.0,,Chiapas,San Cristóbal de las Casas,,alto,-92.6499535232897,16.7289800692057
2017.0,,Chiapas,San Cristóbal de las Casas,,alto,-92.6499535232897,16.7289800692057
2017.0,,Chiapas,San Cristóbal de las Casas,,alto,-92.6499535232897,16.7289800692057
2017.0,,Chiapas,San Cristóbal de las Casas,,alto,-92.6499535232897,16.7289800692057
2017.0,,Chiapas,San Cristóbal de las Casas,,alto,-92.6499535232897,16.7289800692057
2017.0,,Chiapas,San Cristóbal de las Casas,,alto,-92.6499535232897,16.7289800692057
2017.0,,Chiapas,San Cristóbal de las Casas,,alto,-92.6499535232897,16.7289800692057
2017.0,,Chiapas,San Cristóbal de las Casas,,alto,-92.6499535232897,16.7289800692057
2017.0,,Chiapas,San Cristóbal de las Casas,,alto,-92.6499535232897,16.7289800692057
2017.0,,Chiapas,San Cristóbal de las Casas,,alto,-92.6499535232897,16.7289800692057
2017.0,,Chiapas,San Cristóbal de las Casas,,alto,-92.6499535232897,16.7289800692057
2017.0,,Chiapas,San Cristóbal de las Casas,,alto,-92.6499535232897,16.7289800692057
2017.0,,Chiapas,San Cristóbal de las Casas,,alto,-92.6499535232897,16.7289800692057
2017.0,,Chiapas,San Cristóbal de las Casas,,alto,-92.6499535232897,16.7289800692057
2017.0,,Chiapas,San Cristóbal de las Casas,,alto,-92.6499535232897,16.7289800692057
2017.0,,Chiapas,San Cristóbal de las Casas,,alto,-92.6499535232897,16.7289800692057
2017.0,,Chiapas,San Cristóbal de las Casas,,alto,-92.6499535232897,16.7289800692057
2017.0,,Chiapas,San Cristóbal de las Casas,,alto,-92.6499535232897,16.7289800692057
2017.0,,Chiapas,San Cristóbal de las Casas,,alto,-92.6499535232897,16.7289800692057
2017.0,,Chiapas,San Cristóbal de las Casas,,alto,-92.6499535232897,16.7289800692057
2017.0,,Chiapas,San Cristóbal de las Casas,,alto,-92.6499535232897,16.7289800692057
2017.0,,Chiapas,San Cristóbal de las Casas,,alto,-92.6499535232897,16.7289800692057
2017.0,,Chiapas,San Cristóbal de las Casas,,alto,-92.6499535232897,16.7289800692057
2017.0,,Chiapas,San Cristóbal de las Casas,,alto,-92.6499535232897,16.7289800692057
2017.0,,Chiapas,San Cristóbal de las Casas,,alto,-92.6499535232897,16.7289800692057
2017.0,,Chiapas,San Cristóbal de las Casas,,alto,-92.6499535232897,16.7289800692057
2017.0,,Chiapas,San Cristóbal de las Casas,,alto,-92.6499535232897,16.7289800692057
2017.0,,Chiapas,San Cristóbal de las Casas,,alto,-92.6499535232897,16.7289800692057
2017.0,,Chiapas,San Cristóbal de las Casas,,alto,-92.6499535232897,16.7289800692057
2017.0,,Chiapas,San Cristóbal de las Casas,,alto,-92.6499535232897,16.7289800692057
2017.0,,Chiapas,San Cristóbal de las Casas,,alto,-92.6499535232897,16.7289800692057
2017.0,,Chiapas,San Cristóbal de las Casas,,alto,-92.6499535232897,16.7289800692057
2017.0,,Chiapas,San Cristóbal de las Casas,,alto,-92.6499535232897,16.7289800692057
2017.0,,Chiapas,San Cristóbal de las Casas,,alto,-92.6499535232897,16.7289800692057
2017.0,,Chiapas,San Cristóbal de las Casas,,alto,-92.6499535232897,16.7289800692057
2017.0,,Chiapas,San Cristóbal de las Casas,,alto,-92.6499535232897,16.7289800692057
2017.0,,Chiapas,San Cristóbal de las Casas,,alto,-92.6499535232897,16.7289800692057
2017.0,,Chiapas,San Cristóbal de las Casas,,alto,-92.6499535232897,16.7289800692057
2017.0,,Chiapas,San Cristóbal de las Casas,,alto,-92.6499535232897,16.7289800692057
2017.0,,Chiapas,San Cristóbal de las Casas,,alto,-92.6499535232897,16.7289800692057
2017.0,,Chiapas,San Cristóbal de las Casas,,alto,-92.6499535232897,16.7289800692057
2017.0,,Chiapas,San Cristóbal de las Casas,,alto,-92.6499535232897,16.7289800692057
2017.0,,Chiapas,San Cristóbal de las Casas,,alto,-92.6499535232897,16.7289800692057
2017.0,,Chiapas,San Cristóbal de las Casas,,alto,-92.6499535232897,16.7289800692057
2017.0,,Chiapas,San Cristóbal de las Casas,,alto,-92.6499535232897,16.7289800692057
2017.0,,Chiapas,San Cristóbal de las Casas,,alto,-92.6499535232897,16.7289800692057
2017.0,,Chiapas,San Cristóbal de las Casas,,alto,-92.6499535232897,16.7289800692057
2017.0,,Chiapas,San Cristóbal de las Casas,,alto,-92.6499535232897,16.7289800692057
2017.0,,Chiapas,San Cristóbal de las Casas,,alto,-92.6499535232897,16.7289800692057
2017.0,,Chiapas,San Cristóbal de las Casas,,alto,-92.6499535232897,16.7289800692057
2017.0,,Chiapas,San Cristóbal de las Casas,,alto,-92.6499535232897,16.7289800692057
2017.0,,Chiapas,San Cristóbal de las Casas,,alto,-92.6499535232897,16.7289800692057
2017.0,,Chiapas,San Cristóbal de las Casas,,alto,-92.6499535232897,16.7289800692057
2017.0,,Chiapas,San Cristóbal de las Casas,,alto,-92.6499535232897,16.7289800692057
2017.0,,Chiapas,San Cristóbal de las Casas,,alto,-92.6499535232897,16.7289800692057
2017.0,,Chiapas,San Cristóbal de las Casas,,alto,-92.6499535232897,16.7289800692057
2017.0,,Chiapas,San Cristóbal de las Casas,,alto,-92.6499535232897,16.7289800692057
2017.0,,Chiapas,San Cristóbal de las Casas,,alto,-92.6499535232897,16.7289800692057
2017.0,,Chiapas,San Cristóbal de las Casas,,alto,-92.6499535232897,16.7289800692057
2017.0,,Chiapas,San Cristóbal de las Casas,,alto,-92.6499535232897,16.7289800692057
2017.0,,Chiapas,San Cristóbal de las Casas,,alto,-92.6499535232897,16.7289800692057
2017.0,,Chiapas,San Cristóbal de las Casas,,alto,-92.6499535232897,16.7289800692057
2017.0,,Chiapas,San Cristóbal de las Casas,,alto,-92.6499535232897,16.7289800692057
2017.0,,Chiapas,San Cristóbal de las Casas,,alto,-92.6499535232897,16.7289800692057
2017.0,,Chiapas,San Cristóbal de las Casas,,alto,-92.6499535232897,16.7289800692057
2017.0,,Chiapas,San Cristóbal de las Casas,,alto,-92.6499535232897,16.7289800692057
2017.0,,Chiapas,San Cristóbal de las Casas,,alto,-92.6499535232897,16.7289800692057
2017.0,,Chiapas,San Cristóbal de las Casas,,alto,-92.6499535232897,16.7289800692057
2017.0,,Chiapas,San Cristóbal de las Casas,,alto,-92.6499535232897,16.7289800692057
2017.0,,Chiapas,San Cristóbal de las Casas,,alto,-92.6499535232897,16.7289800692057
2017.0,,Chiapas,San Cristóbal de las Casas,,alto,-92.6499535232897,16.7289800692057
2017.0,,Chiapas,San Cristóbal de las Casas,,alto,-92.6499535232897,16.7289800692057
2017.0,,Chiapas,San Cristóbal de las Casas,,alto,-92.6499535232897,16.7289800692057
2017.0,,Chiapas,San Cristóbal de las Casas,,alto,-92.6499535232897,16.7289800692057
2017.0,,Chiapas,San Cristóbal de las Casas,,alto,-92.6499535232897,16.7289800692057
2017.0,,Chiapas,San Cristóbal de las Casas,,alto,-92.6499535232897,16.7289800692057
2017.0,,Chiapas,San Cristóbal de las Casas,,alto,-92.6499535232897,16.7289800692057
2017.0,,Chiapas,San Cristóbal de las Casas,,alto,-92.6499535232897,16.7289800692057
2017.0,,Chiapas,San Cristóbal de las Casas,,alto,-92.6499535232897,16.7289800692057
2017.0,,Chiapas,San Cristóbal de las Casas,,alto,-92.6499535232897,16.7289800692057
2017.0,,Chiapas,San Cristóbal de las Casas,,alto,-92.6499535232897,16.7289800692057
2017.0,,Chiapas,San Cristóbal de las Casas,,alto,-92.6499535232897,16.7289800692057
2017.0,,Chiapas,San Cristóbal de las Casas,,alto,-92.6499535232897,16.7289800692057
2017.0,,Chiapas,San Cristóbal de las Casas,,alto,-92.6499535232897,16.7289800692057
2017.0,,Chiapas,San Cristóbal de las Casas,,alto,-92.6499535232897,16.7289800692057
2017.0,,Chiapas,San Cristóbal de las Casas,,alto,-92.6499535232897,16.7289800692057
2017.0,,Chiapas,San Cristóbal de las Casas,,alto,-92.6499535232897,16.7289800692057
2017.0,,Chiapas,San Cristóbal de las Casas,,alto,-92.6499535232897,16.7289800692057
2017.0,,Chiapas,San Cristóbal de las Casas,,alto,-92.6499535232897,16.7289800692057
2017.0,,Chiapas,San Cristóbal de las Casas,,alto,-92.6499535232897,16.7289800692057
2017.0,,Chiapas,San Cristóbal de las Casas,,alto,-92.6499535232897,16.7289800692057
2017.0,,Chiapas,San Cristóbal de las Casas,,alto,-92.6499535232897,16.7289800692057
2017.0,,Chiapas,San Cristóbal de las Casas,,alto,-92.6499535232897,16.7289800692057
2017.0,,Chiapas,San Cristóbal de las Casas,,alto,-92.6499535232897,16.7289800692057
2017.0,,Chiapas,San Cristóbal de las Casas,,alto,-92.6499535232897,16.7289800692057
2017.0,,Chiapas,San Cristóbal de las Casas,,alto,-92.6499535232897,16.7289800692057
2017.0,,Chiapas,San Cristóbal de las Casas,,alto,-92.6499535232897,16.7289800692057
2017.0,,Chiapas,San Cristóbal de las Casas,,alto,-92.6499535232897,16.7289800692057
2017.0,,Chiapas,San Cristóbal de las Casas,,alto,-92.6499535232897,16.7289800692057
2017.0,,Chiapas,San Cristóbal de las Casas,,alto,-92.6499535232897,16.7289800692057
2017.0,,Chiapas,San Cristóbal de las Casas,,alto,-92.6499535232897,16.7289800692057
2017.0,,Chiapas,San Cristóbal de las Casas,,alto,-92.6499535232897,16.7289800692057
2017.0,,Chiapas,San Cristóbal de las Casas,,alto,-92.6499535232897,16.7289800692057
2017.0,,Chiapas,San Cristóbal de las Casas,,alto,-92.6499535232897,16.7289800692057
2017.0,,Chiapas,San Cristóbal de las Casas,,alto,-92.6499535232897,16.7289800692057
2017.0,,Chiapas,San Cristóbal de las Casas,,alto,-92.6499535232897,16.7289800692057
2017.0,,Chiapas,San Cristóbal de las Casas,,alto,-92.6499535232897,16.7289800692057
2017.0,,Chiapas,San Cristóbal de las Casas,,alto,-92.6499535232897,16.7289800692057
2017.0,,Chiapas,San Cristóbal de las Casas,,alto,-92.6499535232897,16.7289800692057
2017.0,,Chiapas,San Cristóbal de las Casas,,alto,-92.6499535232897,16.7289800692057
2017.0,,Chiapas,San Cristóbal de las Casas,,alto,-92.6499535232897,16.7289800692057
2017.0,,Chiapas,San Cristóbal de las Casas,,alto,-92.6499535232897,16.7289800692057
2017.0,,Chiapas,San Cristóbal de las Casas,,alto,-92.6499535232897,16.7289800692057
2017.0,,Chiapas,San Cristóbal de las Casas,,alto,-92.6499535232897,16.7289800692057
2017.0,,Chiapas,San Cristóbal de las Casas,,alto,-92.6499535232897,16.7289800692057
2017.0,,Chiapas,San Cristóbal de las Casas,,alto,-92.6499535232897,16.7289800692057
2017.0,,Chiapas,San Cristóbal de las Casas,,alto,-92.6499535232897,16.7289800692057
2017.0,,Chiapas,San Cristóbal de las Casas,,alto,-92.6499535232897,16.7289800692057
2017.0,,Chiapas,San Cristóbal de las Casas,,alto,-92.6499535232897,16.7289800692057
2017.0,,Chiapas,San Cristóbal de las Casas,,alto,-92.6499535232897,16.7289800692057
2017.0,,Chiapas,San Cristóbal de las Casas,,alto,-92.6499535232897,16.7289800692057
2017.0,,Chiapas,San Cristóbal de las Casas,,alto,-92.6499535232897,16.7289800692057
2017.0,,Chiapas,San Cristóbal de las Casas,,alto,-92.6499535232897,16.7289800692057
2017.0,,Chiapas,San Cristóbal de las Casas,,alto,-92.6499535232897,16.7289800692057
2017.0,,Chiapas,San Cristóbal de las Casas,,alto,-92.6499535232897,16.7289800692057
2017.0,,Chiapas,San Cristóbal de las Casas,,alto,-92.6499535232897,16.7289800692057
2017.0,,Chiapas,San Cristóbal de las Casas,,alto,-92.6499535232897,16.7289800692057
2017.0,,Chiapas,San Cristóbal de las Casas,,alto,-92.6499535232897,16.7289800692057
2017.0,,Chiapas,San Cristóbal de las Casas,,alto,-92.6499535232897,16.7289800692057
2017.0,,Chiapas,San Cristóbal de las Casas,,alto,-92.6499535232897,16.7289800692057
2017.0,,Chiapas,San Cristóbal de las Casas,,alto,-92.6499535232897,16.7289800692057
2017.0,,Chiapas,San Cristóbal de las Casas,,alto,-92.6499535232897,16.7289800692057
2017.0,,Chiapas,San Cristóbal de las Casas,,alto,-92.6499535232897,16.7289800692057
2017.0,,Chiapas,San Cristóbal de las Casas,,alto,-92.6499535232897,16.7289800692057
2017.0,,Chiapas,San Cristóbal de las Casas,,alto,-92.6499535232897,16.7289800692057
2017.0,,Chiapas,San Cristóbal de las Casas,,alto,-92.6499535232897,16.7289800692057
2017.0,,Chiapas,San Cristóbal de las Casas,,alto,-92.6499535232897,16.7289800692057
2017.0,,Chiapas,San Cristóbal de las Casas,,alto,-92.6499535232897,16.7289800692057
2017.0,,Chiapas,San Cristóbal de las Casas,,alto,-92.6499535232897,16.7289800692057
2017.0,,Chiapas,San Cristóbal de las Casas,,alto,-92.6499535232897,16.7289800692057
2017.0,,Chiapas,San Cristóbal de las Casas,,alto,-92.6499535232897,16.7289800692057
2017.0,,Chiapas,San Cristóbal de las Casas,,alto,-92.6499535232897,16.7289800692057
2017.0,,Chiapas,San Cristóbal de las Casas,,alto,-92.6499535232897,16.7289800692057
2017.0,,Chiapas,San Cristóbal de las Casas,,alto,-92.6499535232897,16.7289800692057
2017.0,,Chiapas,San Cristóbal de las Casas,,alto,-92.6499535232897,16.7289800692057
2017.0,,Chiapas,San Cristóbal de las Casas,,alto,-92.6499535232897,16.7289800692057
2017.0,,Chiapas,San Cristóbal de las Casas,,alto,-92.6499535232897,16.7289800692057
2017.0,,Chiapas,San Cristóbal de las Casas,,alto,-92.6499535232897,16.7289800692057
2017.0,,Chiapas,San Cristóbal de las Casas,,alto,-92.6499535232897,16.7289800692057
2017.0,,Chiapas,San Cristóbal de las Casas,,alto,-92.6499535232897,16.7289800692057
2017.0,,Chiapas,San Cristóbal de las Casas,,alto,-92.6499535232897,16.7289800692057
2017.0,,Chiapas,San Cristóbal de las Casas,,alto,-92.6499535232897,16.7289800692057
2017.0,,Chiapas,San Cristóbal de las Casas,,alto,-92.6499535232897,16.7289800692057
2017.0,,Chiapas,San Cristóbal de las Casas,,alto,-92.6499535232897,16.7289800692057
2017.0,,Chiapas,San Cristóbal de las Casas,,alto,-92.6499535232897,16.7289800692057
2017.0,,Chiapas,San Cristóbal de las Casas,,alto,-92.6499535232897,16.7289800692057
2017.0,,Chiapas,San Cristóbal de las Casas,,alto,-92.6499535232897,16.7289800692057
2017.0,,Chiapas,San Cristóbal de las Casas,,alto,-92.6499535232897,16.7289800692057
2017.0,,Chiapas,San Cristóbal de las Casas,,alto,-92.6499535232897,16.7289800692057
2017.0,,Chiapas,San Cristóbal de las Casas,,alto,-92.6499535232897,16.7289800692057
2017.0,,Chiapas,San Cristóbal de las Casas,,alto,-92.6499535232897,16.7289800692057
2017.0,,Chiapas,San Cristóbal de las Casas,,alto,-92.6499535232897,16.7289800692057
2017.0,,Chiapas,San Cristóbal de las Casas,,alto,-92.6499535232897,16.7289800692057
2017.0,,Chiapas,San Cristóbal de las Casas,,alto,-92.6499535232897,16.7289800692057
2017.0,,Chiapas,San Cristóbal de las Casas,,alto,-92.6499535232897,16.7289800692057
2017.0,,Chiapas,San Cristóbal de las Casas,,alto,-92.6499535232897,16.7289800692057
2017.0,,Chiapas,San Cristóbal de las Casas,,alto,-92.6499535232897,16.7289800692057
2017.0,,Chiapas,San Cristóbal de las Casas,,alto,-92.6499535232897,16.7289800692057
2017.0,,Chiapas,San Cristóbal de las Casas,,alto,-92.6499535232897,16.7289800692057
2017.0,,Chiapas,San Cristóbal de las Casas,,alto,-92.6499535232897,16.7289800692057
2017.0,,Chiapas,San Cristóbal de las Casas,,alto,-92.6499535232897,16.7289800692057
2017.0,,Chiapas,San Cristóbal de las Casas,,alto,-92.6499535232897,16.7289800692057
2017.0,,Chiapas,San Cristóbal de las Casas,,alto,-92.6499535232897,16.7289800692057
2017.0,,Chiapas,San Cristóbal de las Casas,,alto,-92.6499535232897,16.7289800692057
2017.0,,Chiapas,San Cristóbal de las Casas,,alto,-92.6499535232897,16.7289800692057
2017.0,,Chiapas,San Cristóbal de las Casas,,alto,-92.6499535232897,16.7289800692057
2017.0,,Chiapas,San Cristóbal de las Casas,,alto,-92.6499535232897,16.7289800692057
2017.0,,Chiapas,San Cristóbal de las Casas,,alto,-92.6499535232897,16.7289800692057
2017.0,,Chiapas,San Cristóbal de las Casas,,alto,-92.6499535232897,16.7289800692057
2017.0,,Chiapas,San Cristóbal de las Casas,,alto,-92.6499535232897,16.7289800692057
2017.0,,Chiapas,San Cristóbal de las Casas,,alto,-92.6499535232897,16.7289800692057
2017.0,,Chiapas,San Cristóbal de las Casas,,alto,-92.6499535232897,16.7289800692057
2017.0,,Chiapas,San Cristóbal de las Casas,,alto,-92.6499535232897,16.7289800692057
2017.0,,Chiapas,San Cristóbal de las Casas,,alto,-92.6499535232897,16.7289800692057
2017.0,,Chiapas,San Cristóbal de las Casas,,alto,-92.6499535232897,16.7289800692057
2017.0,,Chiapas,San Cristóbal de las Casas,,alto,-92.6499535232897,16.7289800692057
2017.0,,Chiapas,San Cristóbal de las Casas,,alto,-92.6499535232897,16.7289800692057
2017.0,,Chiapas,San Cristóbal de las Casas,,alto,-92.6499535232897,16.7289800692057
2017.0,,Chiapas,San Cristóbal de las Casas,,alto,-92.6499535232897,16.7289800692057
2017.0,,Chiapas,San Cristóbal de las Casas,,alto,-92.6499535232897,16.7289800692057
2017.0,,Chiapas,San Cristóbal de las Casas,,alto,-92.6499535232897,16.7289800692057
2017.0,,Chiapas,San Cristóbal de las Casas,,alto,-92.6499535232897,16.7289800692057
2017.0,,Chiapas,San Cristóbal de las Casas,,alto,-92.6499535232897,16.7289800692057
2017.0,,Chiapas,San Cristóbal de las Casas,,alto,-92.6499535232897,16.7289800692057
2017.0,,Chiapas,San Cristóbal de las Casas,,alto,-92.6499535232897,16.7289800692057
2017.0,,Chiapas,San Cristóbal de las Casas,,alto,-92.6499535232897,16.7289800692057
2017.0,,Chiapas,San Cristóbal de las Casas,,alto,-92.6499535232897,16.7289800692057
2017.0,,Chiapas,San Cristóbal de las Casas,,alto,-92.6499535232897,16.7289800692057
2017.0,,Chiapas,San Cristóbal de las Casas,,alto,-92.6499535232897,16.7289800692057
2017.0,,Chiapas,San Cristóbal de las Casas,,alto,-92.6499535232897,16.7289800692057
2017.0,,Chiapas,San Cristóbal de las Casas,,alto,-92.6499535232897,16.7289800692057
2017.0,,Chiapas,San Cristóbal de las Casas,,alto,-92.6499535232897,16.7289800692057
2017.0,,Chiapas,San Cristóbal de las Casas,,alto,-92.6499535232897,16.7289800692057
2017.0,,Chiapas,San Cristóbal de las Casas,,alto,-92.6499535232897,16.7289800692057
2017.0,,Chiapas,San Cristóbal de las Casas,,alto,-92.6499535232897,16.7289800692057
2017.0,,Chiapas,San Cristóbal de las Casas,,alto,-92.6499535232897,16.7289800692057
2017.0,,Chiapas,San Cristóbal de las Casas,,alto,-92.6499535232897,16.7289800692057
2017.0,,Chiapas,San Cristóbal de las Casas,,alto,-92.6499535232897,16.7289800692057
2017.0,,Chiapas,San Cristóbal de las Casas,,alto,-92.6499535232897,16.7289800692057
2017.0,,Chiapas,San Cristóbal de las Casas,,alto,-92.6499535232897,16.7289800692057
2017.0,,Chiapas,San Cristóbal de las Casas,,alto,-92.6499535232897,16.7289800692057
2017.0,,Chiapas,San Cristóbal de las Casas,,alto,-92.6499535232897,16.7289800692057
2017.0,,Chiapas,San Cristóbal de las Casas,,alto,-92.6499535232897,16.7289800692057
2017.0,,Chiapas,San Cristóbal de las Casas,,alto,-92.6499535232897,16.7289800692057
2017.0,,Chiapas,San Cristóbal de las Casas,,alto,-92.6499535232897,16.7289800692057
2017.0,,Chiapas,San Cristóbal de las Casas,,alto,-92.6499535232897,16.7289800692057
2017.0,,Chiapas,San Cristóbal de las Casas,,alto,-92.6499535232897,16.7289800692057
2017.0,,Chiapas,San Cristóbal de las Casas,,alto,-92.6499535232897,16.7289800692057
2017.0,,Chiapas,San Cristóbal de las Casas,,alto,-92.6499535232897,16.7289800692057
2017.0,,Chiapas,San Cristóbal de las Casas,,alto,-92.6499535232897,16.7289800692057
2017.0,,Chiapas,San Cristóbal de las Casas,,alto,-92.6499535232897,16.7289800692057
2017.0,,Chiapas,San Cristóbal de las Casas,,alto,-92.6499535232897,16.7289800692057
2017.0,,Chiapas,San Cristóbal de las Casas,,alto,-92.6499535232897,16.7289800692057
2017.0,,Chiapas,San Cristóbal de las Casas,,alto,-92.6499535232897,16.7289800692057
2017.0,,Chiapas,San Cristóbal de las Casas,,alto,-92.6499535232897,16.7289800692057
2017.0,,Chiapas,San Cristóbal de las Casas,,alto,-92.6499535232897,16.7289800692057
2017.0,,Chiapas,San Cristóbal de las Casas,,alto,-92.6499535232897,16.7289800692057
2017.0,,Chiapas,San Cristóbal de las Casas,,alto,-92.6499535232897,16.7289800692057
2017.0,,Chiapas,San Cristóbal de las Casas,,alto,-92.6499535232897,16.7289800692057
2017.0,,Chiapas,San Cristóbal de las Casas,,alto,-92.6499535232897,16.7289800692057
2017.0,,Chiapas,San Cristóbal de las Casas,,alto,-92.6499535232897,16.7289800692057
2017.0,,Chiapas,San Cristóbal de las Casas,,alto,-92.6499535232897,16.7289800692057
2017.0,,Chiapas,San Cristóbal de las Casas,,alto,-92.6499535232897,16.7289800692057
2017.0,,Chiapas,San Cristóbal de las Casas,,alto,-92.6499535232897,16.7289800692057
2017.0,,Chiapas,San Cristóbal de las Casas,,alto,-92.6499535232897,16.7289800692057
2017.0,,Chiapas,San Cristóbal de las Casas,,alto,-92.6499535232897,16.7289800692057
2017.0,,Chiapas,San Cristóbal de las Casas,,alto,-92.6499535232897,16.7289800692057
2017.0,,Chiapas,San Cristóbal de las Casas,,alto,-92.6499535232897,16.7289800692057
2017.0,,Chiapas,San Cristóbal de las Casas,,alto,-92.6499535232897,16.7289800692057
2017.0,,Chiapas,San Cristóbal de las Casas,,alto,-92.6499535232897,16.7289800692057
2017.0,,Chiapas,San Cristóbal de las Casas,,alto,-92.6499535232897,16.7289800692057
2017.0,,Chiapas,San Cristóbal de las Casas,,alto,-92.6499535232897,16.7289800692057
2017.0,,Chiapas,San Cristóbal de las Casas,,alto,-92.6499535232897,16.7289800692057
2017.0,,Chiapas,San Cristóbal de las Casas,,alto,-92.6499535232897,16.7289800692057
2017.0,,Chiapas,San Cristóbal de las Casas,,alto,-92.6499535232897,16.7289800692057
2017.0,,Chiapas,San Cristóbal de las Casas,,alto,-92.6499535232897,16.7289800692057
2017.0,,Chiapas,San Cristóbal de las Casas,,alto,-92.6499535232897,16.7289800692057
2017.0,,Chiapas,San Cristóbal de las Casas,,alto,-92.6499535232897,16.7289800692057
2017.0,,Chiapas,San Cristóbal de las Casas,,alto,-92.6499535232897,16.7289800692057
2017.0,,Chiapas,San Cristóbal de las Casas,,alto,-92.6499535232897,16.7289800692057
2017.0,,Chiapas,San Cristóbal de las Casas,,alto,-92.6499535232897,16.7289800692057
2017.0,,Chiapas,San Cristóbal de las Casas,,alto,-92.6499535232897,16.7289800692057
2017.0,,Chiapas,San Cristóbal de las Casas,,alto,-92.6499535232897,16.7289800692057
2017.0,,Chiapas,San Cristóbal de las Casas,,alto,-92.6499535232897,16.7289800692057
2017.0,,Chiapas,San Cristóbal de las Casas,,alto,-92.6499535232897,16.7289800692057
2017.0,,Chiapas,San Cristóbal de las Casas,,alto,-92.6499535232897,16.7289800692057
2017.0,,Chiapas,San Cristóbal de las Casas,,alto,-92.6499535232897,16.7289800692057
2017.0,,Chiapas,San Cristóbal de las Casas,,alto,-92.6499535232897,16.7289800692057
2017.0,,Chiapas,San Cristóbal de las Casas,,alto,-92.6499535232897,16.7289800692057
2017.0,,Chiapas,San Cristóbal de las Casas,,alto,-92.6499535232897,16.7289800692057
2017.0,,Chiapas,San Cristóbal de las Casas,,alto,-92.6499535232897,16.7289800692057
2017.0,,Chiapas,San Cristóbal de las Casas,,alto,-92.6499535232897,16.7289800692057
2017.0,,Chiapas,San Cristóbal de las Casas,,alto,-92.6499535232897,16.7289800692057
2017.0,,Chiapas,San Cristóbal de las Casas,,alto,-92.6499535232897,16.7289800692057
2017.0,,Chiapas,San Cristóbal de las Casas,,alto,-92.6499535232897,16.7289800692057
2017.0,,Chiapas,San Cristóbal de las Casas,,alto,-92.6499535232897,16.7289800692057
2017.0,,Chiapas,San Cristóbal de las Casas,,alto,-92.6499535232897,16.7289800692057
2017.0,,Chiapas,San Cristóbal de las Casas,,alto,-92.6499535232897,16.7289800692057
2017.0,,Chiapas,San Cristóbal de las Casas,,alto,-92.6499535232897,16.7289800692057
2017.0,,Chiapas,San Cristóbal de las Casas,,alto,-92.6499535232897,16.7289800692057
2017.0,,Chiapas,San Cristóbal de las Casas,,alto,-92.6499535232897,16.7289800692057
2017.0,,Chiapas,San Cristóbal de las Casas,,alto,-92.6499535232897,16.7289800692057
2017.0,,Chiapas,San Cristóbal de las Casas,,alto,-92.6499535232897,16.7289800692057
2017.0,,Chiapas,San Cristóbal de las Casas,,alto,-92.6499535232897,16.7289800692057
2017.0,,Chiapas,San Cristóbal de las Casas,,alto,-92.6499535232897,16.7289800692057
2017.0,,Chiapas,San Cristóbal de las Casas,,alto,-92.6499535232897,16.7289800692057
2017.0,,Chiapas,San Cristóbal de las Casas,,alto,-92.6499535232897,16.7289800692057
2017.0,,Chiapas,San Cristóbal de las Casas,,alto,-92.6499535232897,16.7289800692057
2017.0,,Chiapas,San Cristóbal de las Casas,,alto,-92.6499535232897,16.7289800692057
2017.0,,Chiapas,San Cristóbal de las Casas,,alto,-92.6499535232897,16.7289800692057
2017.0,,Chiapas,San Cristóbal de las Casas,,alto,-92.6499535232897,16.7289800692057
2017.0,,Chiapas,San Cristóbal de las Casas,,alto,-92.6499535232897,16.7289800692057
2017.0,,Chiapas,San Cristóbal de las Casas,,alto,-92.6499535232897,16.7289800692057
2017.0,,Chiapas,San Cristóbal de las Casas,,alto,-92.6499535232897,16.7289800692057
2017.0,,Chiapas,San Cristóbal de las Casas,,alto,-92.6499535232897,16.7289800692057
2017.0,,Chiapas,San Cristóbal de las Casas,,alto,-92.6499535232897,16.7289800692057
2017.0,,Chiapas,San Cristóbal de las Casas,,alto,-92.6499535232897,16.7289800692057
2017.0,,Chiapas,San Cristóbal de las Casas,,alto,-92.6499535232897,16.7289800692057
2017.0,,Chiapas,San Cristóbal de las Casas,,alto,-92.6499535232897,16.7289800692057
2017.0,,Chiapas,San Cristóbal de las Casas,,alto,-92.6499535232897,16.7289800692057
2017.0,,Chiapas,San Cristóbal de las Casas,,alto,-92.6499535232897,16.7289800692057
2017.0,,Chiapas,San Cristóbal de las Casas,,alto,-92.6499535232897,16.7289800692057
2017.0,,Chiapas,San Cristóbal de las Casas,,alto,-92.6499535232897,16.7289800692057
2017.0,,Chiapas,San Cristóbal de las Casas,,alto,-92.6499535232897,16.7289800692057
2017.0,,Chiapas,San Cristóbal de las Casas,,alto,-92.6499535232897,16.7289800692057
2017.0,,Chiapas,San Cristóbal de las Casas,,alto,-92.6499535232897,16.7289800692057
2017.0,,Chiapas,San Cristóbal de las Casas,,alto,-92.6499535232897,16.7289800692057
2017.0,,Chiapas,San Cristóbal de las Casas,,alto,-92.6499535232897,16.7289800692057
2017.0,,Chiapas,San Cristóbal de las Casas,,alto,-92.6499535232897,16.7289800692057
2017.0,,Chiapas,San Cristóbal de las Casas,,alto,-92.6499535232897,16.7289800692057
2017.0,,Chiapas,San Cristóbal de las Casas,,alto,-92.6499535232897,16.7289800692057
2017.0,,Chiapas,San Cristóbal de las Casas,,alto,-92.6499535232897,16.7289800692057
2017.0,,Chiapas,San Cristóbal de las Casas,,alto,-92.6499535232897,16.7289800692057
2017.0,,Chiapas,San Cristóbal de las Casas,,alto,-92.6499535232897,16.7289800692057
2017.0,,Chiapas,San Cristóbal de las Casas,,alto,-92.6499535232897,16.7289800692057
2017.0,,Chiapas,San Cristóbal de las Casas,,alto,-92.6499535232897,16.7289800692057
2017.0,,Chiapas,San Cristóbal de las Casas,,alto,-92.6499535232897,16.7289800692057
2017.0,,Chiapas,San Cristóbal de las Casas,,alto,-92.6499535232897,16.7289800692057
2017.0,,Chiapas,San Cristóbal de las Casas,,alto,-92.6499535232897,16.7289800692057
2017.0,,Chiapas,San Cristóbal de las Casas,,alto,-92.6499535232897,16.7289800692057
2017.0,,Chiapas,San Cristóbal de las Casas,,alto,-92.6499535232897,16.7289800692057
2017.0,,Chiapas,San Cristóbal de las Casas,,alto,-92.6499535232897,16.7289800692057
2017.0,,Chiapas,San Cristóbal de las Casas,,alto,-92.6499535232897,16.7289800692057
2017.0,,Chiapas,San Cristóbal de las Casas,,alto,-92.6499535232897,16.7289800692057
2017.0,,Chiapas,San Cristóbal de las Casas,,alto,-92.6499535232897,16.7289800692057
2017.0,,Chiapas,San Cristóbal de las Casas,,alto,-92.6499535232897,16.7289800692057
2017.0,,Chiapas,San Cristóbal de las Casas,,alto,-92.6499535232897,16.7289800692057
2017.0,,Chiapas,San Cristóbal de las Casas,,alto,-92.6499535232897,16.7289800692057
2017.0,,Chiapas,San Cristóbal de las Casas,,alto,-92.6499535232897,16.7289800692057
2017.0,,Chiapas,San Cristóbal de las Casas,,alto,-92.6499535232897,16.7289800692057
2017.0,,Chiapas,San Cristóbal de las Casas,,alto,-92.6499535232897,16.7289800692057
2017.0,,Chiapas,San Cristóbal de las Casas,,alto,-92.6499535232897,16.7289800692057
2017.0,,Chiapas,San Cristóbal de las Casas,,alto,-92.6499535232897,16.7289800692057
2017.0,,Chiapas,San Cristóbal de las Casas,,alto,-92.6499535232897,16.7289800692057
2017.0,,Chiapas,San Cristóbal de las Casas,,alto,-92.6499535232897,16.7289800692057
2017.0,,Chiapas,San Cristóbal de las Casas,,alto,-92.6499535232897,16.7289800692057
2017.0,,Chiapas,San Cristóbal de las Casas,,alto,-92.6499535232897,16.7289800692057
2017.0,,Chiapas,San Cristóbal de las Casas,,alto,-92.6499535232897,16.7289800692057
2017.0,,Chiapas,San Cristóbal de las Casas,,alto,-92.6499535232897,16.7289800692057
2017.0,,Chiapas,San Cristóbal de las Casas,,alto,-92.6499535232897,16.7289800692057
2017.0,,Chiapas,San Cristóbal de las Casas,,alto,-92.6499535232897,16.7289800692057
2017.0,,Chiapas,San Cristóbal de las Casas,,alto,-92.6499535232897,16.7289800692057
2017.0,,Chiapas,San Cristóbal de las Casas,,alto,-92.6499535232897,16.7289800692057
2017.0,,Chiapas,San Cristóbal de las Casas,,alto,-92.6499535232897,16.7289800692057
2017.0,,Chiapas,San Cristóbal de las Casas,,alto,-92.6499535232897,16.7289800692057
2017.0,,Chiapas,San Cristóbal de las Casas,,alto,-92.6499535232897,16.7289800692057
2017.0,,Chiapas,San Cristóbal de las Casas,,alto,-92.6499535232897,16.7289800692057
2017.0,,Chiapas,San Cristóbal de las Casas,,alto,-92.6499535232897,16.7289800692057
2017.0,,Chiapas,San Cristóbal de las Casas,,alto,-92.6499535232897,16.7289800692057
2017.0,,Chiapas,San Cristóbal de las Casas,,alto,-92.6499535232897,16.7289800692057
2017.0,,Chiapas,San Cristóbal de las Casas,,alto,-92.6499535232897,16.7289800692057
2017.0,,Chiapas,San Cristóbal de las Casas,,alto,-92.6499535232897,16.7289800692057
2017.0,,Chiapas,San Cristóbal de las Casas,,alto,-92.6499535232897,16.7289800692057
2017.0,,Chiapas,San Cristóbal de las Casas,,alto,-92.6499535232897,16.7289800692057
2017.0,,Chiapas,San Cristóbal de las Casas,,alto,-92.6499535232897,16.7289800692057
2017.0,,Chiapas,San Cristóbal de las Casas,,alto,-92.6499535232897,16.7289800692057
2017.0,,Chiapas,San Cristóbal de las Casas,,alto,-92.6499535232897,16.7289800692057
2017.0,,Chiapas,San Cristóbal de las Casas,,alto,-92.6499535232897,16.7289800692057
2017.0,,Chiapas,San Cristóbal de las Casas,,alto,-92.6499535232897,16.7289800692057
2017.0,,Chiapas,San Cristóbal de las Casas,,alto,-92.6499535232897,16.7289800692057
2017.0,,Chiapas,San Cristóbal de las Casas,,alto,-92.6499535232897,16.7289800692057
2017.0,,Chiapas,San Cristóbal de las Casas,,alto,-92.6499535232897,16.7289800692057
2017.0,,Chiapas,San Cristóbal de las Casas,,alto,-92.6499535232897,16.7289800692057
2017.0,,Chiapas,San Cristóbal de las Casas,,alto,-92.6499535232897,16.7289800692057
2017.0,,Chiapas,San Cristóbal de las Casas,,alto,-92.6499535232897,16.7289800692057
2017.0,,Chiapas,San Cristóbal de las Casas,,alto,-92.6499535232897,16.7289800692057
2017.0,,Chiapas,San Cristóbal de las Casas,,alto,-92.6499535232897,16.7289800692057
2017.0,,Chiapas,San Cristóbal de las Casas,,alto,-92.6499535232897,16.7289800692057
2017.0,,Chiapas,San Cristóbal de las Casas,,alto,-92.6499535232897,16.7289800692057
2017.0,,Chiapas,San Cristóbal de las Casas,,alto,-92.6499535232897,16.7289800692057
2017.0,,Chiapas,San Cristóbal de las Casas,,alto,-92.6499535232897,16.7289800692057
2017.0,,Chiapas,San Cristóbal de las Casas,,alto,-92.6499535232897,16.7289800692057
2017.0,,Chiapas,San Cristóbal de las Casas,,alto,-92.6499535232897,16.7289800692057
2017.0,,Chiapas,San Cristóbal de las Casas,,alto,-92.6499535232897,16.7289800692057
2017.0,,Chiapas,San Cristóbal de las Casas,,alto,-92.6499535232897,16.7289800692057
2017.0,,Chiapas,San Cristóbal de las Casas,,alto,-92.6499535232897,16.7289800692057
2017.0,,Chiapas,San Cristóbal de las Casas,,alto,-92.6499535232897,16.7289800692057
2017.0,,Chiapas,San Cristóbal de las Casas,,alto,-92.6499535232897,16.7289800692057
2017.0,,Chiapas,San Cristóbal de las Casas,,alto,-92.6499535232897,16.7289800692057
2017.0,,Chiapas,San Cristóbal de las Casas,,alto,-92.6499535232897,16.7289800692057
2017.0,,Chiapas,San Cristóbal de las Casas,,alto,-92.6499535232897,16.7289800692057
2017.0,,Chiapas,San Cristóbal de las Casas,,alto,-92.6499535232897,16.7289800692057
2017.0,,Chiapas,San Cristóbal de las Casas,,alto,-92.6499535232897,16.7289800692057
2017.0,,Chiapas,San Cristóbal de las Casas,,alto,-92.6499535232897,16.7289800692057
2017.0,,Chiapas,San Cristóbal de las Casas,,alto,-92.6499535232897,16.7289800692057
2017.0,,Chiapas,San Cristóbal de las Casas,,alto,-92.6499535232897,16.7289800692057
2017.0,,Chiapas,San Cristóbal de las Casas,,alto,-92.6499535232897,16.7289800692057
2017.0,,Chiapas,San Cristóbal de las Casas,,alto,-92.6499535232897,16.7289800692057
2017.0,,Chiapas,San Cristóbal de las Casas,,alto,-92.6499535232897,16.7289800692057
2017.0,,Chiapas,San Cristóbal de las Casas,,alto,-92.6499535232897,16.7289800692057
2017.0,,Chiapas,San Cristóbal de las Casas,,alto,-92.6499535232897,16.7289800692057
2017.0,,Chiapas,San Cristóbal de las Casas,,alto,-92.6499535232897,16.7289800692057
2017.0,,Chiapas,San Cristóbal de las Casas,,alto,-92.6499535232897,16.7289800692057
2017.0,,Chiapas,San Cristóbal de las Casas,,alto,-92.6499535232897,16.7289800692057
2017.0,,Chiapas,San Cristóbal de las Casas,,alto,-92.6499535232897,16.7289800692057
2017.0,,Chiapas,San Cristóbal de las Casas,,alto,-92.6499535232897,16.7289800692057
2017.0,,Chiapas,San Cristóbal de las Casas,,alto,-92.6499535232897,16.7289800692057
2017.0,,Chiapas,San Cristóbal de las Casas,,alto,-92.6499535232897,16.7289800692057
2017.0,,Chiapas,San Cristóbal de las Casas,,alto,-92.6499535232897,16.7289800692057
2017.0,,Chiapas,San Cristóbal de las Casas,,alto,-92.6499535232897,16.7289800692057
2017.0,,Chiapas,San Cristóbal de las Casas,,alto,-92.6499535232897,16.7289800692057
2017.0,,Chiapas,San Cristóbal de las Casas,,alto,-92.6499535232897,16.7289800692057
2017.0,,Chiapas,San Cristóbal de las Casas,,alto,-92.6499535232897,16.7289800692057
2017.0,,Chiapas,San Cristóbal de las Casas,,alto,-92.6499535232897,16.7289800692057
2017.0,,Chiapas,San Cristóbal de las Casas,,alto,-92.6499535232897,16.7289800692057
2017.0,,Chiapas,San Cristóbal de las Casas,,alto,-92.6499535232897,16.7289800692057
2017.0,,Chiapas,San Cristóbal de las Casas,,alto,-92.6499535232897,16.7289800692057
2017.0,,Chiapas,San Cristóbal de las Casas,,alto,-92.6499535232897,16.7289800692057
2017.0,,Chiapas,San Cristóbal de las Casas,,alto,-92.6499535232897,16.7289800692057
2017.0,,Chiapas,San Cristóbal de las Casas,,alto,-92.6499535232897,16.7289800692057
2017.0,,Chiapas,San Cristóbal de las Casas,,alto,-92.6499535232897,16.7289800692057
2017.0,,Chiapas,San Cristóbal de las Casas,,alto,-92.6499535232897,16.7289800692057
2017.0,,Chiapas,San Cristóbal de las Casas,,alto,-92.6499535232897,16.7289800692057
2017.0,,Chiapas,San Cristóbal de las Casas,,alto,-92.6499535232897,16.7289800692057
2017.0,,Chiapas,San Cristóbal de las Casas,,alto,-92.6499535232897,16.7289800692057
2017.0,,Chiapas,San Cristóbal de las Casas,,alto,-92.6499535232897,16.7289800692057
2017.0,,Chiapas,San Cristóbal de las Casas,,alto,-92.6499535232897,16.7289800692057
2017.0,,Chiapas,San Cristóbal de las Casas,,alto,-92.6499535232897,16.7289800692057
2017.0,,Chiapas,San Cristóbal de las Casas,,alto,-92.6499535232897,16.7289800692057
2017.0,,Chiapas,San Cristóbal de las Casas,,alto,-92.6499535232897,16.7289800692057
2017.0,,Chiapas,San Cristóbal de las Casas,,alto,-92.6499535232897,16.7289800692057
2017.0,,Chiapas,San Cristóbal de las Casas,,alto,-92.6499535232897,16.7289800692057
2017.0,,Chiapas,San Cristóbal de las Casas,,alto,-92.6499535232897,16.7289800692057
2017.0,,Chiapas,San Cristóbal de las Casas,,alto,-92.6499535232897,16.7289800692057
2017.0,,Chiapas,San Cristóbal de las Casas,,alto,-92.6499535232897,16.7289800692057
2017.0,,Chiapas,San Cristóbal de las Casas,,alto,-92.6499535232897,16.7289800692057
2017.0,,Chiapas,San Cristóbal de las Casas,,alto,-92.6499535232897,16.7289800692057
2017.0,,Chiapas,San Cristóbal de las Casas,,alto,-92.6499535232897,16.7289800692057
2017.0,,Chiapas,San Cristóbal de las Casas,,alto,-92.6499535232897,16.7289800692057
2017.0,,Chiapas,San Cristóbal de las Casas,,alto,-92.6499535232897,16.7289800692057
2017.0,,Chiapas,San Cristóbal de las Casas,,alto,-92.6499535232897,16.7289800692057
2017.0,,Chiapas,San Cristóbal de las Casas,,alto,-92.6499535232897,16.7289800692057
2017.0,,Chiapas,San Cristóbal de las Casas,,alto,-92.6499535232897,16.7289800692057
2017.0,,Chiapas,San Cristóbal de las Casas,,alto,-92.6499535232897,16.7289800692057
2017.0,,Chiapas,San Cristóbal de las Casas,,alto,-92.6499535232897,16.7289800692057
2017.0,,Chiapas,San Cristóbal de las Casas,,alto,-92.6499535232897,16.7289800692057
2017.0,,Chiapas,San Cristóbal de las Casas,,alto,-92.6499535232897,16.7289800692057
2017.0,,Chiapas,San Cristóbal de las Casas,,alto,-92.6499535232897,16.7289800692057
2017.0,,Chiapas,San Cristóbal de las Casas,,alto,-92.6499535232897,16.7289800692057
2017.0,,Chiapas,San Cristóbal de las Casas,,alto,-92.6499535232897,16.7289800692057
2017.0,,Chiapas,San Cristóbal de las Casas,,alto,-92.6499535232897,16.7289800692057
2017.0,,Chiapas,San Cristóbal de las Casas,,alto,-92.6499535232897,16.7289800692057
2017.0,,Chiapas,San Cristóbal de las Casas,,alto,-92.6499535232897,16.7289800692057
2017.0,,Chiapas,San Cristóbal de las Casas,,alto,-92.6499535232897,16.7289800692057
2017.0,,Chiapas,San Cristóbal de las Casas,,alto,-92.6499535232897,16.7289800692057
2017.0,,Chiapas,San Cristóbal de las Casas,,alto,-92.6499535232897,16.7289800692057
2017.0,,Chiapas,San Cristóbal de las Casas,,alto,-92.6499535232897,16.7289800692057
2017.0,,Chiapas,San Cristóbal de las Casas,,alto,-92.6499535232897,16.7289800692057
2017.0,,Chiapas,San Cristóbal de las Casas,,alto,-92.6499535232897,16.7289800692057
2017.0,,Chiapas,San Cristóbal de las Casas,,alto,-92.6499535232897,16.7289800692057
2017.0,,Chiapas,San Cristóbal de las Casas,,alto,-92.6499535232897,16.7289800692057
2017.0,,Chiapas,San Cristóbal de las Casas,,alto,-92.6499535232897,16.7289800692057
2017.0,,Chiapas,San Cristóbal de las Casas,,alto,-92.6499535232897,16.7289800692057
2017.0,,Chiapas,San Cristóbal de las Casas,,alto,-92.6499535232897,16.7289800692057
2017.0,,Chiapas,San Cristóbal de las Casas,,alto,-92.6499535232897,16.7289800692057
2017.0,,Chiapas,San Cristóbal de las Casas,,alto,-92.6499535232897,16.7289800692057
2017.0,,Chiapas,San Cristóbal de las Casas,,alto,-92.6499535232897,16.7289800692057
2017.0,,Chiapas,San Cristóbal de las Casas,,alto,-92.6499535232897,16.7289800692057
2017.0,,Chiapas,San Cristóbal de las Casas,,alto,-92.6499535232897,16.7289800692057
2017.0,,Chiapas,San Cristóbal de las Casas,,alto,-92.6499535232897,16.7289800692057
2017.0,,Chiapas,San Cristóbal de las Casas,,alto,-92.6499535232897,16.7289800692057
2017.0,,Chiapas,San Cristóbal de las Casas,,alto,-92.6499535232897,16.7289800692057
2017.0,,Chiapas,San Cristóbal de las Casas,,alto,-92.6499535232897,16.7289800692057
2017.0,,Chiapas,San Cristóbal de las Casas,,alto,-92.6499535232897,16.7289800692057
2017.0,,Chiapas,San Cristóbal de las Casas,,alto,-92.6499535232897,16.7289800692057
2017.0,,Chiapas,San Cristóbal de las Casas,,alto,-92.6499535232897,16.7289800692057
2017.0,,Chiapas,San Cristóbal de las Casas,,alto,-92.6499535232897,16.7289800692057
2017.0,,Chiapas,San Cristóbal de las Casas,,alto,-92.6499535232897,16.7289800692057
2017.0,,Chiapas,San Cristóbal de las Casas,,alto,-92.6499535232897,16.7289800692057
2017.0,,Chiapas,San Cristóbal de las Casas,,alto,-92.6499535232897,16.7289800692057
2017.0,,Chiapas,San Cristóbal de las Casas,,alto,-92.6499535232897,16.7289800692057
2017.0,,Chiapas,San Cristóbal de las Casas,,alto,-92.6499535232897,16.7289800692057
2017.0,,Chiapas,San Cristóbal de las Casas,,alto,-92.6499535232897,16.7289800692057
2017.0,,Chiapas,San Cristóbal de las Casas,,alto,-92.6499535232897,16.7289800692057
2017.0,,Chiapas,San Cristóbal de las Casas,,alto,-92.6499535232897,16.7289800692057
2017.0,,Chiapas,San Cristóbal de las Casas,,alto,-92.6499535232897,16.7289800692057
2017.0,,Chiapas,San Cristóbal de las Casas,,alto,-92.6499535232897,16.7289800692057
2017.0,,Chiapas,San Cristóbal de las Casas,,alto,-92.6499535232897,16.7289800692057
2017.0,,Chiapas,San Cristóbal de las Casas,,alto,-92.6499535232897,16.7289800692057
2017.0,,Chiapas,San Cristóbal de las Casas,,alto,-92.6499535232897,16.7289800692057
2017.0,,Chiapas,San Cristóbal de las Casas,,alto,-92.6499535232897,16.7289800692057
2017.0,,Chiapas,San Cristóbal de las Casas,,alto,-92.6499535232897,16.7289800692057
2017.0,,Chiapas,San Cristóbal de las Casas,,alto,-92.6499535232897,16.7289800692057
2017.0,,Chiapas,San Cristóbal de las Casas,,alto,-92.6499535232897,16.7289800692057
2017.0,,Chiapas,San Cristóbal de las Casas,,alto,-92.6499535232897,16.7289800692057
2017.0,,Chiapas,San Cristóbal de las Casas,,alto,-92.6499535232897,16.7289800692057
2017.0,,Chiapas,San Cristóbal de las Casas,,alto,-92.6499535232897,16.7289800692057
2017.0,,Chiapas,San Cristóbal de las Casas,,alto,-92.6499535232897,16.7289800692057
2017.0,,Chiapas,San Cristóbal de las Casas,,alto,-92.6499535232897,16.7289800692057
2017.0,,Chiapas,San Cristóbal de las Casas,,alto,-92.6499535232897,16.7289800692057
2017.0,,Chiapas,San Cristóbal de las Casas,,alto,-92.6499535232897,16.7289800692057
2017.0,,Chiapas,San Cristóbal de las Casas,,alto,-92.6499535232897,16.7289800692057
2017.0,,Chiapas,San Cristóbal de las Casas,,alto,-92.6499535232897,16.7289800692057
2017.0,,Chiapas,San Cristóbal de las Casas,,alto,-92.6499535232897,16.7289800692057
2017.0,,Chiapas,San Cristóbal de las Casas,,alto,-92.6499535232897,16.7289800692057
2017.0,,Chiapas,San Cristóbal de las Casas,,alto,-92.6499535232897,16.7289800692057
2017.0,,Chiapas,San Cristóbal de las Casas,,alto,-92.6499535232897,16.7289800692057
2017.0,,Chiapas,San Cristóbal de las Casas,,alto,-92.6499535232897,16.7289800692057
2017.0,,Chiapas,San Cristóbal de las Casas,,alto,-92.6499535232897,16.7289800692057
2017.0,,Chiapas,San Cristóbal de las Casas,,alto,-92.6499535232897,16.7289800692057
2017.0,,Chiapas,San Cristóbal de las Casas,,alto,-92.6499535232897,16.7289800692057
2017.0,,Chiapas,San Cristóbal de las Casas,,alto,-92.6499535232897,16.7289800692057
2017.0,,Chiapas,San Cristóbal de las Casas,,alto,-92.6499535232897,16.7289800692057
2017.0,,Chiapas,San Cristóbal de las Casas,,alto,-92.6499535232897,16.7289800692057
2017.0,,Chiapas,San Cristóbal de las Casas,,alto,-92.6499535232897,16.7289800692057
2017.0,,Chiapas,San Cristóbal de las Casas,,alto,-92.6499535232897,16.7289800692057
2017.0,,Chiapas,San Cristóbal de las Casas,,alto,-92.6499535232897,16.7289800692057
2017.0,,Chiapas,San Cristóbal de las Casas,,alto,-92.6499535232897,16.7289800692057
2017.0,,Chiapas,San Cristóbal de las Casas,,alto,-92.6499535232897,16.7289800692057
2017.0,,Chiapas,San Cristóbal de las Casas,,alto,-92.6499535232897,16.7289800692057
2017.0,,Chiapas,San Cristóbal de las Casas,,alto,-92.6499535232897,16.7289800692057
2017.0,,Chiapas,San Cristóbal de las Casas,,alto,-92.6499535232897,16.7289800692057
2017.0,,Chiapas,San Cristóbal de las Casas,,alto,-92.6499535232897,16.7289800692057
2017.0,,Chiapas,San Cristóbal de las Casas,,alto,-92.6499535232897,16.7289800692057
2017.0,,Chiapas,San Cristóbal de las Casas,,alto,-92.6499535232897,16.7289800692057
2017.0,,Chiapas,San Cristóbal de las Casas,,alto,-92.6499535232897,16.7289800692057
2017.0,,Chiapas,San Cristóbal de las Casas,,alto,-92.6499535232897,16.7289800692057
2017.0,,Chiapas,San Cristóbal de las Casas,,alto,-92.6499535232897,16.7289800692057
2017.0,,Chiapas,San Cristóbal de las Casas,,alto,-92.6499535232897,16.7289800692057
2017.0,,Chiapas,San Cristóbal de las Casas,,alto,-92.6499535232897,16.7289800692057
2017.0,,Chiapas,San Cristóbal de las Casas,,alto,-92.6499535232897,16.7289800692057
2017.0,,Chiapas,San Cristóbal de las Casas,,alto,-92.6499535232897,16.7289800692057
2017.0,,Chiapas,San Cristóbal de las Casas,,alto,-92.6499535232897,16.7289800692057
2017.0,,Chiapas,San Cristóbal de las Casas,,alto,-92.6499535232897,16.7289800692057
2017.0,,Chiapas,San Cristóbal de las Casas,,alto,-92.6499535232897,16.7289800692057
2017.0,,Chiapas,San Cristóbal de las Casas,,alto,-92.6499535232897,16.7289800692057
2017.0,,Chiapas,San Cristóbal de las Casas,,alto,-92.6499535232897,16.7289800692057
2017.0,,Chiapas,San Cristóbal de las Casas,,alto,-92.6499535232897,16.7289800692057
2017.0,,Chiapas,San Cristóbal de las Casas,,alto,-92.6499535232897,16.7289800692057
2017.0,,Chiapas,San Cristóbal de las Casas,,alto,-92.6499535232897,16.7289800692057
2017.0,,Chiapas,San Cristóbal de las Casas,,alto,-92.6499535232897,16.7289800692057
2017.0,,Chiapas,San Cristóbal de las Casas,,alto,-92.6499535232897,16.7289800692057
2017.0,,Chiapas,San Cristóbal de las Casas,,alto,-92.6499535232897,16.7289800692057
2017.0,,Chiapas,San Cristóbal de las Casas,,alto,-92.6499535232897,16.7289800692057
2017.0,,Chiapas,San Cristóbal de las Casas,,alto,-92.6499535232897,16.7289800692057
2017.0,,Chiapas,San Cristóbal de las Casas,,alto,-92.6499535232897,16.7289800692057
2017.0,,Chiapas,San Cristóbal de las Casas,,alto,-92.6499535232897,16.7289800692057
2017.0,,Chiapas,San Cristóbal de las Casas,,alto,-92.6499535232897,16.7289800692057
2017.0,,Chiapas,San Cristóbal de las Casas,,alto,-92.6499535232897,16.7289800692057
2017.0,,Chiapas,San Cristóbal de las Casas,,alto,-92.6499535232897,16.7289800692057
2017.0,,Chiapas,San Cristóbal de las Casas,,alto,-92.6499535232897,16.7289800692057
2017.0,,Chiapas,San Cristóbal de las Casas,,alto,-92.6499535232897,16.7289800692057
2017.0,,Chiapas,San Cristóbal de las Casas,,alto,-92.6499535232897,16.7289800692057
2017.0,,Chiapas,San Cristóbal de las Casas,,alto,-92.6499535232897,16.7289800692057
2017.0,,Chiapas,San Cristóbal de las Casas,,alto,-92.6499535232897,16.7289800692057
2017.0,,Chiapas,San Cristóbal de las Casas,,alto,-92.6499535232897,16.7289800692057
2017.0,,Chiapas,San Cristóbal de las Casas,,alto,-92.6499535232897,16.7289800692057
2017.0,,Chiapas,San Cristóbal de las Casas,,alto,-92.6499535232897,16.7289800692057
2017.0,,Chiapas,San Cristóbal de las Casas,,alto,-92.6499535232897,16.7289800692057
2017.0,,Chiapas,San Cristóbal de las Casas,,alto,-92.6499535232897,16.7289800692057
2017.0,,Chiapas,San Cristóbal de las Casas,,alto,-92.6499535232897,16.7289800692057
2017.0,,Chiapas,San Cristóbal de las Casas,,alto,-92.6499535232897,16.7289800692057
2017.0,,Chiapas,San Cristóbal de las Casas,,alto,-92.6499535232897,16.7289800692057
2017.0,,Chiapas,San Cristóbal de las Casas,,alto,-92.6499535232897,16.7289800692057
2017.0,,Chiapas,San Cristóbal de las Casas,,alto,-92.6499535232897,16.7289800692057
2017.0,,Chiapas,San Cristóbal de las Casas,,alto,-92.6499535232897,16.7289800692057
2017.0,,Chiapas,San Cristóbal de las Casas,,alto,-92.6499535232897,16.7289800692057
2017.0,,Chiapas,San Cristóbal de las Casas,,alto,-92.6499535232897,16.7289800692057
2017.0,,Chiapas,San Cristóbal de las Casas,,alto,-92.6499535232897,16.7289800692057
2017.0,,Chiapas,San Cristóbal de las Casas,,alto,-92.6499535232897,16.7289800692057
2017.0,,Chiapas,San Cristóbal de las Casas,,alto,-92.6499535232897,16.7289800692057
2017.0,,Chiapas,San Cristóbal de las Casas,,alto,-92.6499535232897,16.7289800692057
2017.0,,Chiapas,San Cristóbal de las Casas,,alto,-92.6499535232897,16.7289800692057
2017.0,,Chiapas,San Cristóbal de las Casas,,alto,-92.6499535232897,16.7289800692057
2017.0,,Chiapas,San Cristóbal de las Casas,,alto,-92.6499535232897,16.7289800692057
2017.0,,Chiapas,San Cristóbal de las Casas,,alto,-92.6499535232897,16.7289800692057
2017.0,,Chiapas,San Cristóbal de las Casas,,alto,-92.6499535232897,16.7289800692057
2017.0,,Chiapas,San Cristóbal de las Casas,,alto,-92.6499535232897,16.7289800692057
2017.0,,Chiapas,San Cristóbal de las Casas,,alto,-92.6499535232897,16.7289800692057
2017.0,,Chiapas,San Cristóbal de las Casas,,alto,-92.6499535232897,16.7289800692057
2017.0,,Chiapas,San Cristóbal de las Casas,,alto,-92.6499535232897,16.7289800692057
2017.0,,Chiapas,San Cristóbal de las Casas,,alto,-92.6499535232897,16.7289800692057
2017.0,,Chiapas,San Cristóbal de las Casas,,alto,-92.6499535232897,16.7289800692057
2017.0,,Chiapas,San Cristóbal de las Casas,,alto,-92.6499535232897,16.7289800692057
2017.0,,Chiapas,San Cristóbal de las Casas,,alto,-92.6499535232897,16.7289800692057
2017.0,,Chiapas,San Cristóbal de las Casas,,alto,-92.6499535232897,16.7289800692057
2017.0,,Chiapas,San Cristóbal de las Casas,,alto,-92.6499535232897,16.7289800692057
2017.0,,Chiapas,San Cristóbal de las Casas,,alto,-92.6499535232897,16.7289800692057
2017.0,,Chiapas,San Cristóbal de las Casas,,alto,-92.6499535232897,16.7289800692057
2017.0,,Chiapas,San Cristóbal de las Casas,,alto,-92.6499535232897,16.7289800692057
2017.0,,Chiapas,San Cristóbal de las Casas,,alto,-92.6499535232897,16.7289800692057
2017.0,,Chiapas,San Cristóbal de las Casas,,alto,-92.6499535232897,16.7289800692057
2017.0,,Chiapas,San Cristóbal de las Casas,,alto,-92.6499535232897,16.7289800692057
2017.0,,Chiapas,San Cristóbal de las Casas,,alto,-92.6499535232897,16.7289800692057
2017.0,,Chiapas,San Cristóbal de las Casas,,alto,-92.6499535232897,16.7289800692057
2017.0,,Chiapas,San Cristóbal de las Casas,,alto,-92.6499535232897,16.7289800692057
2017.0,,Chiapas,San Cristóbal de las Casas,,alto,-92.6499535232897,16.7289800692057
2017.0,,Chiapas,San Cristóbal de las Casas,,alto,-92.6499535232897,16.7289800692057
2017.0,,Chiapas,San Cristóbal de las Casas,,alto,-92.6499535232897,16.7289800692057
2017.0,,Chiapas,San Cristóbal de las Casas,,alto,-92.6499535232897,16.7289800692057
2017.0,,Chiapas,San Cristóbal de las Casas,,alto,-92.6499535232897,16.7289800692057
2017.0,,Chiapas,San Cristóbal de las Casas,,alto,-92.6499535232897,16.7289800692057
2017.0,,Chiapas,San Cristóbal de las Casas,,alto,-92.6499535232897,16.7289800692057
2017.0,,Chiapas,San Cristóbal de las Casas,,alto,-92.6499535232897,16.7289800692057
2017.0,,Chiapas,San Cristóbal de las Casas,,alto,-92.6499535232897,16.7289800692057
2017.0,,Chiapas,San Cristóbal de las Casas,,alto,-92.6499535232897,16.7289800692057
2017.0,,Chiapas,San Cristóbal de las Casas,,alto,-92.6499535232897,16.7289800692057
2017.0,,Chiapas,San Cristóbal de las Casas,,alto,-92.6499535232897,16.7289800692057
2017.0,,Chiapas,San Cristóbal de las Casas,,alto,-92.6499535232897,16.7289800692057
2017.0,,Chiapas,San Cristóbal de las Casas,,alto,-92.6499535232897,16.7289800692057
2017.0,,Chiapas,San Cristóbal de las Casas,,alto,-92.6499535232897,16.7289800692057
2017.0,,Chiapas,San Cristóbal de las Casas,,alto,-92.6499535232897,16.7289800692057
2017.0,,Chiapas,San Cristóbal de las Casas,,alto,-92.6499535232897,16.7289800692057
2017.0,,Chiapas,San Cristóbal de las Casas,,alto,-92.6499535232897,16.7289800692057
2017.0,,Chiapas,San Cristóbal de las Casas,,alto,-92.6499535232897,16.7289800692057
2017.0,,Chiapas,San Cristóbal de las Casas,,alto,-92.6499535232897,16.7289800692057
2017.0,,Chiapas,San Cristóbal de las Casas,,alto,-92.6499535232897,16.7289800692057
2017.0,,Chiapas,San Cristóbal de las Casas,,alto,-92.6499535232897,16.7289800692057
2017.0,,Chiapas,San Cristóbal de las Casas,,alto,-92.6499535232897,16.7289800692057
2017.0,,Chiapas,San Cristóbal de las Casas,,alto,-92.6499535232897,16.7289800692057
2017.0,,Chiapas,San Cristóbal de las Casas,,alto,-92.6499535232897,16.7289800692057
2017.0,,Chiapas,San Cristóbal de las Casas,,alto,-92.6499535232897,16.7289800692057
2017.0,,Chiapas,San Cristóbal de las Casas,,alto,-92.6499535232897,16.7289800692057
2017.0,,Chiapas,San Cristóbal de las Casas,,alto,-92.6499535232897,16.7289800692057
2017.0,,Chiapas,San Cristóbal de las Casas,,alto,-92.6499535232897,16.7289800692057
2017.0,,Chiapas,San Cristóbal de las Casas,,alto,-92.6499535232897,16.7289800692057
2017.0,,Chiapas,San Cristóbal de las Casas,,alto,-92.6499535232897,16.7289800692057
2017.0,,Chiapas,San Cristóbal de las Casas,,alto,-92.6499535232897,16.7289800692057
2017.0,,Chiapas,San Cristóbal de las Casas,,alto,-92.6499535232897,16.7289800692057
2017.0,,Chiapas,San Cristóbal de las Casas,,alto,-92.6499535232897,16.7289800692057
2017.0,,Chiapas,San Cristóbal de las Casas,,alto,-92.6499535232897,16.7289800692057
2017.0,,Chiapas,San Cristóbal de las Casas,,alto,-92.6499535232897,16.7289800692057
2017.0,,Chiapas,San Cristóbal de las Casas,,alto,-92.6499535232897,16.7289800692057
2017.0,,Chiapas,San Cristóbal de las Casas,,alto,-92.6499535232897,16.7289800692057
2017.0,,Chiapas,San Cristóbal de las Casas,,alto,-92.6499535232897,16.7289800692057
2017.0,,Chiapas,San Cristóbal de las Casas,,alto,-92.6499535232897,16.7289800692057
2017.0,,Chiapas,San Cristóbal de las Casas,,alto,-92.6499535232897,16.7289800692057
2017.0,,Chiapas,San Cristóbal de las Casas,,alto,-92.6499535232897,16.7289800692057
2017.0,,Chiapas,San Cristóbal de las Casas,,alto,-92.6499535232897,16.7289800692057
2017.0,,Chiapas,San Cristóbal de las Casas,,alto,-92.6499535232897,16.7289800692057
2017.0,,Chiapas,San Cristóbal de las Casas,,alto,-92.6499535232897,16.7289800692057
2017.0,,Chiapas,San Cristóbal de las Casas,,alto,-92.6499535232897,16.7289800692057
2017.0,,Chiapas,San Cristóbal de las Casas,,alto,-92.6499535232897,16.7289800692057
2017.0,,Chiapas,San Cristóbal de las Casas,,alto,-92.6499535232897,16.7289800692057
2017.0,,Chiapas,San Cristóbal de las Casas,,alto,-92.6499535232897,16.7289800692057
2017.0,,Chiapas,San Cristóbal de las Casas,,alto,-92.6499535232897,16.7289800692057
2017.0,,Chiapas,San Cristóbal de las Casas,,alto,-92.6499535232897,16.7289800692057
2017.0,,Chiapas,San Cristóbal de las Casas,,alto,-92.6499535232897,16.7289800692057
2017.0,,Chiapas,San Cristóbal de las Casas,,alto,-92.6499535232897,16.7289800692057
2017.0,,Chiapas,San Cristóbal de las Casas,,alto,-92.6499535232897,16.7289800692057
2017.0,,Chiapas,San Cristóbal de las Casas,,alto,-92.6499535232897,16.7289800692057
2017.0,,Chiapas,San Cristóbal de las Casas,,alto,-92.6499535232897,16.7289800692057
2017.0,,Chiapas,San Cristóbal de las Casas,,alto,-92.6499535232897,16.7289800692057
2017.0,,Chiapas,San Cristóbal de las Casas,,alto,-92.6499535232897,16.7289800692057
2017.0,,Chiapas,San Cristóbal de las Casas,,alto,-92.6499535232897,16.7289800692057
2017.0,,Chiapas,San Cristóbal de las Casas,,alto,-92.6499535232897,16.7289800692057
2017.0,,Chiapas,San Cristóbal de las Casas,,alto,-92.6499535232897,16.7289800692057
2017.0,,Chiapas,San Cristóbal de las Casas,,alto,-92.6499535232897,16.7289800692057
2017.0,,Chiapas,San Cristóbal de las Casas,,alto,-92.6499535232897,16.7289800692057
2017.0,,Chiapas,San Cristóbal de las Casas,,alto,-92.6499535232897,16.7289800692057
2017.0,,Chiapas,San Cristóbal de las Casas,,alto,-92.6499535232897,16.7289800692057
2017.0,,Chiapas,San Cristóbal de las Casas,,alto,-92.6499535232897,16.7289800692057
2017.0,,Chiapas,San Cristóbal de las Casas,,alto,-92.6499535232897,16.7289800692057
2017.0,,Chiapas,San Cristóbal de las Casas,,alto,-92.6499535232897,16.7289800692057
2017.0,,Chiapas,San Cristóbal de las Casas,,alto,-92.6499535232897,16.7289800692057
2017.0,,Chiapas,San Cristóbal de las Casas,,alto,-92.6499535232897,16.7289800692057
2017.0,,Chiapas,San Cristóbal de las Casas,,alto,-92.6499535232897,16.7289800692057
2017.0,,Chiapas,San Cristóbal de las Casas,,alto,-92.6499535232897,16.7289800692057
2017.0,,Chiapas,San Cristóbal de las Casas,,alto,-92.6499535232897,16.7289800692057
2017.0,,Chiapas,San Cristóbal de las Casas,,alto,-92.6499535232897,16.7289800692057
2017.0,,Chiapas,San Cristóbal de las Casas,,alto,-92.6499535232897,16.7289800692057
2017.0,,Chiapas,San Cristóbal de las Casas,,alto,-92.6499535232897,16.7289800692057
2017.0,,Chiapas,San Cristóbal de las Casas,,alto,-92.6499535232897,16.7289800692057
2017.0,,Chiapas,San Cristóbal de las Casas,,alto,-92.6499535232897,16.7289800692057
2017.0,,Chiapas,San Cristóbal de las Casas,,alto,-92.6499535232897,16.7289800692057
2017.0,,Chiapas,San Cristóbal de las Casas,,alto,-92.6499535232897,16.7289800692057
2017.0,,Chiapas,San Cristóbal de las Casas,,alto,-92.6499535232897,16.7289800692057
2017.0,,Chiapas,San Cristóbal de las Casas,,alto,-92.6499535232897,16.7289800692057
2017.0,,Chiapas,San Cristóbal de las Casas,,alto,-92.6499535232897,16.7289800692057
2017.0,,Chiapas,San Cristóbal de las Casas,,alto,-92.6499535232897,16.7289800692057
2017.0,,Chiapas,San Cristóbal de las Casas,,alto,-92.6499535232897,16.7289800692057
2017.0,,Chiapas,San Cristóbal de las Casas,,alto,-92.6499535232897,16.7289800692057
2017.0,,Chiapas,San Cristóbal de las Casas,,alto,-92.6499535232897,16.7289800692057
2017.0,,Chiapas,San Cristóbal de las Casas,,alto,-92.6499535232897,16.7289800692057
2017.0,,Chiapas,San Cristóbal de las Casas,,alto,-92.6499535232897,16.7289800692057
2017.0,,Chiapas,San Cristóbal de las Casas,,alto,-92.6499535232897,16.7289800692057
2017.0,,Chiapas,San Cristóbal de las Casas,,alto,-92.6499535232897,16.7289800692057
2017.0,,Chiapas,San Cristóbal de las Casas,,alto,-92.6499535232897,16.7289800692057
2017.0,,Chiapas,San Cristóbal de las Casas,,alto,-92.6499535232897,16.7289800692057
2017.0,,Chiapas,San Cristóbal de las Casas,,alto,-92.6499535232897,16.7289800692057
2017.0,,Chiapas,San Cristóbal de las Casas,,alto,-92.6499535232897,16.7289800692057
2017.0,,Chiapas,San Cristóbal de las Casas,,alto,-92.3702639268516,16.886120916988
2017.0,,Chiapas,San Cristóbal de las Casas,,alto,-92.6499535232897,16.7289800692057
2017.0,,Chiapas,San Cristóbal de las Casas,,alto,-92.6499535232897,16.7289800692057
2017.0,,Chiapas,San Cristóbal de las Casas,,alto,-92.6499535232897,16.7289800692057
2017.0,,Chiapas,San Cristóbal de las Casas,,alto,-92.6499535232897,16.7289800692057
2017.0,,Chiapas,San Cristóbal de las Casas,,alto,-92.6499535232897,16.7289800692057
2017.0,,Chiapas,San Cristóbal de las Casas,,alto,-92.6499535232897,16.7289800692057
2017.0,,Chiapas,San Cristóbal de las Casas,,alto,-92.6499535232897,16.7289800692057
2017.0,,Chiapas,San Cristóbal de las Casas,,alto,-92.6499535232897,16.7289800692057
2017.0,,Chiapas,San Cristóbal de las Casas,,alto,-92.6499535232897,16.7289800692057
2017.0,,Chiapas,San Cristóbal de las Casas,,alto,-92.6499535232897,16.7289800692057
2017.0,,Chiapas,San Cristóbal de las Casas,,alto,-92.6499535232897,16.7289800692057
2017.0,,Chiapas,San Cristóbal de las Casas,,alto,-92.6499535232897,16.7289800692057
2017.0,,Chiapas,San Cristóbal de las Casas,,alto,-92.6499535232897,16.7289800692057
2017.0,,Chiapas,San Cristóbal de las Casas,,alto,-92.6499535232897,16.7289800692057
2017.0,,Chiapas,San Cristóbal de las Casas,,alto,-92.6499535232897,16.7289800692057
2017.0,,Chiapas,San Cristóbal de las Casas,,alto,-92.6499535232897,16.7289800692057
2017.0,,Chiapas,San Cristóbal de las Casas,,alto,-92.6499535232897,16.7289800692057
2017.0,,Chiapas,San Cristóbal de las Casas,,alto,-92.6499535232897,16.7289800692057
2017.0,,Chiapas,San Cristóbal de las Casas,,alto,-92.6499535232897,16.7289800692057
2017.0,,Chiapas,San Cristóbal de las Casas,,alto,-92.6499535232897,16.7289800692057
2017.0,,Chiapas,San Cristóbal de las Casas,,alto,-92.6499535232897,16.7289800692057
2017.0,,Chiapas,San Cristóbal de las Casas,,alto,-92.6499535232897,16.7289800692057
2017.0,,Chiapas,San Cristóbal de las Casas,,alto,-92.6499535232897,16.7289800692057
2017.0,,Chiapas,San Cristóbal de las Casas,,alto,-92.6499535232897,16.7289800692057
2017.0,,Chiapas,San Cristóbal de las Casas,,alto,-92.6499535232897,16.7289800692057
2017.0,,Chiapas,San Cristóbal de las Casas,,alto,-92.6499535232897,16.7289800692057
2017.0,,Chiapas,San Cristóbal de las Casas,,alto,-92.6499535232897,16.7289800692057
2017.0,,Chiapas,San Cristóbal de las Casas,,alto,-92.6499535232897,16.7289800692057
2017.0,,Chiapas,San Cristóbal de las Casas,,alto,-92.6499535232897,16.7289800692057
2017.0,,Chiapas,San Cristóbal de las Casas,,alto,-92.6499535232897,16.7289800692057
2017.0,,Chiapas,San Cristóbal de las Casas,,alto,-92.6499535232897,16.7289800692057
2017.0,,Chiapas,San Cristóbal de las Casas,,alto,-92.6499535232897,16.7289800692057
2017.0,,Chiapas,San Cristóbal de las Casas,,alto,-92.6499535232897,16.7289800692057
2017.0,,Chiapas,San Cristóbal de las Casas,,alto,-92.6499535232897,16.7289800692057
2017.0,,Chiapas,San Cristóbal de las Casas,,alto,-92.6499535232897,16.7289800692057
2017.0,,Chiapas,San Cristóbal de las Casas,,alto,-92.6499535232897,16.7289800692057
2017.0,,Chiapas,San Cristóbal de las Casas,,alto,-92.6499535232897,16.7289800692057
2017.0,,Chiapas,San Cristóbal de las Casas,,alto,-92.6499535232897,16.7289800692057
2017.0,,Chiapas,San Cristóbal de las Casas,,alto,-92.6499535232897,16.7289800692057
2017.0,,Chiapas,San Cristóbal de las Casas,,alto,-92.6499535232897,16.7289800692057
2017.0,,Chiapas,San Cristóbal de las Casas,,alto,-92.6499535232897,16.7289800692057
2017.0,,Chiapas,San Cristóbal de las Casas,,alto,-92.6499535232897,16.7289800692057
2017.0,,Chiapas,San Cristóbal de las Casas,,alto,-92.6499535232897,16.7289800692057
2017.0,,Chiapas,San Cristóbal de las Casas,,alto,-92.6499535232897,16.7289800692057
2017.0,,Chiapas,San Cristóbal de las Casas,,alto,-92.6499535232897,16.7289800692057
2017.0,,Chiapas,San Cristóbal de las Casas,,alto,-92.6499535232897,16.7289800692057
2017.0,,Chiapas,San Cristóbal de las Casas,,alto,-92.6499535232897,16.7289800692057
2017.0,,Chiapas,San Cristóbal de las Casas,,alto,-92.6499535232897,16.7289800692057
2017.0,,Chiapas,San Cristóbal de las Casas,,alto,-92.6499535232897,16.7289800692057
2017.0,,Chiapas,San Cristóbal de las Casas,,alto,-92.6499535232897,16.7289800692057
2017.0,,Chiapas,San Juan Cancuc,Iwiltic,bajo,-92.3702639268516,16.886120916988
2017.0,,Chiapas,San Juan Cancuc,Tsemen,bajo,-92.3702639268516,16.886120916988
2017.0,,Chiapas,San Juan Cancuc,Tsemen,alto,-92.24,16.58
2017.0,Belisario Dominguez Palencia Nailchén,Chiapas,San Juan Cancuc,Nailchen,alto,-92.43,16.87
2017.0,Otras,Chiapas,San Juan Cancuc,Iwiltic,alto,-92.3702639268516,16.886120916988
2017.0,,Chiapas,Sitalá,Guadalupe Shucail,bajo,-92.22,17.12
2017.0,,Chiapas,Sitalá,Guadalupe Shucail,alto,-92.22,17.13
2017.0,Esc.  Prim. 16 de septiembre,Chiapas,Tenejapa,Jomanichim,bajo,-92.47,16.9
2018.0,,Chiapas,Acala,Nuevo Vicente Guerrero,alto,-92.8128551656585,16.5605406797091
2018.0,,Chiapas,Arriaga,Col. La Azteca,bajo,-93.9018065690076,16.2391242638971
2018.0,,Chiapas,Cacahoatan,Ejido La Azteca,medio,-92.1378629818251,15.1101312342436
2018.0,,Chiapas,Chenalhó,Poconichim,alto,-92.5378477616296,16.938035189743
2018.0,,Chiapas,Chiapa de Corzo,Nuevo Carmen Tonapac,bajo,-93.0150342293539,16.7280279738703
2018.0,,Chiapas,Comitan de Dominguez,Francisco Sarabia,alto,-92.24,16.38
2018.0,,Chiapas,Comitan de Dominguez,Villahermosa Yaluma,alto,-92.24,16.38
2018.0,,Chiapas,Frontera Comalapa,El Portal,bajo,-92.150763522744,15.7178224924215
2018.0,,Chiapas,Frontera Comalapa,Las Limas,medio,-92.150763522744,15.7178224924215
2018.0,,Chiapas,Frontera Comalapa,Nuevo Morelia,medio,-92.150763522744,15.7178224924215
2018.0,,Chiapas,Independencia,Venustiano Carranza,alto,-91.8802868431197,16.2214021975869
2018.0,,Chiapas,Independencia,Venustiano Carranza,bajo,-91.8802868431197,16.2214021975869
2018.0,,Chiapas,Jiquipilas,Ejido Tierra y Libertad,alto,-93.6502209236565,16.6769466192368
2018.0,,Chiapas,La Trinitaria,Lazaro Cardenas,bajo,-91.828784,16.157203
2018.0,,Chiapas,La Trinitaria,Tziscao,alto,-91.828784,16.157203
2018.0,,Chiapas,Las Margaritas,Nuevo San Juan Chamula,bajo,-92,16.4
2018.0,,Chiapas,Las Margaritas,Nuevo San Juan Chamula,alto,-92,16.4
2018.0,,Chiapas,Mapastepec,Altamira 1,medio,-92.894714300864,15.4420573500475
2018.0,,Chiapas,Ocosingo,Delicia Casco,alto,-91.31,16.67
2018.0,,Chiapas,Ocosingo,Israel,alto,-91.31,16.67
2018.0,,Chiapas,Ocozocoautla de Espinosa,Emiliano Zapata,medio,-93.5045540289866,16.8914679728632
2018.0,,Chiapas,Palenque,Nuevo Jerico,alto,-91.9,17.47
2018.0,,Chiapas,Palenque,Plan de Ayala,medio,-91.9,17.47
2018.0,,Chiapas,Palenque,Victoria Campesina,medio,-91.9,17.47
2018.0,,Chiapas,Sabanilla,Buenavista,alto,-92.68,17.35
2018.0,,Chiapas,Sabanilla,Las Palmas Santa Catarina,alto,-92.68,17.35
2018.0,,Chiapas,San Cristóbal de las Casas,,alto,-92.3702639268516,16.886120916988
2018.0,,Chiapas,San Cristóbal de las Casas,,alto,-92.6499535232897,16.7289800692057
2018.0,,Chiapas,San Cristóbal de las Casas,,alto,-92.6499535232897,16.7289800692057
2018.0,,Chiapas,San Cristóbal de las Casas,,alto,-92.6499535232897,16.7289800692057
2018.0,,Chiapas,San Cristóbal de las Casas,,alto,-92.6499535232897,16.7289800692057
2018.0,,Chiapas,San Cristóbal de las Casas,,alto,-92.6499535232897,16.7289800692057
2018.0,,Chiapas,San Cristóbal de las Casas,,alto,-92.6499535232897,16.7289800692057
2018.0,,Chiapas,San Cristóbal de las Casas,,alto,-92.6499535232897,16.7289800692057
2018.0,,Chiapas,San Cristóbal de las Casas,,alto,-92.6499535232897,16.7289800692057
2018.0,,Chiapas,San Cristóbal de las Casas,,alto,-92.6499535232897,16.7289800692057
2018.0,,Chiapas,San Cristóbal de las Casas,,alto,-92.6499535232897,16.7289800692057
2018.0,,Chiapas,San Cristóbal de las Casas,,alto,-92.6499535232897,16.7289800692057
2018.0,,Chiapas,San Cristóbal de las Casas,,alto,-92.6499535232897,16.7289800692057
2018.0,,Chiapas,San Cristóbal de las Casas,,alto,-92.6499535232897,16.7289800692057
2018.0,,Chiapas,San Cristóbal de las Casas,,alto,-92.6499535232897,16.7289800692057
2018.0,,Chiapas,San Cristóbal de las Casas,,alto,-92.6499535232897,16.7289800692057
2018.0,,Chiapas,San Cristóbal de las Casas,,alto,-92.6499535232897,16.7289800692057
2018.0,,Chiapas,San Cristóbal de las Casas,,alto,-92.6499535232897,16.7289800692057
2018.0,,Chiapas,San Cristóbal de las Casas,,alto,-92.6499535232897,16.7289800692057
2018.0,,Chiapas,San Cristóbal de las Casas,,alto,-92.6499535232897,16.7289800692057
2018.0,,Chiapas,San Cristóbal de las Casas,,alto,-92.6499535232897,16.7289800692057
2018.0,,Chiapas,San Cristóbal de las Casas,,alto,-92.6499535232897,16.7289800692057
2018.0,,Chiapas,San Cristóbal de las Casas,,alto,-92.6499535232897,16.7289800692057
2018.0,,Chiapas,San Cristóbal de las Casas,,alto,-92.6499535232897,16.7289800692057
2018.0,,Chiapas,San Cristóbal de las Casas,,alto,-92.6499535232897,16.7289800692057
2018.0,,Chiapas,San Cristóbal de las Casas,,alto,-92.6499535232897,16.7289800692057
2018.0,,Chiapas,San Cristóbal de las Casas,,alto,-92.6499535232897,16.7289800692057
2018.0,,Chiapas,San Cristóbal de las Casas,,alto,-92.6499535232897,16.7289800692057
2018.0,,Chiapas,San Cristóbal de las Casas,,alto,-92.6499535232897,16.7289800692057
2018.0,,Chiapas,San Cristóbal de las Casas,,alto,-92.6499535232897,16.7289800692057
2018.0,,Chiapas,San Cristóbal de las Casas,,alto,-92.6499535232897,16.7289800692057
2018.0,,Chiapas,San Cristóbal de las Casas,,alto,-92.6499535232897,16.7289800692057
2018.0,,Chiapas,San Cristóbal de las Casas,,alto,-92.6499535232897,16.7289800692057
2018.0,,Chiapas,San Cristóbal de las Casas,,alto,-92.6499535232897,16.7289800692057
2018.0,,Chiapas,San Cristóbal de las Casas,,alto,-92.6499535232897,16.7289800692057
2018.0,,Chiapas,San Cristóbal de las Casas,,alto,-92.6499535232897,16.7289800692057
2018.0,,Chiapas,San Cristóbal de las Casas,,alto,-92.6499535232897,16.7289800692057
2018.0,,Chiapas,San Cristóbal de las Casas,,alto,-92.6499535232897,16.7289800692057
2018.0,,Chiapas,San Cristóbal de las Casas,,alto,-92.6499535232897,16.7289800692057
2018.0,,Chiapas,San Cristóbal de las Casas,,alto,-92.6499535232897,16.7289800692057
2018.0,,Chiapas,San Cristóbal de las Casas,,alto,-92.6499535232897,16.7289800692057
2018.0,,Chiapas,San Cristóbal de las Casas,,alto,-92.6499535232897,16.7289800692057
2018.0,,Chiapas,San Cristóbal de las Casas,,alto,-92.6499535232897,16.7289800692057
2018.0,,Chiapas,San Cristóbal de las Casas,,alto,-92.6499535232897,16.7289800692057
2018.0,,Chiapas,San Cristóbal de las Casas,,alto,-92.6499535232897,16.7289800692057
2018.0,,Chiapas,San Cristóbal de las Casas,,alto,-92.6499535232897,16.7289800692057
2018.0,,Chiapas,San Cristóbal de las Casas,,alto,-92.6499535232897,16.7289800692057
2018.0,,Chiapas,San Cristóbal de las Casas,,alto,-92.6499535232897,16.7289800692057
2018.0,,Chiapas,San Cristóbal de las Casas,,alto,-92.6499535232897,16.7289800692057
2018.0,,Chiapas,San Cristóbal de las Casas,,alto,-92.6499535232897,16.7289800692057
2018.0,,Chiapas,San Cristóbal de las Casas,,alto,-92.6499535232897,16.7289800692057
2018.0,,Chiapas,San Cristóbal de las Casas,,alto,-92.6499535232897,16.7289800692057
2018.0,,Chiapas,San Cristóbal de las Casas,,alto,-92.6499535232897,16.7289800692057
2018.0,,Chiapas,San Cristóbal de las Casas,,alto,-92.6499535232897,16.7289800692057
2018.0,,Chiapas,San Cristóbal de las Casas,,alto,-92.6499535232897,16.7289800692057
2018.0,,Chiapas,San Cristóbal de las Casas,,alto,-92.6499535232897,16.7289800692057
2018.0,,Chiapas,San Cristóbal de las Casas,,alto,-92.6499535232897,16.7289800692057
2018.0,,Chiapas,San Cristóbal de las Casas,,alto,-92.6499535232897,16.7289800692057
2018.0,,Chiapas,San Cristóbal de las Casas,,alto,-92.6499535232897,16.7289800692057
2018.0,,Chiapas,San Cristóbal de las Casas,,alto,-92.6499535232897,16.7289800692057
2018.0,,Chiapas,San Cristóbal de las Casas,,alto,-92.6499535232897,16.7289800692057
2018.0,,Chiapas,San Cristóbal de las Casas,,alto,-92.6499535232897,16.7289800692057
2018.0,,Chiapas,San Cristóbal de las Casas,,alto,-92.6499535232897,16.7289800692057
2018.0,,Chiapas,San Cristóbal de las Casas,,alto,-92.6499535232897,16.7289800692057
2018.0,,Chiapas,San Cristóbal de las Casas,,alto,-92.6499535232897,16.7289800692057
2018.0,,Chiapas,San Cristóbal de las Casas,,alto,-92.6499535232897,16.7289800692057
2018.0,,Chiapas,San Cristóbal de las Casas,,alto,-92.6499535232897,16.7289800692057
2018.0,,Chiapas,San Cristóbal de las Casas,,alto,-92.6499535232897,16.7289800692057
2018.0,,Chiapas,San Cristóbal de las Casas,,alto,-92.6499535232897,16.7289800692057
2018.0,,Chiapas,San Cristóbal de las Casas,,alto,-92.6499535232897,16.7289800692057
2018.0,,Chiapas,San Cristóbal de las Casas,,alto,-92.6499535232897,16.7289800692057
2018.0,,Chiapas,San Cristóbal de las Casas,,alto,-92.6499535232897,16.7289800692057
2018.0,,Chiapas,San Cristóbal de las Casas,,alto,-92.6499535232897,16.7289800692057
2018.0,,Chiapas,San Cristóbal de las Casas,,alto,-92.6499535232897,16.7289800692057
2018.0,,Chiapas,San Cristóbal de las Casas,,alto,-92.6499535232897,16.7289800692057
2018.0,,Chiapas,San Cristóbal de las Casas,,alto,-92.6499535232897,16.7289800692057
2018.0,,Chiapas,San Cristóbal de las Casas,,alto,-92.6499535232897,16.7289800692057
2018.0,,Chiapas,San Cristóbal de las Casas,,alto,-92.6499535232897,16.7289800692057
2018.0,,Chiapas,San Cristóbal de las Casas,,alto,-92.6499535232897,16.7289800692057
2018.0,,Chiapas,San Cristóbal de las Casas,,alto,-92.6499535232897,16.7289800692057
2018.0,,Chiapas,San Cristóbal de las Casas,,alto,-92.6499535232897,16.7289800692057
2018.0,,Chiapas,San Cristóbal de las Casas,,alto,-92.6499535232897,16.7289800692057
2018.0,,Chiapas,San Cristóbal de las Casas,,alto,-92.6499535232897,16.7289800692057
2018.0,,Chiapas,San Cristóbal de las Casas,,alto,-92.6499535232897,16.7289800692057
2018.0,,Chiapas,San Cristóbal de las Casas,,alto,-92.6499535232897,16.7289800692057
2018.0,,Chiapas,San Cristóbal de las Casas,,alto,-92.6499535232897,16.7289800692057
2018.0,,Chiapas,San Cristóbal de las Casas,,alto,-92.6499535232897,16.7289800692057
2018.0,,Chiapas,San Cristóbal de las Casas,,alto,-92.6499535232897,16.7289800692057
2018.0,,Chiapas,San Cristóbal de las Casas,,alto,-92.6499535232897,16.7289800692057
2018.0,,Chiapas,San Cristóbal de las Casas,,alto,-92.6499535232897,16.7289800692057
2018.0,,Chiapas,San Cristóbal de las Casas,,alto,-92.6499535232897,16.7289800692057
2018.0,,Chiapas,San Cristóbal de las Casas,,alto,-92.6499535232897,16.7289800692057
2018.0,,Chiapas,San Cristóbal de las Casas,,alto,-92.6499535232897,16.7289800692057
2018.0,,Chiapas,San Cristóbal de las Casas,,alto,-92.6499535232897,16.7289800692057
2018.0,,Chiapas,San Cristóbal de las Casas,,alto,-92.6499535232897,16.7289800692057
2018.0,,Chiapas,San Cristóbal de las Casas,,alto,-92.6499535232897,16.7289800692057
2018.0,,Chiapas,San Cristóbal de las Casas,,alto,-92.6499535232897,16.7289800692057
2018.0,,Chiapas,San Cristóbal de las Casas,,alto,-92.6499535232897,16.7289800692057
2018.0,,Chiapas,San Cristóbal de las Casas,,alto,-92.6499535232897,16.7289800692057
2018.0,,Chiapas,San Cristóbal de las Casas,,alto,-92.6499535232897,16.7289800692057
2018.0,,Chiapas,San Cristóbal de las Casas,,alto,-92.6499535232897,16.7289800692057
2018.0,,Chiapas,San Cristóbal de las Casas,,alto,-92.6499535232897,16.7289800692057
2018.0,,Chiapas,San Cristóbal de las Casas,,alto,-92.6499535232897,16.7289800692057
2018.0,,Chiapas,San Cristóbal de las Casas,,alto,-92.6499535232897,16.7289800692057
2018.0,,Chiapas,San Cristóbal de las Casas,,alto,-92.6499535232897,16.7289800692057
2018.0,,Chiapas,San Cristóbal de las Casas,,alto,-92.6499535232897,16.7289800692057
2018.0,,Chiapas,San Cristóbal de las Casas,,alto,-92.6499535232897,16.7289800692057
2018.0,,Chiapas,San Cristóbal de las Casas,,alto,-92.6499535232897,16.7289800692057
2018.0,,Chiapas,San Cristóbal de las Casas,,alto,-92.6499535232897,16.7289800692057
2018.0,,Chiapas,San Cristóbal de las Casas,,alto,-92.6499535232897,16.7289800692057
2018.0,,Chiapas,San Cristóbal de las Casas,,alto,-92.6499535232897,16.7289800692057
2018.0,,Chiapas,San Cristóbal de las Casas,,alto,-92.3702639268516,16.886120916988
2018.0,,Chiapas,San Cristóbal de las Casas,,alto,-92.3702639268516,16.886120916988
2018.0,,Chiapas,San Cristóbal de las Casas,,alto,-92.6499535232897,16.7289800692057
2018.0,,Chiapas,San Cristóbal de las Casas,,alto,-92.6499535232897,16.7289800692057
2018.0,,Chiapas,San Cristóbal de las Casas,,alto,-92.6499535232897,16.7289800692057
2018.0,,Chiapas,San Cristóbal de las Casas,,alto,-92.6499535232897,16.7289800692057
2018.0,,Chiapas,San Cristóbal de las Casas,,alto,-92.6499535232897,16.7289800692057
2018.0,,Chiapas,San Cristóbal de las Casas,,alto,-92.6499535232897,16.7289800692057
2018.0,,Chiapas,San Cristóbal de las Casas,,alto,-92.6499535232897,16.7289800692057
2018.0,,Chiapas,San Cristóbal de las Casas,,alto,-92.6499535232897,16.7289800692057
2018.0,,Chiapas,San Cristóbal de las Casas,,alto,-92.3702639268516,16.886120916988
2018.0,,Chiapas,San Cristóbal de las Casas,,alto,-92.3702639268516,16.886120916988
2018.0,,Chiapas,San Cristóbal de las Casas,,alto,-92.6499535232897,16.7289800692057
2018.0,,Chiapas,San Cristóbal de las Casas,,alto,-92.6499535232897,16.7289800692057
2018.0,,Chiapas,San Cristóbal de las Casas,,alto,-92.6499535232897,16.7289800692057
2018.0,,Chiapas,San Cristóbal de las Casas,,alto,-92.6499535232897,16.7289800692057
2018.0,,Chiapas,San Cristóbal de las Casas,,alto,-92.6499535232897,16.7289800692057
2018.0,,Chiapas,San Cristóbal de las Casas,,alto,-92.6499535232897,16.7289800692057
2018.0,,Chiapas,San Cristóbal de las Casas,,alto,-92.6499535232897,16.7289800692057
2018.0,,Chiapas,San Cristóbal de las Casas,,alto,-92.6499535232897,16.7289800692057
2018.0,,Chiapas,San Cristóbal de las Casas,,alto,-92.3702639268516,16.886120916988
2018.0,,Chiapas,San Cristóbal de las Casas,,alto,-92.3702639268516,16.886120916988
2018.0,,Chiapas,San Cristóbal de las Casas,,alto,-92.3702639268516,16.886120916988
2018.0,,Chiapas,San Cristóbal de las Casas,,alto,-92.3702639268516,16.886120916988
2018.0,,Chiapas,San Cristóbal de las Casas,,alto,-92.6499535232897,16.7289800692057
2018.0,,Chiapas,San Cristóbal de las Casas,,alto,-92.6499535232897,16.7289800692057
2018.0,,Chiapas,San Cristóbal de las Casas,,alto,-92.6499535232897,16.7289800692057
2018.0,,Chiapas,San Cristóbal de las Casas,,alto,-92.6499535232897,16.7289800692057
2018.0,,Chiapas,San Cristóbal de las Casas,,alto,-92.6499535232897,16.7289800692057
2018.0,,Chiapas,San Cristóbal de las Casas,,alto,-92.6499535232897,16.7289800692057
2018.0,,Chiapas,San Cristóbal de las Casas,,alto,-92.3702639268516,16.886120916988
2018.0,,Chiapas,San Cristóbal de las Casas,,alto,-92.3702639268516,16.886120916988
2018.0,,Chiapas,San Cristóbal de las Casas,,alto,-92.3702639268516,16.886120916988
2018.0,,Chiapas,San Cristóbal de las Casas,,alto,-92.3702639268516,16.886120916988
2018.0,,Chiapas,San Cristóbal de las Casas,,alto,-92.6499535232897,16.7289800692057
2018.0,,Chiapas,San Cristóbal de las Casas,,alto,-92.6499535232897,16.7289800692057
2018.0,,Chiapas,San Cristóbal de las Casas,,alto,-92.6499535232897,16.7289800692057
2018.0,,Chiapas,San Cristóbal de las Casas,,alto,-92.6499535232897,16.7289800692057
2018.0,,Chiapas,San Cristóbal de las Casas,,alto,-92.6499535232897,16.7289800692057
2018.0,,Chiapas,San Cristóbal de las Casas,,alto,-92.6499535232897,16.7289800692057
2018.0,,Chiapas,San Cristóbal de las Casas,,alto,-92.3702639268516,16.886120916988
2018.0,,Chiapas,San Cristóbal de las Casas,,alto,-92.6499535232897,16.7289800692057
2018.0,,Chiapas,San Cristóbal de las Casas,,alto,-92.6499535232897,16.7289800692057
2018.0,,Chiapas,San Cristóbal de las Casas,,alto,-92.6499535232897,16.7289800692057
2018.0,,Chiapas,San Cristóbal de las Casas,,alto,-92.6499535232897,16.7289800692057
2018.0,,Chiapas,San Cristóbal de las Casas,,alto,-92.6499535232897,16.7289800692057
2018.0,,Chiapas,San Cristóbal de las Casas,,alto,-92.6499535232897,16.7289800692057
2018.0,,Chiapas,San Cristóbal de las Casas,,alto,-92.6499535232897,16.7289800692057
2018.0,,Chiapas,San Cristóbal de las Casas,,alto,-92.6499535232897,16.7289800692057
2018.0,,Chiapas,San Cristóbal de las Casas,,alto,-92.6499535232897,16.7289800692057
2018.0,,Chiapas,San Cristóbal de las Casas,,alto,-92.6499535232897,16.7289800692057
2018.0,,Chiapas,San Cristóbal de las Casas,,alto,-92.6499535232897,16.7289800692057
2018.0,,Chiapas,San Cristóbal de las Casas,,alto,-92.6499535232897,16.7289800692057
2018.0,,Chiapas,San Cristóbal de las Casas,,alto,-92.6499535232897,16.7289800692057
2018.0,,Chiapas,San Cristóbal de las Casas,,alto,-92.6499535232897,16.7289800692057
2018.0,,Chiapas,San Cristóbal de las Casas,,alto,-92.6499535232897,16.7289800692057
2018.0,,Chiapas,San Cristóbal de las Casas,,alto,-92.6499535232897,16.7289800692057
2018.0,,Chiapas,San Cristóbal de las Casas,,alto,-92.6499535232897,16.7289800692057
2018.0,,Chiapas,San Cristóbal de las Casas,,alto,-92.6499535232897,16.7289800692057
2018.0,,Chiapas,San Cristóbal de las Casas,,alto,-92.6499535232897,16.7289800692057
2018.0,,Chiapas,San Cristóbal de las Casas,,alto,-92.3702639268516,16.886120916988
2018.0,,Chiapas,San Cristóbal de las Casas,,alto,-92.6499535232897,16.7289800692057
2018.0,,Chiapas,San Cristóbal de las Casas,,alto,-92.6499535232897,16.7289800692057
2018.0,,Chiapas,San Cristóbal de las Casas,,alto,-92.6499535232897,16.7289800692057
2018.0,,Chiapas,San Cristóbal de las Casas,,alto,-92.6499535232897,16.7289800692057
2018.0,,Chiapas,San Cristóbal de las Casas,,alto,-92.6499535232897,16.7289800692057
2018.0,,Chiapas,San Cristóbal de las Casas,,alto,-92.6499535232897,16.7289800692057
2018.0,,Chiapas,San Cristóbal de las Casas,,alto,-92.6499535232897,16.7289800692057
2018.0,,Chiapas,San Cristóbal de las Casas,,alto,-92.6499535232897,16.7289800692057
2018.0,,Chiapas,San Cristóbal de las Casas,,alto,-92.6499535232897,16.7289800692057
2018.0,,Chiapas,San Cristóbal de las Casas,,alto,-92.6499535232897,16.7289800692057
2018.0,,Chiapas,San Cristóbal de las Casas,,alto,-92.6499535232897,16.7289800692057
2018.0,,Chiapas,San Cristóbal de las Casas,,alto,-92.6499535232897,16.7289800692057
2018.0,,Chiapas,San Cristóbal de las Casas,,alto,-92.6499535232897,16.7289800692057
2018.0,,Chiapas,San Cristóbal de las Casas,,alto,-92.6499535232897,16.7289800692057
2018.0,,Chiapas,San Cristóbal de las Casas,,alto,-92.6499535232897,16.7289800692057
2018.0,,Chiapas,San Cristóbal de las Casas,,alto,-92.6499535232897,16.7289800692057
2018.0,,Chiapas,San Cristóbal de las Casas,,alto,-92.6499535232897,16.7289800692057
2018.0,,Chiapas,San Cristóbal de las Casas,,alto,-92.6499535232897,16.7289800692057
2018.0,,Chiapas,San Cristóbal de las Casas,,alto,-92.6499535232897,16.7289800692057
2018.0,,Chiapas,San Cristóbal de las Casas,,alto,-92.6499535232897,16.7289800692057
2018.0,,Chiapas,San Cristóbal de las Casas,,alto,-92.6499535232897,16.7289800692057
2018.0,,Chiapas,San Cristóbal de las Casas,,alto,-92.6499535232897,16.7289800692057
2018.0,,Chiapas,San Cristóbal de las Casas,,alto,-92.6499535232897,16.7289800692057
2018.0,,Chiapas,San Cristóbal de las Casas,,alto,-92.6499535232897,16.7289800692057
2018.0,,Chiapas,San Cristóbal de las Casas,,alto,-92.6499535232897,16.7289800692057
2018.0,,Chiapas,San Cristóbal de las Casas,,alto,-92.6499535232897,16.7289800692057
2018.0,,Chiapas,San Cristóbal de las Casas,,alto,-92.6499535232897,16.7289800692057
2018.0,,Chiapas,San Cristóbal de las Casas,,alto,-92.6499535232897,16.7289800692057
2018.0,,Chiapas,San Cristóbal de las Casas,,alto,-92.6499535232897,16.7289800692057
2018.0,,Chiapas,San Cristóbal de las Casas,,alto,-92.6499535232897,16.7289800692057
2018.0,,Chiapas,San Cristóbal de las Casas,,alto,-92.6499535232897,16.7289800692057
2018.0,,Chiapas,San Cristóbal de las Casas,,alto,-92.6499535232897,16.7289800692057
2018.0,,Chiapas,San Cristóbal de las Casas,,alto,-92.6499535232897,16.7289800692057
2018.0,,Chiapas,San Cristóbal de las Casas,,alto,-92.6499535232897,16.7289800692057
2018.0,,Chiapas,San Cristóbal de las Casas,,alto,-92.6499535232897,16.7289800692057
2018.0,,Chiapas,San Cristóbal de las Casas,,alto,-92.6499535232897,16.7289800692057
2018.0,,Chiapas,San Cristóbal de las Casas,,alto,-92.6499535232897,16.7289800692057
2018.0,,Chiapas,San Cristóbal de las Casas,,alto,-92.6499535232897,16.7289800692057
2018.0,,Chiapas,San Cristóbal de las Casas,,alto,-92.6499535232897,16.7289800692057
2018.0,,Chiapas,San Cristóbal de las Casas,,alto,-92.6499535232897,16.7289800692057
2018.0,,Chiapas,San Cristóbal de las Casas,,alto,-92.6499535232897,16.7289800692057
2018.0,,Chiapas,San Cristóbal de las Casas,,alto,-92.6499535232897,16.7289800692057
2018.0,,Chiapas,San Cristóbal de las Casas,,alto,-92.6499535232897,16.7289800692057
2018.0,,Chiapas,San Cristóbal de las Casas,,alto,-92.6499535232897,16.7289800692057
2018.0,,Chiapas,San Cristóbal de las Casas,,alto,-92.6499535232897,16.7289800692057
2018.0,,Chiapas,San Cristóbal de las Casas,,alto,-92.6499535232897,16.7289800692057
2018.0,,Chiapas,San Cristóbal de las Casas,,alto,-92.6499535232897,16.7289800692057
2018.0,,Chiapas,San Cristóbal de las Casas,,alto,-92.6499535232897,16.7289800692057
2018.0,,Chiapas,San Cristóbal de las Casas,,alto,-92.6499535232897,16.7289800692057
2018.0,,Chiapas,San Cristóbal de las Casas,,alto,-92.6499535232897,16.7289800692057
2018.0,,Chiapas,San Cristóbal de las Casas,,alto,-92.6499535232897,16.7289800692057
2018.0,,Chiapas,San Cristóbal de las Casas,,alto,-92.6499535232897,16.7289800692057
2018.0,,Chiapas,San Cristóbal de las Casas,,alto,-92.6499535232897,16.7289800692057
2018.0,,Chiapas,San Cristóbal de las Casas,,alto,-92.6499535232897,16.7289800692057
2018.0,,Chiapas,San Cristóbal de las Casas,,alto,-92.6499535232897,16.7289800692057
2018.0,,Chiapas,San Cristóbal de las Casas,,alto,-92.6499535232897,16.7289800692057
2018.0,,Chiapas,San Cristóbal de las Casas,,alto,-92.6499535232897,16.7289800692057
2018.0,,Chiapas,San Cristóbal de las Casas,,alto,-92.6499535232897,16.7289800692057
2018.0,,Chiapas,San Cristóbal de las Casas,,alto,-92.6499535232897,16.7289800692057
2018.0,,Chiapas,San Cristóbal de las Casas,,alto,-92.6499535232897,16.7289800692057
2018.0,,Chiapas,San Cristóbal de las Casas,,alto,-92.6499535232897,16.7289800692057
2018.0,,Chiapas,San Cristóbal de las Casas,,alto,-92.6499535232897,16.7289800692057
2018.0,,Chiapas,San Cristóbal de las Casas,,alto,-92.6499535232897,16.7289800692057
2018.0,,Chiapas,San Cristóbal de las Casas,,alto,-92.6499535232897,16.7289800692057
2018.0,,Chiapas,San Cristóbal de las Casas,,alto,-92.6499535232897,16.7289800692057
2018.0,,Chiapas,San Cristóbal de las Casas,,alto,-92.6499535232897,16.7289800692057
2018.0,,Chiapas,San Cristóbal de las Casas,,alto,-92.6499535232897,16.7289800692057
2018.0,,Chiapas,San Cristóbal de las Casas,,alto,-92.6499535232897,16.7289800692057
2018.0,,Chiapas,San Cristóbal de las Casas,,alto,-92.6499535232897,16.7289800692057
2018.0,,Chiapas,San Cristóbal de las Casas,,alto,-92.6499535232897,16.7289800692057
2018.0,,Chiapas,San Cristóbal de las Casas,,alto,-92.6499535232897,16.7289800692057
2018.0,,Chiapas,San Cristóbal de las Casas,,alto,-92.6499535232897,16.7289800692057
2018.0,,Chiapas,San Cristóbal de las Casas,,alto,-92.6499535232897,16.7289800692057
2018.0,,Chiapas,San Cristóbal de las Casas,,alto,-92.6499535232897,16.7289800692057
2018.0,,Chiapas,San Cristóbal de las Casas,,alto,-92.6499535232897,16.7289800692057
2018.0,,Chiapas,San Cristóbal de las Casas,,alto,-92.6499535232897,16.7289800692057
2018.0,,Chiapas,San Cristóbal de las Casas,,alto,-92.6499535232897,16.7289800692057
2018.0,,Chiapas,San Cristóbal de las Casas,,alto,-92.6499535232897,16.7289800692057
2018.0,,Chiapas,San Cristóbal de las Casas,,alto,-92.6499535232897,16.7289800692057
2018.0,,Chiapas,San Cristóbal de las Casas,,alto,-92.6499535232897,16.7289800692057
2018.0,,Chiapas,San Cristóbal de las Casas,,alto,-92.6499535232897,16.7289800692057
2018.0,,Chiapas,San Cristóbal de las Casas,,alto,-92.6499535232897,16.7289800692057
2018.0,,Chiapas,San Cristóbal de las Casas,,alto,-92.6499535232897,16.7289800692057
2018.0,,Chiapas,San Cristóbal de las Casas,,alto,-92.6499535232897,16.7289800692057
2018.0,,Chiapas,San Cristóbal de las Casas,,alto,-92.6499535232897,16.7289800692057
2018.0,,Chiapas,San Cristóbal de las Casas,,alto,-92.6499535232897,16.7289800692057
2018.0,,Chiapas,San Cristóbal de las Casas,,alto,-92.6499535232897,16.7289800692057
2018.0,,Chiapas,San Cristóbal de las Casas,,alto,-92.6499535232897,16.7289800692057
2018.0,,Chiapas,San Cristóbal de las Casas,,alto,-92.6499535232897,16.7289800692057
2018.0,,Chiapas,San Cristóbal de las Casas,,alto,-92.6499535232897,16.7289800692057
2018.0,,Chiapas,San Cristóbal de las Casas,,alto,-92.6499535232897,16.7289800692057
2018.0,,Chiapas,San Cristóbal de las Casas,,alto,-92.6499535232897,16.7289800692057
2018.0,,Chiapas,San Cristóbal de las Casas,,alto,-92.6499535232897,16.7289800692057
2018.0,,Chiapas,San Cristóbal de las Casas,,alto,-92.6499535232897,16.7289800692057
2018.0,,Chiapas,San Cristóbal de las Casas,,alto,-92.6499535232897,16.7289800692057
2018.0,,Chiapas,San Cristóbal de las Casas,,alto,-92.6499535232897,16.7289800692057
2018.0,,Chiapas,San Cristóbal de las Casas,,alto,-92.6499535232897,16.7289800692057
2018.0,,Chiapas,San Cristóbal de las Casas,,alto,-92.6499535232897,16.7289800692057
2018.0,,Chiapas,San Cristóbal de las Casas,,alto,-92.6499535232897,16.7289800692057
2018.0,,Chiapas,San Cristóbal de las Casas,,alto,-92.6499535232897,16.7289800692057
2018.0,,Chiapas,San Cristóbal de las Casas,,alto,-92.3702639268516,16.886120916988
2018.0,,Chiapas,San Cristóbal de las Casas,,alto,-92.3702639268516,16.886120916988
2018.0,,Chiapas,San Cristóbal de las Casas,,alto,-92.3702639268516,16.886120916988
2018.0,,Chiapas,San Cristóbal de las Casas,,alto,-92.6499535232897,16.7289800692057
2018.0,,Chiapas,San Cristóbal de las Casas,,alto,-92.6499535232897,16.7289800692057
2018.0,,Chiapas,San Cristóbal de las Casas,,alto,-92.6499535232897,16.7289800692057
2018.0,,Chiapas,San Cristóbal de las Casas,,alto,-92.6499535232897,16.7289800692057
2018.0,,Chiapas,San Cristóbal de las Casas,,alto,-92.6499535232897,16.7289800692057
2018.0,,Chiapas,San Cristóbal de las Casas,,alto,-92.6499535232897,16.7289800692057
2018.0,,Chiapas,San Cristóbal de las Casas,,alto,-92.6499535232897,16.7289800692057
2018.0,,Chiapas,San Cristóbal de las Casas,,alto,-92.6499535232897,16.7289800692057
2018.0,,Chiapas,San Cristóbal de las Casas,,alto,-92.6499535232897,16.7289800692057
2018.0,,Chiapas,San Cristóbal de las Casas,,alto,-92.6499535232897,16.7289800692057
2018.0,,Chiapas,San Cristóbal de las Casas,,alto,-92.6499535232897,16.7289800692057
2018.0,,Chiapas,San Cristóbal de las Casas,,alto,-92.6499535232897,16.7289800692057
2018.0,,Chiapas,San Cristóbal de las Casas,,alto,-92.6499535232897,16.7289800692057
2018.0,,Chiapas,San Cristóbal de las Casas,,alto,-92.6499535232897,16.7289800692057
2018.0,,Chiapas,San Cristóbal de las Casas,,alto,-92.6499535232897,16.7289800692057
2018.0,,Chiapas,San Cristóbal de las Casas,,alto,-92.6499535232897,16.7289800692057
2018.0,,Chiapas,San Cristóbal de las Casas,,alto,-92.6499535232897,16.7289800692057
2018.0,,Chiapas,San Cristóbal de las Casas,,alto,-92.6499535232897,16.7289800692057
2018.0,,Chiapas,San Cristóbal de las Casas,,alto,-92.6499535232897,16.7289800692057
2018.0,,Chiapas,San Cristóbal de las Casas,,alto,-92.6499535232897,16.7289800692057
2018.0,,Chiapas,San Cristóbal de las Casas,,alto,-92.6499535232897,16.7289800692057
2018.0,,Chiapas,San Cristóbal de las Casas,,alto,-92.6499535232897,16.7289800692057
2018.0,,Chiapas,San Cristóbal de las Casas,,alto,-92.6499535232897,16.7289800692057
2018.0,,Chiapas,San Cristóbal de las Casas,,alto,-92.6499535232897,16.7289800692057
2018.0,,Chiapas,San Cristóbal de las Casas,,alto,-92.6499535232897,16.7289800692057
2018.0,,Chiapas,San Cristóbal de las Casas,,alto,-92.6499535232897,16.7289800692057
2018.0,,Chiapas,San Cristóbal de las Casas,,alto,-92.6499535232897,16.7289800692057
2018.0,,Chiapas,San Cristóbal de las Casas,,alto,-92.6499535232897,16.7289800692057
2018.0,,Chiapas,San Cristóbal de las Casas,,alto,-92.6499535232897,16.7289800692057
2018.0,,Chiapas,San Cristóbal de las Casas,,alto,-92.6499535232897,16.7289800692057
2018.0,,Chiapas,San Cristóbal de las Casas,,alto,-92.6499535232897,16.7289800692057
2018.0,,Chiapas,San Cristóbal de las Casas,,alto,-92.6499535232897,16.7289800692057
2018.0,,Chiapas,San Cristóbal de las Casas,,alto,-92.6499535232897,16.7289800692057
2018.0,,Chiapas,San Cristóbal de las Casas,,alto,-92.6499535232897,16.7289800692057
2018.0,,Chiapas,San Cristóbal de las Casas,,alto,-92.6499535232897,16.7289800692057
2018.0,,Chiapas,San Cristóbal de las Casas,,alto,-92.6499535232897,16.7289800692057
2018.0,,Chiapas,San Cristóbal de las Casas,,alto,-92.6499535232897,16.7289800692057
2018.0,,Chiapas,San Cristóbal de las Casas,,alto,-92.6499535232897,16.7289800692057
2018.0,,Chiapas,San Cristóbal de las Casas,,alto,-92.6499535232897,16.7289800692057
2018.0,,Chiapas,San Cristóbal de las Casas,,alto,-92.6499535232897,16.7289800692057
2018.0,,Chiapas,San Cristóbal de las Casas,,alto,-92.6499535232897,16.7289800692057
2018.0,,Chiapas,San Cristóbal de las Casas,,alto,-92.6499535232897,16.7289800692057
2018.0,,Chiapas,San Cristóbal de las Casas,,alto,-92.6499535232897,16.7289800692057
2018.0,,Chiapas,San Cristóbal de las Casas,,alto,-92.6499535232897,16.7289800692057
2018.0,,Chiapas,San Cristóbal de las Casas,,alto,-92.6499535232897,16.7289800692057
2018.0,,Chiapas,San Cristóbal de las Casas,,alto,-92.6499535232897,16.7289800692057
2018.0,,Chiapas,San Cristóbal de las Casas,,alto,-92.6499535232897,16.7289800692057
2018.0,,Chiapas,San Cristóbal de las Casas,,alto,-92.6499535232897,16.7289800692057
2018.0,,Chiapas,San Cristóbal de las Casas,,alto,-92.6499535232897,16.7289800692057
2018.0,,Chiapas,San Cristóbal de las Casas,,alto,-92.6499535232897,16.7289800692057
2018.0,,Chiapas,San Cristóbal de las Casas,,alto,-92.6499535232897,16.7289800692057
2018.0,,Chiapas,San Cristóbal de las Casas,,alto,-92.6499535232897,16.7289800692057
2018.0,,Chiapas,San Cristóbal de las Casas,,alto,-92.6499535232897,16.7289800692057
2018.0,,Chiapas,San Cristóbal de las Casas,,alto,-92.6499535232897,16.7289800692057
2018.0,,Chiapas,San Cristóbal de las Casas,,alto,-92.6499535232897,16.7289800692057
2018.0,,Chiapas,San Cristóbal de las Casas,,alto,-92.6499535232897,16.7289800692057
2018.0,,Chiapas,San Cristóbal de las Casas,,alto,-92.6499535232897,16.7289800692057
2018.0,,Chiapas,San Cristóbal de las Casas,,alto,-92.6499535232897,16.7289800692057
2018.0,,Chiapas,San Cristóbal de las Casas,,alto,-92.6499535232897,16.7289800692057
2018.0,,Chiapas,San Cristóbal de las Casas,,alto,-92.6499535232897,16.7289800692057
2018.0,,Chiapas,San Cristóbal de las Casas,,alto,-92.6499535232897,16.7289800692057
2018.0,,Chiapas,San Cristóbal de las Casas,,alto,-92.6499535232897,16.7289800692057
2018.0,,Chiapas,San Cristóbal de las Casas,,alto,-92.6499535232897,16.7289800692057
2018.0,,Chiapas,San Cristóbal de las Casas,,alto,-92.6499535232897,16.7289800692057
2018.0,,Chiapas,San Cristóbal de las Casas,,alto,-92.6499535232897,16.7289800692057
2018.0,,Chiapas,San Cristóbal de las Casas,,alto,-92.6499535232897,16.7289800692057
2018.0,,Chiapas,San Cristóbal de las Casas,,alto,-92.6499535232897,16.7289800692057
2018.0,,Chiapas,San Cristóbal de las Casas,,alto,-92.6499535232897,16.7289800692057
2018.0,,Chiapas,San Cristóbal de las Casas,,alto,-92.6499535232897,16.7289800692057
2018.0,,Chiapas,San Cristóbal de las Casas,,alto,-92.6499535232897,16.7289800692057
2018.0,,Chiapas,San Cristóbal de las Casas,,alto,-92.6499535232897,16.7289800692057
2018.0,,Chiapas,San Cristóbal de las Casas,,alto,-92.6499535232897,16.7289800692057
2018.0,,Chiapas,San Cristóbal de las Casas,,alto,-92.6499535232897,16.7289800692057
2018.0,,Chiapas,San Cristóbal de las Casas,,alto,-92.6499535232897,16.7289800692057
2018.0,,Chiapas,San Cristóbal de las Casas,,alto,-92.6499535232897,16.7289800692057
2018.0,,Chiapas,San Cristóbal de las Casas,,alto,-92.6499535232897,16.7289800692057
2018.0,,Chiapas,San Cristóbal de las Casas,,alto,-92.6499535232897,16.7289800692057
2018.0,,Chiapas,San Cristóbal de las Casas,,alto,-92.6499535232897,16.7289800692057
2018.0,,Chiapas,San Cristóbal de las Casas,,alto,-92.6499535232897,16.7289800692057
2018.0,,Chiapas,San Cristóbal de las Casas,,alto,-92.6499535232897,16.7289800692057
2018.0,,Chiapas,San Cristóbal de las Casas,,alto,-92.6499535232897,16.7289800692057
2018.0,,Chiapas,San Cristóbal de las Casas,,alto,-92.6499535232897,16.7289800692057
2018.0,,Chiapas,San Cristóbal de las Casas,,alto,-92.6499535232897,16.7289800692057
2018.0,,Chiapas,San Cristóbal de las Casas,,alto,-92.6499535232897,16.7289800692057
2018.0,,Chiapas,San Cristóbal de las Casas,,alto,-92.6499535232897,16.7289800692057
2018.0,,Chiapas,San Cristóbal de las Casas,,alto,-92.6499535232897,16.7289800692057
2018.0,,Chiapas,San Cristóbal de las Casas,,alto,-92.6499535232897,16.7289800692057
2018.0,,Chiapas,San Cristóbal de las Casas,,alto,-92.6499535232897,16.7289800692057
2018.0,,Chiapas,San Cristóbal de las Casas,,alto,-92.6499535232897,16.7289800692057
2018.0,,Chiapas,San Cristóbal de las Casas,,alto,-92.6499535232897,16.7289800692057
2018.0,,Chiapas,San Cristóbal de las Casas,,alto,-92.6499535232897,16.7289800692057
2018.0,,Chiapas,San Cristóbal de las Casas,,alto,-92.6499535232897,16.7289800692057
2018.0,,Chiapas,San Cristóbal de las Casas,,alto,-92.6499535232897,16.7289800692057
2018.0,,Chiapas,San Cristóbal de las Casas,,alto,-92.6499535232897,16.7289800692057
2018.0,,Chiapas,San Cristóbal de las Casas,,alto,-92.6499535232897,16.7289800692057
2018.0,,Chiapas,San Cristóbal de las Casas,,alto,-92.6499535232897,16.7289800692057
2018.0,,Chiapas,San Cristóbal de las Casas,,alto,-92.6499535232897,16.7289800692057
2018.0,,Chiapas,San Cristóbal de las Casas,,alto,-92.6499535232897,16.7289800692057
2018.0,,Chiapas,San Cristóbal de las Casas,,alto,-92.6499535232897,16.7289800692057
2018.0,,Chiapas,San Cristóbal de las Casas,,alto,-92.6499535232897,16.7289800692057
2018.0,,Chiapas,San Cristóbal de las Casas,,alto,-92.6499535232897,16.7289800692057
2018.0,,Chiapas,San Cristóbal de las Casas,,alto,-92.6499535232897,16.7289800692057
2018.0,,Chiapas,San Cristóbal de las Casas,,alto,-92.6499535232897,16.7289800692057
2018.0,,Chiapas,San Cristóbal de las Casas,,alto,-92.6499535232897,16.7289800692057
2018.0,,Chiapas,San Cristóbal de las Casas,,alto,-92.6499535232897,16.7289800692057
2018.0,,Chiapas,San Cristóbal de las Casas,,alto,-92.6499535232897,16.7289800692057
2018.0,,Chiapas,San Cristóbal de las Casas,,alto,-92.6499535232897,16.7289800692057
2018.0,,Chiapas,San Cristóbal de las Casas,,alto,-92.6499535232897,16.7289800692057
2018.0,,Chiapas,San Cristóbal de las Casas,,alto,-92.6499535232897,16.7289800692057
2018.0,,Chiapas,San Cristóbal de las Casas,,alto,-92.6499535232897,16.7289800692057
2018.0,,Chiapas,San Cristóbal de las Casas,,alto,-92.6499535232897,16.7289800692057
2018.0,,Chiapas,San Cristóbal de las Casas,,alto,-92.6499535232897,16.7289800692057
2018.0,,Chiapas,San Cristóbal de las Casas,,alto,-92.6499535232897,16.7289800692057
2018.0,,Chiapas,San Cristóbal de las Casas,,alto,-92.6499535232897,16.7289800692057
2018.0,,Chiapas,San Cristóbal de las Casas,,alto,-92.6499535232897,16.7289800692057
2018.0,,Chiapas,San Cristóbal de las Casas,,alto,-92.3702639268516,16.886120916988
2018.0,,Chiapas,San Cristóbal de las Casas,,alto,-92.3702639268516,16.886120916988
2018.0,,Chiapas,San Cristóbal de las Casas,,alto,-92.3702639268516,16.886120916988
2018.0,,Chiapas,San Cristóbal de las Casas,,alto,-92.3702639268516,16.886120916988
2018.0,,Chiapas,San Cristóbal de las Casas,,alto,-92.6499535232897,16.7289800692057
2018.0,,Chiapas,San Cristóbal de las Casas,,alto,-92.6499535232897,16.7289800692057
2018.0,,Chiapas,San Cristóbal de las Casas,,alto,-92.6499535232897,16.7289800692057
2018.0,,Chiapas,San Cristóbal de las Casas,,alto,-92.6499535232897,16.7289800692057
2018.0,,Chiapas,San Cristóbal de las Casas,,alto,-92.6499535232897,16.7289800692057
2018.0,,Chiapas,San Cristóbal de las Casas,,alto,-92.6499535232897,16.7289800692057
2018.0,,Chiapas,San Cristóbal de las Casas,,alto,-92.3702639268516,16.886120916988
2018.0,,Chiapas,San Cristóbal de las Casas,,alto,-92.3702639268516,16.886120916988
2018.0,,Chiapas,San Cristóbal de las Casas,,alto,-92.3702639268516,16.886120916988
2018.0,,Chiapas,San Cristóbal de las Casas,,alto,-92.3702639268516,16.886120916988
2018.0,,Chiapas,San Cristóbal de las Casas,,alto,-92.6499535232897,16.7289800692057
2018.0,,Chiapas,San Cristóbal de las Casas,,alto,-92.6499535232897,16.7289800692057
2018.0,,Chiapas,San Cristóbal de las Casas,,alto,-92.6499535232897,16.7289800692057
2018.0,,Chiapas,San Cristóbal de las Casas,,alto,-92.6499535232897,16.7289800692057
2018.0,,Chiapas,San Cristóbal de las Casas,,alto,-92.6499535232897,16.7289800692057
2018.0,,Chiapas,San Cristóbal de las Casas,,alto,-92.6499535232897,16.7289800692057
2018.0,,Chiapas,San Cristóbal de las Casas,,alto,-92.3702639268516,16.886120916988
2018.0,,Chiapas,San Cristóbal de las Casas,,alto,-92.3702639268516,16.886120916988
2018.0,,Chiapas,San Cristóbal de las Casas,,alto,-92.3702639268516,16.886120916988
2018.0,,Chiapas,San Cristóbal de las Casas,,alto,-92.3702639268516,16.886120916988
2018.0,,Chiapas,San Cristóbal de las Casas,,alto,-92.6499535232897,16.7289800692057
2018.0,,Chiapas,San Cristóbal de las Casas,,alto,-92.6499535232897,16.7289800692057
2018.0,,Chiapas,San Cristóbal de las Casas,,alto,-92.6499535232897,16.7289800692057
2018.0,,Chiapas,San Cristóbal de las Casas,,alto,-92.6499535232897,16.7289800692057
2018.0,,Chiapas,San Cristóbal de las Casas,,alto,-92.6499535232897,16.7289800692057
2018.0,,Chiapas,San Cristóbal de las Casas,,alto,-92.6499535232897,16.7289800692057
2018.0,,Chiapas,San Cristóbal de las Casas,,alto,-92.3702639268516,16.886120916988
2018.0,,Chiapas,San Cristóbal de las Casas,,alto,-92.3702639268516,16.886120916988
2018.0,,Chiapas,San Cristóbal de las Casas,,alto,-92.3702639268516,16.886120916988
2018.0,,Chiapas,San Cristóbal de las Casas,,alto,-92.3702639268516,16.886120916988
2018.0,,Chiapas,San Cristóbal de las Casas,,alto,-92.6499535232897,16.7289800692057
2018.0,,Chiapas,San Cristóbal de las Casas,,alto,-92.6499535232897,16.7289800692057
2018.0,,Chiapas,San Cristóbal de las Casas,,alto,-92.6499535232897,16.7289800692057
2018.0,,Chiapas,San Cristóbal de las Casas,,alto,-92.6499535232897,16.7289800692057
2018.0,,Chiapas,San Cristóbal de las Casas,,alto,-92.6499535232897,16.7289800692057
2018.0,,Chiapas,San Cristóbal de las Casas,,alto,-92.6499535232897,16.7289800692057
2018.0,,Chiapas,San Cristóbal de las Casas,,alto,-92.3702639268516,16.886120916988
2018.0,,Chiapas,San Cristóbal de las Casas,,alto,-92.3702639268516,16.886120916988
2018.0,,Chiapas,San Cristóbal de las Casas,,alto,-92.3702639268516,16.886120916988
2018.0,,Chiapas,San Cristóbal de las Casas,,alto,-92.3702639268516,16.886120916988
2018.0,,Chiapas,San Cristóbal de las Casas,,alto,-92.6499535232897,16.7289800692057
2018.0,,Chiapas,San Cristóbal de las Casas,,alto,-92.6499535232897,16.7289800692057
2018.0,,Chiapas,San Cristóbal de las Casas,,alto,-92.6499535232897,16.7289800692057
2018.0,,Chiapas,San Cristóbal de las Casas,,alto,-92.6499535232897,16.7289800692057
2018.0,,Chiapas,San Cristóbal de las Casas,,alto,-92.6499535232897,16.7289800692057
2018.0,,Chiapas,San Cristóbal de las Casas,,alto,-92.6499535232897,16.7289800692057
2018.0,,Chiapas,San Cristóbal de las Casas,,alto,-92.3702639268516,16.886120916988
2018.0,,Chiapas,San Cristóbal de las Casas,,alto,-92.3702639268516,16.886120916988
2018.0,,Chiapas,San Cristóbal de las Casas,,alto,-92.3702639268516,16.886120916988
2018.0,,Chiapas,San Cristóbal de las Casas,,alto,-92.3702639268516,16.886120916988
2018.0,,Chiapas,San Cristóbal de las Casas,,alto,-92.6499535232897,16.7289800692057
2018.0,,Chiapas,San Cristóbal de las Casas,,alto,-92.6499535232897,16.7289800692057
2018.0,,Chiapas,San Cristóbal de las Casas,,alto,-92.6499535232897,16.7289800692057
2018.0,,Chiapas,San Cristóbal de las Casas,,alto,-92.6499535232897,16.7289800692057
2018.0,,Chiapas,San Cristóbal de las Casas,,alto,-92.6499535232897,16.7289800692057
2018.0,,Chiapas,San Cristóbal de las Casas,,alto,-92.6499535232897,16.7289800692057
2018.0,,Chiapas,San Cristóbal de las Casas,,alto,-92.3702639268516,16.886120916988
2018.0,,Chiapas,San Cristóbal de las Casas,,alto,-92.3702639268516,16.886120916988
2018.0,,Chiapas,San Cristóbal de las Casas,,alto,-92.3702639268516,16.886120916988
2018.0,,Chiapas,San Cristóbal de las Casas,,alto,-92.3702639268516,16.886120916988
2018.0,,Chiapas,San Cristóbal de las Casas,,alto,-92.6499535232897,16.7289800692057
2018.0,,Chiapas,San Cristóbal de las Casas,,alto,-92.6499535232897,16.7289800692057
2018.0,,Chiapas,San Cristóbal de las Casas,,alto,-92.6499535232897,16.7289800692057
2018.0,,Chiapas,San Cristóbal de las Casas,,alto,-92.6499535232897,16.7289800692057
2018.0,,Chiapas,San Cristóbal de las Casas,,alto,-92.6499535232897,16.7289800692057
2018.0,,Chiapas,San Cristóbal de las Casas,,alto,-92.6499535232897,16.7289800692057
2018.0,,Chiapas,San Cristóbal de las Casas,,alto,-92.3702639268516,16.886120916988
2018.0,,Chiapas,San Cristóbal de las Casas,,alto,-92.3702639268516,16.886120916988
2018.0,,Chiapas,San Cristóbal de las Casas,,alto,-92.3702639268516,16.886120916988
2018.0,,Chiapas,San Cristóbal de las Casas,,alto,-92.3702639268516,16.886120916988
2018.0,,Chiapas,San Cristóbal de las Casas,,alto,-92.6499535232897,16.7289800692057
2018.0,,Chiapas,San Cristóbal de las Casas,,alto,-92.6499535232897,16.7289800692057
2018.0,,Chiapas,San Cristóbal de las Casas,,alto,-92.6499535232897,16.7289800692057
2018.0,,Chiapas,San Cristóbal de las Casas,,alto,-92.6499535232897,16.7289800692057
2018.0,,Chiapas,San Cristóbal de las Casas,,alto,-92.6499535232897,16.7289800692057
2018.0,,Chiapas,San Cristóbal de las Casas,,alto,-92.6499535232897,16.7289800692057
2018.0,,Chiapas,San Cristóbal de las Casas,,alto,-92.3702639268516,16.886120916988
2018.0,,Chiapas,San Cristóbal de las Casas,,alto,-92.3702639268516,16.886120916988
2018.0,,Chiapas,San Cristóbal de las Casas,,alto,-92.3702639268516,16.886120916988
2018.0,,Chiapas,San Cristóbal de las Casas,,alto,-92.3702639268516,16.886120916988
2018.0,,Chiapas,San Cristóbal de las Casas,,alto,-92.6499535232897,16.7289800692057
2018.0,,Chiapas,San Cristóbal de las Casas,,alto,-92.6499535232897,16.7289800692057
2018.0,,Chiapas,San Cristóbal de las Casas,,alto,-92.6499535232897,16.7289800692057
2018.0,,Chiapas,San Cristóbal de las Casas,,alto,-92.6499535232897,16.7289800692057
2018.0,,Chiapas,San Cristóbal de las Casas,,alto,-92.6499535232897,16.7289800692057
2018.0,,Chiapas,San Cristóbal de las Casas,,alto,-92.6499535232897,16.7289800692057
2018.0,,Chiapas,San Cristóbal de las Casas,,alto,-92.3702639268516,16.886120916988
2018.0,,Chiapas,San Cristóbal de las Casas,,alto,-92.3702639268516,16.886120916988
2018.0,,Chiapas,San Cristóbal de las Casas,,alto,-92.3702639268516,16.886120916988
2018.0,,Chiapas,San Cristóbal de las Casas,,alto,-92.3702639268516,16.886120916988
2018.0,,Chiapas,San Cristóbal de las Casas,,alto,-92.6499535232897,16.7289800692057
2018.0,,Chiapas,San Cristóbal de las Casas,,alto,-92.6499535232897,16.7289800692057
2018.0,,Chiapas,San Cristóbal de las Casas,,alto,-92.6499535232897,16.7289800692057
2018.0,,Chiapas,San Cristóbal de las Casas,,alto,-92.6499535232897,16.7289800692057
2018.0,,Chiapas,San Cristóbal de las Casas,,alto,-92.6499535232897,16.7289800692057
2018.0,,Chiapas,San Cristóbal de las Casas,,alto,-92.6499535232897,16.7289800692057
2018.0,,Chiapas,San Cristóbal de las Casas,,alto,-92.3702639268516,16.886120916988
2018.0,,Chiapas,San Cristóbal de las Casas,,alto,-92.3702639268516,16.886120916988
2018.0,,Chiapas,San Cristóbal de las Casas,,alto,-92.3702639268516,16.886120916988
2018.0,,Chiapas,San Cristóbal de las Casas,,alto,-92.3702639268516,16.886120916988
2018.0,,Chiapas,San Cristóbal de las Casas,,alto,-92.6499535232897,16.7289800692057
2018.0,,Chiapas,San Cristóbal de las Casas,,alto,-92.6499535232897,16.7289800692057
2018.0,,Chiapas,San Cristóbal de las Casas,,alto,-92.6499535232897,16.7289800692057
2018.0,,Chiapas,San Cristóbal de las Casas,,alto,-92.6499535232897,16.7289800692057
2018.0,,Chiapas,San Cristóbal de las Casas,,alto,-92.6499535232897,16.7289800692057
2018.0,,Chiapas,San Cristóbal de las Casas,,alto,-92.6499535232897,16.7289800692057
2018.0,,Chiapas,San Cristóbal de las Casas,,alto,-92.3702639268516,16.886120916988
2018.0,,Chiapas,San Cristóbal de las Casas,,alto,-92.3702639268516,16.886120916988
2018.0,,Chiapas,San Cristóbal de las Casas,,alto,-92.3702639268516,16.886120916988
2018.0,,Chiapas,San Cristóbal de las Casas,,alto,-92.3702639268516,16.886120916988
2018.0,,Chiapas,San Cristóbal de las Casas,,alto,-92.6499535232897,16.7289800692057
2018.0,,Chiapas,San Cristóbal de las Casas,,alto,-92.6499535232897,16.7289800692057
2018.0,,Chiapas,San Cristóbal de las Casas,,alto,-92.6499535232897,16.7289800692057
2018.0,,Chiapas,San Cristóbal de las Casas,,alto,-92.6499535232897,16.7289800692057
2018.0,,Chiapas,San Cristóbal de las Casas,,alto,-92.6499535232897,16.7289800692057
2018.0,,Chiapas,San Cristóbal de las Casas,,alto,-92.6499535232897,16.7289800692057
2018.0,,Chiapas,San Cristóbal de las Casas,,alto,-92.3702639268516,16.886120916988
2018.0,,Chiapas,San Cristóbal de las Casas,,alto,-92.3702639268516,16.886120916988
2018.0,,Chiapas,San Cristóbal de las Casas,,alto,-92.3702639268516,16.886120916988
2018.0,,Chiapas,San Cristóbal de las Casas,,alto,-92.3702639268516,16.886120916988
2018.0,,Chiapas,San Cristóbal de las Casas,,alto,-92.6499535232897,16.7289800692057
2018.0,,Chiapas,San Cristóbal de las Casas,,alto,-92.6499535232897,16.7289800692057
2018.0,,Chiapas,San Cristóbal de las Casas,,alto,-92.6499535232897,16.7289800692057
2018.0,,Chiapas,San Cristóbal de las Casas,,alto,-92.6499535232897,16.7289800692057
2018.0,,Chiapas,San Cristóbal de las Casas,,alto,-92.6499535232897,16.7289800692057
2018.0,,Chiapas,San Cristóbal de las Casas,,alto,-92.6499535232897,16.7289800692057
2018.0,,Chiapas,San Cristóbal de las Casas,,alto,-92.3702639268516,16.886120916988
2018.0,,Chiapas,San Cristóbal de las Casas,,alto,-92.3702639268516,16.886120916988
2018.0,,Chiapas,San Cristóbal de las Casas,,alto,-92.3702639268516,16.886120916988
2018.0,,Chiapas,San Cristóbal de las Casas,,alto,-92.3702639268516,16.886120916988
2018.0,,Chiapas,San Cristóbal de las Casas,,alto,-92.6499535232897,16.7289800692057
2018.0,,Chiapas,San Cristóbal de las Casas,,alto,-92.6499535232897,16.7289800692057
2018.0,,Chiapas,San Cristóbal de las Casas,,alto,-92.6499535232897,16.7289800692057
2018.0,,Chiapas,San Cristóbal de las Casas,,alto,-92.6499535232897,16.7289800692057
2018.0,,Chiapas,San Cristóbal de las Casas,,alto,-92.6499535232897,16.7289800692057
2018.0,,Chiapas,San Cristóbal de las Casas,,alto,-92.6499535232897,16.7289800692057
2018.0,,Chiapas,San Cristóbal de las Casas,,alto,-92.3702639268516,16.886120916988
2018.0,,Chiapas,San Cristóbal de las Casas,,alto,-92.3702639268516,16.886120916988
2018.0,,Chiapas,San Cristóbal de las Casas,,alto,-92.3702639268516,16.886120916988
2018.0,,Chiapas,San Cristóbal de las Casas,,alto,-92.3702639268516,16.886120916988
2018.0,,Chiapas,San Cristóbal de las Casas,,alto,-92.6499535232897,16.7289800692057
2018.0,,Chiapas,San Cristóbal de las Casas,,alto,-92.6499535232897,16.7289800692057
2018.0,,Chiapas,San Cristóbal de las Casas,,alto,-92.6499535232897,16.7289800692057
2018.0,,Chiapas,San Cristóbal de las Casas,,alto,-92.6499535232897,16.7289800692057
2018.0,,Chiapas,San Cristóbal de las Casas,,alto,-92.6499535232897,16.7289800692057
2018.0,,Chiapas,San Cristóbal de las Casas,,alto,-92.6499535232897,16.7289800692057
2018.0,,Chiapas,San Cristóbal de las Casas,,alto,-92.3702639268516,16.886120916988
2018.0,,Chiapas,San Cristóbal de las Casas,,alto,-92.3702639268516,16.886120916988
2018.0,,Chiapas,San Cristóbal de las Casas,,alto,-92.3702639268516,16.886120916988
2018.0,,Chiapas,San Cristóbal de las Casas,,alto,-92.3702639268516,16.886120916988
2018.0,,Chiapas,San Cristóbal de las Casas,,alto,-92.6499535232897,16.7289800692057
2018.0,,Chiapas,San Cristóbal de las Casas,,alto,-92.6499535232897,16.7289800692057
2018.0,,Chiapas,San Cristóbal de las Casas,,alto,-92.6499535232897,16.7289800692057
2018.0,,Chiapas,San Cristóbal de las Casas,,alto,-92.6499535232897,16.7289800692057
2018.0,,Chiapas,San Cristóbal de las Casas,,alto,-92.6499535232897,16.7289800692057
2018.0,,Chiapas,San Cristóbal de las Casas,,alto,-92.6499535232897,16.7289800692057
2018.0,,Chiapas,San Cristóbal de las Casas,,alto,-92.3702639268516,16.886120916988
2018.0,,Chiapas,San Cristóbal de las Casas,,alto,-92.3702639268516,16.886120916988
2018.0,,Chiapas,San Cristóbal de las Casas,,alto,-92.3702639268516,16.886120916988
2018.0,,Chiapas,San Cristóbal de las Casas,,alto,-92.3702639268516,16.886120916988
2018.0,,Chiapas,San Cristóbal de las Casas,,alto,-92.6499535232897,16.7289800692057
2018.0,,Chiapas,San Cristóbal de las Casas,,alto,-92.6499535232897,16.7289800692057
2018.0,,Chiapas,San Cristóbal de las Casas,,alto,-92.6499535232897,16.7289800692057
2018.0,,Chiapas,San Cristóbal de las Casas,,alto,-92.6499535232897,16.7289800692057
2018.0,,Chiapas,San Cristóbal de las Casas,,alto,-92.6499535232897,16.7289800692057
2018.0,,Chiapas,San Cristóbal de las Casas,,alto,-92.6499535232897,16.7289800692057
2018.0,,Chiapas,San Cristóbal de las Casas,,alto,-92.3702639268516,16.886120916988
2018.0,,Chiapas,San Cristóbal de las Casas,,alto,-92.3702639268516,16.886120916988
2018.0,,Chiapas,San Cristóbal de las Casas,,alto,-92.3702639268516,16.886120916988
2018.0,,Chiapas,San Cristóbal de las Casas,,alto,-92.3702639268516,16.886120916988
2018.0,,Chiapas,San Cristóbal de las Casas,,alto,-92.6499535232897,16.7289800692057
2018.0,,Chiapas,San Cristóbal de las Casas,,alto,-92.6499535232897,16.7289800692057
2018.0,,Chiapas,San Cristóbal de las Casas,,alto,-92.6499535232897,16.7289800692057
2018.0,,Chiapas,San Cristóbal de las Casas,,alto,-92.6499535232897,16.7289800692057
2018.0,,Chiapas,San Cristóbal de las Casas,,alto,-92.6499535232897,16.7289800692057
2018.0,,Chiapas,San Cristóbal de las Casas,,alto,-92.6499535232897,16.7289800692057
2018.0,,Chiapas,San Cristóbal de las Casas,,alto,-92.3702639268516,16.886120916988
2018.0,,Chiapas,San Cristóbal de las Casas,,alto,-92.3702639268516,16.886120916988
2018.0,,Chiapas,San Cristóbal de las Casas,,alto,-92.3702639268516,16.886120916988
2018.0,,Chiapas,San Cristóbal de las Casas,,alto,-92.3702639268516,16.886120916988
2018.0,,Chiapas,San Cristóbal de las Casas,,alto,-92.6499535232897,16.7289800692057
2018.0,,Chiapas,San Cristóbal de las Casas,,alto,-92.6499535232897,16.7289800692057
2018.0,,Chiapas,San Cristóbal de las Casas,,alto,-92.6499535232897,16.7289800692057
2018.0,,Chiapas,San Cristóbal de las Casas,,alto,-92.6499535232897,16.7289800692057
2018.0,,Chiapas,San Cristóbal de las Casas,,alto,-92.6499535232897,16.7289800692057
2018.0,,Chiapas,San Cristóbal de las Casas,,alto,-92.6499535232897,16.7289800692057
2018.0,,Chiapas,San Cristóbal de las Casas,,alto,-92.3702639268516,16.886120916988
2018.0,,Chiapas,San Cristóbal de las Casas,,alto,-92.3702639268516,16.886120916988
2018.0,,Chiapas,San Cristóbal de las Casas,,alto,-92.3702639268516,16.886120916988
2018.0,,Chiapas,San Cristóbal de las Casas,,alto,-92.3702639268516,16.886120916988
2018.0,,Chiapas,San Cristóbal de las Casas,,alto,-92.6499535232897,16.7289800692057
2018.0,,Chiapas,San Cristóbal de las Casas,,alto,-92.6499535232897,16.7289800692057
2018.0,,Chiapas,San Cristóbal de las Casas,,alto,-92.6499535232897,16.7289800692057
2018.0,,Chiapas,San Cristóbal de las Casas,,alto,-92.6499535232897,16.7289800692057
2018.0,,Chiapas,San Cristóbal de las Casas,,alto,-92.6499535232897,16.7289800692057
2018.0,,Chiapas,San Cristóbal de las Casas,,alto,-92.6499535232897,16.7289800692057
2018.0,,Chiapas,San Cristóbal de las Casas,,alto,-92.3702639268516,16.886120916988
2018.0,,Chiapas,San Cristóbal de las Casas,,alto,-92.3702639268516,16.886120916988
2018.0,,Chiapas,San Cristóbal de las Casas,,alto,-92.3702639268516,16.886120916988
2018.0,,Chiapas,San Cristóbal de las Casas,,alto,-92.3702639268516,16.886120916988
2018.0,,Chiapas,San Cristóbal de las Casas,,alto,-92.6499535232897,16.7289800692057
2018.0,,Chiapas,San Cristóbal de las Casas,,alto,-92.6499535232897,16.7289800692057
2018.0,,Chiapas,San Cristóbal de las Casas,,alto,-92.6499535232897,16.7289800692057
2018.0,,Chiapas,San Cristóbal de las Casas,,alto,-92.6499535232897,16.7289800692057
2018.0,,Chiapas,San Cristóbal de las Casas,,alto,-92.6499535232897,16.7289800692057
2018.0,,Chiapas,San Cristóbal de las Casas,,alto,-92.6499535232897,16.7289800692057
2018.0,,Chiapas,San Cristóbal de las Casas,,alto,-92.3702639268516,16.886120916988
2018.0,,Chiapas,San Cristóbal de las Casas,,alto,-92.3702639268516,16.886120916988
2018.0,,Chiapas,San Cristóbal de las Casas,,alto,-92.3702639268516,16.886120916988
2018.0,,Chiapas,San Cristóbal de las Casas,,alto,-92.3702639268516,16.886120916988
2018.0,,Chiapas,San Cristóbal de las Casas,,alto,-92.6499535232897,16.7289800692057
2018.0,,Chiapas,San Cristóbal de las Casas,,alto,-92.6499535232897,16.7289800692057
2018.0,,Chiapas,San Cristóbal de las Casas,,alto,-92.6499535232897,16.7289800692057
2018.0,,Chiapas,San Cristóbal de las Casas,,alto,-92.6499535232897,16.7289800692057
2018.0,,Chiapas,San Cristóbal de las Casas,,alto,-92.6499535232897,16.7289800692057
2018.0,,Chiapas,San Cristóbal de las Casas,,alto,-92.6499535232897,16.7289800692057
2018.0,,Chiapas,San Cristóbal de las Casas,,alto,-92.3702639268516,16.886120916988
2018.0,,Chiapas,San Cristóbal de las Casas,,alto,-92.3702639268516,16.886120916988
2018.0,,Chiapas,San Cristóbal de las Casas,,alto,-92.3702639268516,16.886120916988
2018.0,,Chiapas,San Cristóbal de las Casas,,alto,-92.3702639268516,16.886120916988
2018.0,,Chiapas,San Cristóbal de las Casas,,alto,-92.6499535232897,16.7289800692057
2018.0,,Chiapas,San Cristóbal de las Casas,,alto,-92.6499535232897,16.7289800692057
2018.0,,Chiapas,San Cristóbal de las Casas,,alto,-92.6499535232897,16.7289800692057
2018.0,,Chiapas,San Cristóbal de las Casas,,alto,-92.6499535232897,16.7289800692057
2018.0,,Chiapas,San Cristóbal de las Casas,,alto,-92.6499535232897,16.7289800692057
2018.0,,Chiapas,San Cristóbal de las Casas,,alto,-92.6499535232897,16.7289800692057
2018.0,,Chiapas,San Cristóbal de las Casas,,alto,-92.3702639268516,16.886120916988
2018.0,,Chiapas,San Cristóbal de las Casas,,alto,-92.3702639268516,16.886120916988
2018.0,,Chiapas,San Cristóbal de las Casas,,alto,-92.3702639268516,16.886120916988
2018.0,,Chiapas,San Cristóbal de las Casas,,alto,-92.3702639268516,16.886120916988
2018.0,,Chiapas,San Cristóbal de las Casas,,alto,-92.6499535232897,16.7289800692057
2018.0,,Chiapas,San Cristóbal de las Casas,,alto,-92.6499535232897,16.7289800692057
2018.0,,Chiapas,San Cristóbal de las Casas,,alto,-92.6499535232897,16.7289800692057
2018.0,,Chiapas,San Cristóbal de las Casas,,alto,-92.6499535232897,16.7289800692057
2018.0,,Chiapas,San Cristóbal de las Casas,,alto,-92.6499535232897,16.7289800692057
2018.0,,Chiapas,San Cristóbal de las Casas,,alto,-92.6499535232897,16.7289800692057
2018.0,,Chiapas,San Cristóbal de las Casas,,alto,-92.3702639268516,16.886120916988
2018.0,,Chiapas,San Cristóbal de las Casas,,alto,-92.3702639268516,16.886120916988
2018.0,,Chiapas,San Cristóbal de las Casas,,alto,-92.3702639268516,16.886120916988
2018.0,,Chiapas,San Cristóbal de las Casas,,alto,-92.3702639268516,16.886120916988
2018.0,,Chiapas,San Cristóbal de las Casas,,alto,-92.6499535232897,16.7289800692057
2018.0,,Chiapas,San Cristóbal de las Casas,,alto,-92.6499535232897,16.7289800692057
2018.0,,Chiapas,San Cristóbal de las Casas,,alto,-92.6499535232897,16.7289800692057
2018.0,,Chiapas,San Cristóbal de las Casas,,alto,-92.6499535232897,16.7289800692057
2018.0,,Chiapas,San Cristóbal de las Casas,,alto,-92.6499535232897,16.7289800692057
2018.0,,Chiapas,San Cristóbal de las Casas,,alto,-92.6499535232897,16.7289800692057
2018.0,,Chiapas,San Cristóbal de las Casas,,alto,-92.3702639268516,16.886120916988
2018.0,,Chiapas,San Cristóbal de las Casas,,alto,-92.3702639268516,16.886120916988
2018.0,,Chiapas,San Cristóbal de las Casas,,alto,-92.3702639268516,16.886120916988
2018.0,,Chiapas,San Cristóbal de las Casas,,alto,-92.3702639268516,16.886120916988
2018.0,,Chiapas,San Cristóbal de las Casas,,alto,-92.6499535232897,16.7289800692057
2018.0,,Chiapas,San Cristóbal de las Casas,,alto,-92.6499535232897,16.7289800692057
2018.0,,Chiapas,San Cristóbal de las Casas,,alto,-92.6499535232897,16.7289800692057
2018.0,,Chiapas,San Cristóbal de las Casas,,alto,-92.6499535232897,16.7289800692057
2018.0,,Chiapas,San Cristóbal de las Casas,,alto,-92.6499535232897,16.7289800692057
2018.0,,Chiapas,San Cristóbal de las Casas,,alto,-92.6499535232897,16.7289800692057
2018.0,,Chiapas,San Cristóbal de las Casas,,alto,-92.3702639268516,16.886120916988
2018.0,,Chiapas,San Cristóbal de las Casas,,alto,-92.3702639268516,16.886120916988
2018.0,,Chiapas,San Cristóbal de las Casas,,alto,-92.3702639268516,16.886120916988
2018.0,,Chiapas,San Cristóbal de las Casas,,alto,-92.3702639268516,16.886120916988
2018.0,,Chiapas,San Cristóbal de las Casas,,alto,-92.6499535232897,16.7289800692057
2018.0,,Chiapas,San Cristóbal de las Casas,,alto,-92.6499535232897,16.7289800692057
2018.0,,Chiapas,San Cristóbal de las Casas,,alto,-92.6499535232897,16.7289800692057
2018.0,,Chiapas,San Cristóbal de las Casas,,alto,-92.6499535232897,16.7289800692057
2018.0,,Chiapas,San Cristóbal de las Casas,,alto,-92.6499535232897,16.7289800692057
2018.0,,Chiapas,San Cristóbal de las Casas,,alto,-92.6499535232897,16.7289800692057
2018.0,,Chiapas,San Cristóbal de las Casas,,alto,-92.3702639268516,16.886120916988
2018.0,,Chiapas,San Cristóbal de las Casas,,alto,-92.3702639268516,16.886120916988
2018.0,,Chiapas,San Cristóbal de las Casas,,alto,-92.3702639268516,16.886120916988
2018.0,,Chiapas,San Cristóbal de las Casas,,alto,-92.3702639268516,16.886120916988
2018.0,,Chiapas,San Cristóbal de las Casas,,alto,-92.6499535232897,16.7289800692057
2018.0,,Chiapas,San Cristóbal de las Casas,,alto,-92.6499535232897,16.7289800692057
2018.0,,Chiapas,San Cristóbal de las Casas,,alto,-92.6499535232897,16.7289800692057
2018.0,,Chiapas,San Cristóbal de las Casas,,alto,-92.6499535232897,16.7289800692057
2018.0,,Chiapas,San Cristóbal de las Casas,,alto,-92.6499535232897,16.7289800692057
2018.0,,Chiapas,San Cristóbal de las Casas,,alto,-92.6499535232897,16.7289800692057
2018.0,,Chiapas,San Cristóbal de las Casas,,alto,-92.3702639268516,16.886120916988
2018.0,,Chiapas,San Cristóbal de las Casas,,alto,-92.3702639268516,16.886120916988
2018.0,,Chiapas,San Cristóbal de las Casas,,alto,-92.3702639268516,16.886120916988
2018.0,,Chiapas,San Cristóbal de las Casas,,alto,-92.6499535232897,16.7289800692057
2018.0,,Chiapas,San Cristóbal de las Casas,,alto,-92.6499535232897,16.7289800692057
2018.0,,Chiapas,San Cristóbal de las Casas,,alto,-92.6499535232897,16.7289800692057
2018.0,,Chiapas,San Cristóbal de las Casas,,alto,-92.6499535232897,16.7289800692057
2018.0,,Chiapas,San Cristóbal de las Casas,,alto,-92.6499535232897,16.7289800692057
2018.0,,Chiapas,San Cristóbal de las Casas,,alto,-92.6499535232897,16.7289800692057
2018.0,,Chiapas,San Cristóbal de las Casas,,alto,-92.3702639268516,16.886120916988
2018.0,,Chiapas,San Cristóbal de las Casas,,alto,-92.3702639268516,16.886120916988
2018.0,,Chiapas,San Cristóbal de las Casas,,alto,-92.3702639268516,16.886120916988
2018.0,,Chiapas,San Cristóbal de las Casas,,alto,-92.3702639268516,16.886120916988
2018.0,,Chiapas,San Cristóbal de las Casas,,alto,-92.3702639268516,16.886120916988
2018.0,,Chiapas,San Cristóbal de las Casas,,alto,-92.6499535232897,16.7289800692057
2018.0,,Chiapas,San Cristóbal de las Casas,,alto,-92.6499535232897,16.7289800692057
2018.0,,Chiapas,San Cristóbal de las Casas,,alto,-92.6499535232897,16.7289800692057
2018.0,,Chiapas,San Cristóbal de las Casas,,alto,-92.6499535232897,16.7289800692057
2018.0,,Chiapas,San Cristóbal de las Casas,,alto,-92.6499535232897,16.7289800692057
2018.0,,Chiapas,San Cristóbal de las Casas,,alto,-92.6499535232897,16.7289800692057
2018.0,,Chiapas,San Cristóbal de las Casas,,alto,-92.3702639268516,16.886120916988
2018.0,,Chiapas,San Cristóbal de las Casas,,alto,-92.3702639268516,16.886120916988
2018.0,,Chiapas,San Cristóbal de las Casas,,alto,-92.3702639268516,16.886120916988
2018.0,,Chiapas,San Cristóbal de las Casas,,alto,-92.3702639268516,16.886120916988
2018.0,,Chiapas,San Cristóbal de las Casas,,alto,-92.6499535232897,16.7289800692057
2018.0,,Chiapas,San Cristóbal de las Casas,,alto,-92.6499535232897,16.7289800692057
2018.0,,Chiapas,San Cristóbal de las Casas,,alto,-92.6499535232897,16.7289800692057
2018.0,,Chiapas,San Cristóbal de las Casas,,alto,-92.6499535232897,16.7289800692057
2018.0,,Chiapas,San Cristóbal de las Casas,,alto,-92.6499535232897,16.7289800692057
2018.0,,Chiapas,San Cristóbal de las Casas,,alto,-92.6499535232897,16.7289800692057
2018.0,,Chiapas,San Cristóbal de las Casas,,alto,-92.3702639268516,16.886120916988
2018.0,,Chiapas,San Cristóbal de las Casas,,alto,-92.3702639268516,16.886120916988
2018.0,,Chiapas,San Cristóbal de las Casas,,alto,-92.3702639268516,16.886120916988
2018.0,,Chiapas,San Cristóbal de las Casas,,alto,-92.3702639268516,16.886120916988
2018.0,,Chiapas,San Cristóbal de las Casas,,alto,-92.6499535232897,16.7289800692057
2018.0,,Chiapas,San Cristóbal de las Casas,,alto,-92.6499535232897,16.7289800692057
2018.0,,Chiapas,San Cristóbal de las Casas,,alto,-92.6499535232897,16.7289800692057
2018.0,,Chiapas,San Cristóbal de las Casas,,alto,-92.6499535232897,16.7289800692057
2018.0,,Chiapas,San Cristóbal de las Casas,,alto,-92.6499535232897,16.7289800692057
2018.0,,Chiapas,San Cristóbal de las Casas,,alto,-92.6499535232897,16.7289800692057
2018.0,,Chiapas,San Cristóbal de las Casas,,alto,-92.3702639268516,16.886120916988
2018.0,,Chiapas,San Cristóbal de las Casas,,alto,-92.3702639268516,16.886120916988
2018.0,,Chiapas,San Cristóbal de las Casas,,alto,-92.3702639268516,16.886120916988
2018.0,,Chiapas,San Cristóbal de las Casas,,alto,-92.3702639268516,16.886120916988
2018.0,,Chiapas,San Cristóbal de las Casas,,alto,-92.6499535232897,16.7289800692057
2018.0,,Chiapas,San Cristóbal de las Casas,,alto,-92.6499535232897,16.7289800692057
2018.0,,Chiapas,San Cristóbal de las Casas,,alto,-92.6499535232897,16.7289800692057
2018.0,,Chiapas,San Cristóbal de las Casas,,alto,-92.6499535232897,16.7289800692057
2018.0,,Chiapas,San Cristóbal de las Casas,,alto,-92.6499535232897,16.7289800692057
2018.0,,Chiapas,San Cristóbal de las Casas,,alto,-92.6499535232897,16.7289800692057
2018.0,,Chiapas,San Cristóbal de las Casas,,alto,-92.3702639268516,16.886120916988
2018.0,,Chiapas,San Cristóbal de las Casas,,alto,-92.3702639268516,16.886120916988
2018.0,,Chiapas,San Cristóbal de las Casas,,alto,-92.3702639268516,16.886120916988
2018.0,,Chiapas,San Cristóbal de las Casas,,alto,-92.3702639268516,16.886120916988
2018.0,,Chiapas,San Cristóbal de las Casas,,alto,-92.6499535232897,16.7289800692057
2018.0,,Chiapas,San Cristóbal de las Casas,,alto,-92.6499535232897,16.7289800692057
2018.0,,Chiapas,San Cristóbal de las Casas,,alto,-92.6499535232897,16.7289800692057
2018.0,,Chiapas,San Cristóbal de las Casas,,alto,-92.6499535232897,16.7289800692057
2018.0,,Chiapas,San Cristóbal de las Casas,,alto,-92.6499535232897,16.7289800692057
2018.0,,Chiapas,San Cristóbal de las Casas,,alto,-92.6499535232897,16.7289800692057
2018.0,,Chiapas,San Cristóbal de las Casas,,alto,-92.3702639268516,16.886120916988
2018.0,,Chiapas,San Cristóbal de las Casas,,alto,-92.3702639268516,16.886120916988
2018.0,,Chiapas,San Cristóbal de las Casas,,alto,-92.3702639268516,16.886120916988
2018.0,,Chiapas,San Cristóbal de las Casas,,alto,-92.3702639268516,16.886120916988
2018.0,,Chiapas,San Cristóbal de las Casas,,alto,-92.6499535232897,16.7289800692057
2018.0,,Chiapas,San Cristóbal de las Casas,,alto,-92.6499535232897,16.7289800692057
2018.0,,Chiapas,San Cristóbal de las Casas,,alto,-92.6499535232897,16.7289800692057
2018.0,,Chiapas,San Cristóbal de las Casas,,alto,-92.6499535232897,16.7289800692057
2018.0,,Chiapas,San Cristóbal de las Casas,,alto,-92.6499535232897,16.7289800692057
2018.0,,Chiapas,San Cristóbal de las Casas,,alto,-92.6499535232897,16.7289800692057
2018.0,,Chiapas,San Cristóbal de las Casas,,alto,-92.3702639268516,16.886120916988
2018.0,,Chiapas,San Cristóbal de las Casas,,alto,-92.3702639268516,16.886120916988
2018.0,,Chiapas,San Cristóbal de las Casas,,alto,-92.3702639268516,16.886120916988
2018.0,,Chiapas,San Cristóbal de las Casas,,alto,-92.3702639268516,16.886120916988
2018.0,,Chiapas,San Cristóbal de las Casas,,alto,-92.3702639268516,16.886120916988
2018.0,,Chiapas,San Cristóbal de las Casas,,alto,-92.3702639268516,16.886120916988
2018.0,,Chiapas,San Cristóbal de las Casas,,alto,-92.3702639268516,16.886120916988
2018.0,,Chiapas,San Cristóbal de las Casas,,alto,-92.3702639268516,16.886120916988
2018.0,,Chiapas,San Cristóbal de las Casas,,alto,-92.6499535232897,16.7289800692057
2018.0,,Chiapas,San Cristóbal de las Casas,,alto,-92.6499535232897,16.7289800692057
2018.0,,Chiapas,San Cristóbal de las Casas,,alto,-92.6499535232897,16.7289800692057
2018.0,,Chiapas,San Cristóbal de las Casas,,alto,-92.6499535232897,16.7289800692057
2018.0,,Chiapas,San Cristóbal de las Casas,,alto,-92.6499535232897,16.7289800692057
2018.0,,Chiapas,San Cristóbal de las Casas,,alto,-92.6499535232897,16.7289800692057
2018.0,,Chiapas,San Cristóbal de las Casas,,alto,-92.6499535232897,16.7289800692057
2018.0,,Chiapas,San Cristóbal de las Casas,,alto,-92.6499535232897,16.7289800692057
2018.0,,Chiapas,San Cristóbal de las Casas,,alto,-92.6499535232897,16.7289800692057
2018.0,,Chiapas,San Cristóbal de las Casas,,alto,-92.6499535232897,16.7289800692057
2018.0,,Chiapas,San Cristóbal de las Casas,,alto,-92.6499535232897,16.7289800692057
2018.0,,Chiapas,San Cristóbal de las Casas,,alto,-92.6499535232897,16.7289800692057
2018.0,,Chiapas,San Cristóbal de las Casas,,alto,-92.3702639268516,16.886120916988
2018.0,,Chiapas,San Cristóbal de las Casas,,alto,-92.3702639268516,16.886120916988
2018.0,,Chiapas,San Cristóbal de las Casas,,alto,-92.3702639268516,16.886120916988
2018.0,,Chiapas,San Cristóbal de las Casas,,alto,-92.3702639268516,16.886120916988
2018.0,,Chiapas,San Cristóbal de las Casas,,alto,-92.6499535232897,16.7289800692057
2018.0,,Chiapas,San Cristóbal de las Casas,,alto,-92.6499535232897,16.7289800692057
2018.0,,Chiapas,San Cristóbal de las Casas,,alto,-92.6499535232897,16.7289800692057
2018.0,,Chiapas,San Cristóbal de las Casas,,alto,-92.6499535232897,16.7289800692057
2018.0,,Chiapas,San Cristóbal de las Casas,,alto,-92.6499535232897,16.7289800692057
2018.0,,Chiapas,San Cristóbal de las Casas,,alto,-92.6499535232897,16.7289800692057
2018.0,,Chiapas,San Cristóbal de las Casas,,alto,-92.3702639268516,16.886120916988
2018.0,,Chiapas,San Cristóbal de las Casas,,alto,-92.3702639268516,16.886120916988
2018.0,,Chiapas,San Cristóbal de las Casas,,alto,-92.3702639268516,16.886120916988
2018.0,,Chiapas,San Cristóbal de las Casas,,alto,-92.3702639268516,16.886120916988
2018.0,,Chiapas,San Cristóbal de las Casas,,alto,-92.6499535232897,16.7289800692057
2018.0,,Chiapas,San Cristóbal de las Casas,,alto,-92.6499535232897,16.7289800692057
2018.0,,Chiapas,San Cristóbal de las Casas,,alto,-92.6499535232897,16.7289800692057
2018.0,,Chiapas,San Cristóbal de las Casas,,alto,-92.6499535232897,16.7289800692057
2018.0,,Chiapas,San Cristóbal de las Casas,,alto,-92.6499535232897,16.7289800692057
2018.0,,Chiapas,San Cristóbal de las Casas,,alto,-92.6499535232897,16.7289800692057
2018.0,,Chiapas,San Cristóbal de las Casas,,alto,-92.3702639268516,16.886120916988
2018.0,,Chiapas,San Cristóbal de las Casas,,alto,-92.3702639268516,16.886120916988
2018.0,,Chiapas,San Cristóbal de las Casas,,alto,-92.3702639268516,16.886120916988
2018.0,,Chiapas,San Cristóbal de las Casas,,alto,-92.3702639268516,16.886120916988
2018.0,,Chiapas,San Cristóbal de las Casas,,alto,-92.6499535232897,16.7289800692057
2018.0,,Chiapas,San Cristóbal de las Casas,,alto,-92.6499535232897,16.7289800692057
2018.0,,Chiapas,San Cristóbal de las Casas,,alto,-92.6499535232897,16.7289800692057
2018.0,,Chiapas,San Cristóbal de las Casas,,alto,-92.6499535232897,16.7289800692057
2018.0,,Chiapas,San Cristóbal de las Casas,,alto,-92.6499535232897,16.7289800692057
2018.0,,Chiapas,San Cristóbal de las Casas,,alto,-92.6499535232897,16.7289800692057
2018.0,,Chiapas,San Cristóbal de las Casas,,alto,-92.3702639268516,16.886120916988
2018.0,,Chiapas,San Cristóbal de las Casas,,alto,-92.3702639268516,16.886120916988
2018.0,,Chiapas,San Cristóbal de las Casas,,alto,-92.3702639268516,16.886120916988
2018.0,,Chiapas,San Cristóbal de las Casas,,alto,-92.3702639268516,16.886120916988
2018.0,,Chiapas,San Cristóbal de las Casas,,alto,-92.6499535232897,16.7289800692057
2018.0,,Chiapas,San Cristóbal de las Casas,,alto,-92.6499535232897,16.7289800692057
2018.0,,Chiapas,San Cristóbal de las Casas,,alto,-92.6499535232897,16.7289800692057
2018.0,,Chiapas,San Cristóbal de las Casas,,alto,-92.6499535232897,16.7289800692057
2018.0,,Chiapas,San Cristóbal de las Casas,,alto,-92.6499535232897,16.7289800692057
2018.0,,Chiapas,San Cristóbal de las Casas,,alto,-92.6499535232897,16.7289800692057
2018.0,,Chiapas,San Cristóbal de las Casas,,alto,-92.3702639268516,16.886120916988
2018.0,,Chiapas,San Cristóbal de las Casas,,alto,-92.3702639268516,16.886120916988
2018.0,,Chiapas,San Cristóbal de las Casas,,alto,-92.3702639268516,16.886120916988
2018.0,,Chiapas,San Cristóbal de las Casas,,alto,-92.3702639268516,16.886120916988
2018.0,,Chiapas,San Cristóbal de las Casas,,alto,-92.6499535232897,16.7289800692057
2018.0,,Chiapas,San Cristóbal de las Casas,,alto,-92.6499535232897,16.7289800692057
2018.0,,Chiapas,San Cristóbal de las Casas,,alto,-92.6499535232897,16.7289800692057
2018.0,,Chiapas,San Cristóbal de las Casas,,alto,-92.6499535232897,16.7289800692057
2018.0,,Chiapas,San Cristóbal de las Casas,,alto,-92.6499535232897,16.7289800692057
2018.0,,Chiapas,San Cristóbal de las Casas,,alto,-92.6499535232897,16.7289800692057
2018.0,,Chiapas,San Cristóbal de las Casas,,alto,-92.3702639268516,16.886120916988
2018.0,,Chiapas,San Cristóbal de las Casas,,alto,-92.3702639268516,16.886120916988
2018.0,,Chiapas,San Cristóbal de las Casas,,alto,-92.3702639268516,16.886120916988
2018.0,,Chiapas,San Cristóbal de las Casas,,alto,-92.3702639268516,16.886120916988
2018.0,,Chiapas,San Cristóbal de las Casas,,alto,-92.6499535232897,16.7289800692057
2018.0,,Chiapas,San Cristóbal de las Casas,,alto,-92.6499535232897,16.7289800692057
2018.0,,Chiapas,San Cristóbal de las Casas,,alto,-92.6499535232897,16.7289800692057
2018.0,,Chiapas,San Cristóbal de las Casas,,alto,-92.6499535232897,16.7289800692057
2018.0,,Chiapas,San Cristóbal de las Casas,,alto,-92.6499535232897,16.7289800692057
2018.0,,Chiapas,San Cristóbal de las Casas,,alto,-92.6499535232897,16.7289800692057
2018.0,,Chiapas,San Cristóbal de las Casas,,alto,-92.3702639268516,16.886120916988
2018.0,,Chiapas,San Cristóbal de las Casas,,alto,-92.3702639268516,16.886120916988
2018.0,,Chiapas,San Cristóbal de las Casas,,alto,-92.3702639268516,16.886120916988
2018.0,,Chiapas,San Cristóbal de las Casas,,alto,-92.3702639268516,16.886120916988
2018.0,,Chiapas,San Cristóbal de las Casas,,alto,-92.6499535232897,16.7289800692057
2018.0,,Chiapas,San Cristóbal de las Casas,,alto,-92.6499535232897,16.7289800692057
2018.0,,Chiapas,San Cristóbal de las Casas,,alto,-92.6499535232897,16.7289800692057
2018.0,,Chiapas,San Cristóbal de las Casas,,alto,-92.6499535232897,16.7289800692057
2018.0,,Chiapas,San Cristóbal de las Casas,,alto,-92.6499535232897,16.7289800692057
2018.0,,Chiapas,San Cristóbal de las Casas,,alto,-92.6499535232897,16.7289800692057
2018.0,,Chiapas,San Cristóbal de las Casas,,alto,-92.3702639268516,16.886120916988
2018.0,,Chiapas,San Cristóbal de las Casas,,alto,-92.3702639268516,16.886120916988
2018.0,,Chiapas,San Cristóbal de las Casas,,alto,-92.3702639268516,16.886120916988
2018.0,,Chiapas,San Cristóbal de las Casas,,alto,-92.3702639268516,16.886120916988
2018.0,,Chiapas,San Cristóbal de las Casas,,alto,-92.6499535232897,16.7289800692057
2018.0,,Chiapas,San Cristóbal de las Casas,,alto,-92.6499535232897,16.7289800692057
2018.0,,Chiapas,San Cristóbal de las Casas,,alto,-92.6499535232897,16.7289800692057
2018.0,,Chiapas,San Cristóbal de las Casas,,alto,-92.6499535232897,16.7289800692057
2018.0,,Chiapas,San Cristóbal de las Casas,,alto,-92.6499535232897,16.7289800692057
2018.0,,Chiapas,San Cristóbal de las Casas,,alto,-92.6499535232897,16.7289800692057
2018.0,,Chiapas,San Cristóbal de las Casas,,alto,-92.3702639268516,16.886120916988
2018.0,,Chiapas,San Cristóbal de las Casas,,alto,-92.3702639268516,16.886120916988
2018.0,,Chiapas,San Cristóbal de las Casas,,alto,-92.3702639268516,16.886120916988
2018.0,,Chiapas,San Cristóbal de las Casas,,alto,-92.6499535232897,16.7289800692057
2018.0,,Chiapas,San Cristóbal de las Casas,,alto,-92.6499535232897,16.7289800692057
2018.0,,Chiapas,San Cristóbal de las Casas,,alto,-92.6499535232897,16.7289800692057
2018.0,,Chiapas,San Cristóbal de las Casas,,alto,-92.6499535232897,16.7289800692057
2018.0,,Chiapas,San Cristóbal de las Casas,,alto,-92.6499535232897,16.7289800692057
2018.0,,Chiapas,San Cristóbal de las Casas,,alto,-92.6499535232897,16.7289800692057
2018.0,,Chiapas,San Cristóbal de las Casas,,alto,-92.3702639268516,16.886120916988
2018.0,,Chiapas,San Cristóbal de las Casas,,alto,-92.3702639268516,16.886120916988
2018.0,,Chiapas,San Cristóbal de las Casas,,alto,-92.3702639268516,16.886120916988
2018.0,,Chiapas,San Cristóbal de las Casas,,alto,-92.3702639268516,16.886120916988
2018.0,,Chiapas,San Cristóbal de las Casas,,alto,-92.3702639268516,16.886120916988
2018.0,,Chiapas,San Cristóbal de las Casas,,alto,-92.6499535232897,16.7289800692057
2018.0,,Chiapas,San Cristóbal de las Casas,,alto,-92.6499535232897,16.7289800692057
2018.0,,Chiapas,San Cristóbal de las Casas,,alto,-92.6499535232897,16.7289800692057
2018.0,,Chiapas,San Cristóbal de las Casas,,alto,-92.6499535232897,16.7289800692057
2018.0,,Chiapas,San Cristóbal de las Casas,,alto,-92.6499535232897,16.7289800692057
2018.0,,Chiapas,San Cristóbal de las Casas,,alto,-92.6499535232897,16.7289800692057
2018.0,,Chiapas,San Cristóbal de las Casas,,alto,-92.3702639268516,16.886120916988
2018.0,,Chiapas,San Cristóbal de las Casas,,alto,-92.3702639268516,16.886120916988
2018.0,,Chiapas,San Cristóbal de las Casas,,alto,-92.3702639268516,16.886120916988
2018.0,,Chiapas,San Cristóbal de las Casas,,alto,-92.3702639268516,16.886120916988
2018.0,,Chiapas,San Cristóbal de las Casas,,alto,-92.6499535232897,16.7289800692057
2018.0,,Chiapas,San Cristóbal de las Casas,,alto,-92.6499535232897,16.7289800692057
2018.0,,Chiapas,San Cristóbal de las Casas,,alto,-92.6499535232897,16.7289800692057
2018.0,,Chiapas,San Cristóbal de las Casas,,alto,-92.6499535232897,16.7289800692057
2018.0,,Chiapas,San Cristóbal de las Casas,,alto,-92.6499535232897,16.7289800692057
2018.0,,Chiapas,San Cristóbal de las Casas,,alto,-92.6499535232897,16.7289800692057
2018.0,,Chiapas,San Cristóbal de las Casas,,alto,-92.3702639268516,16.886120916988
2018.0,,Chiapas,San Cristóbal de las Casas,,alto,-92.3702639268516,16.886120916988
2018.0,,Chiapas,San Cristóbal de las Casas,,alto,-92.3702639268516,16.886120916988
2018.0,,Chiapas,San Cristóbal de las Casas,,alto,-92.3702639268516,16.886120916988
2018.0,,Chiapas,San Cristóbal de las Casas,,alto,-92.6499535232897,16.7289800692057
2018.0,,Chiapas,San Cristóbal de las Casas,,alto,-92.6499535232897,16.7289800692057
2018.0,,Chiapas,San Cristóbal de las Casas,,alto,-92.6499535232897,16.7289800692057
2018.0,,Chiapas,San Cristóbal de las Casas,,alto,-92.6499535232897,16.7289800692057
2018.0,,Chiapas,San Cristóbal de las Casas,,alto,-92.6499535232897,16.7289800692057
2018.0,,Chiapas,San Cristóbal de las Casas,,alto,-92.6499535232897,16.7289800692057
2018.0,,Chiapas,San Cristóbal de las Casas,,alto,-92.3702639268516,16.886120916988
2018.0,,Chiapas,San Cristóbal de las Casas,,alto,-92.3702639268516,16.886120916988
2018.0,,Chiapas,San Cristóbal de las Casas,,alto,-92.3702639268516,16.886120916988
2018.0,,Chiapas,San Cristóbal de las Casas,,alto,-92.3702639268516,16.886120916988
2018.0,,Chiapas,San Cristóbal de las Casas,,alto,-92.6499535232897,16.7289800692057
2018.0,,Chiapas,San Cristóbal de las Casas,,alto,-92.6499535232897,16.7289800692057
2018.0,,Chiapas,San Cristóbal de las Casas,,alto,-92.6499535232897,16.7289800692057
2018.0,,Chiapas,San Cristóbal de las Casas,,alto,-92.6499535232897,16.7289800692057
2018.0,,Chiapas,San Cristóbal de las Casas,,alto,-92.6499535232897,16.7289800692057
2018.0,,Chiapas,San Cristóbal de las Casas,,alto,-92.6499535232897,16.7289800692057
2018.0,,Chiapas,San Cristóbal de las Casas,,alto,-92.3702639268516,16.886120916988
2018.0,,Chiapas,San Cristóbal de las Casas,,alto,-92.3702639268516,16.886120916988
2018.0,,Chiapas,San Cristóbal de las Casas,,alto,-92.3702639268516,16.886120916988
2018.0,,Chiapas,San Cristóbal de las Casas,,alto,-92.3702639268516,16.886120916988
2018.0,,Chiapas,San Cristóbal de las Casas,,alto,-92.6499535232897,16.7289800692057
2018.0,,Chiapas,San Cristóbal de las Casas,,alto,-92.6499535232897,16.7289800692057
2018.0,,Chiapas,San Cristóbal de las Casas,,alto,-92.6499535232897,16.7289800692057
2018.0,,Chiapas,San Cristóbal de las Casas,,alto,-92.6499535232897,16.7289800692057
2018.0,,Chiapas,San Cristóbal de las Casas,,alto,-92.6499535232897,16.7289800692057
2018.0,,Chiapas,San Cristóbal de las Casas,,alto,-92.6499535232897,16.7289800692057
2018.0,,Chiapas,San Cristóbal de las Casas,,alto,-92.3702639268516,16.886120916988
2018.0,,Chiapas,San Cristóbal de las Casas,,alto,-92.3702639268516,16.886120916988
2018.0,,Chiapas,San Cristóbal de las Casas,,alto,-92.3702639268516,16.886120916988
2018.0,,Chiapas,San Cristóbal de las Casas,,alto,-92.3702639268516,16.886120916988
2018.0,,Chiapas,San Cristóbal de las Casas,,alto,-92.6499535232897,16.7289800692057
2018.0,,Chiapas,San Cristóbal de las Casas,,alto,-92.6499535232897,16.7289800692057
2018.0,,Chiapas,San Cristóbal de las Casas,,alto,-92.6499535232897,16.7289800692057
2018.0,,Chiapas,San Cristóbal de las Casas,,alto,-92.6499535232897,16.7289800692057
2018.0,,Chiapas,San Cristóbal de las Casas,,alto,-92.6499535232897,16.7289800692057
2018.0,,Chiapas,San Cristóbal de las Casas,,alto,-92.6499535232897,16.7289800692057
2018.0,,Chiapas,San Cristóbal de las Casas,,alto,-92.3702639268516,16.886120916988
2018.0,,Chiapas,San Cristóbal de las Casas,,alto,-92.3702639268516,16.886120916988
2018.0,,Chiapas,San Cristóbal de las Casas,,alto,-92.3702639268516,16.886120916988
2018.0,,Chiapas,San Cristóbal de las Casas,,alto,-92.3702639268516,16.886120916988
2018.0,,Chiapas,San Cristóbal de las Casas,,alto,-92.6499535232897,16.7289800692057
2018.0,,Chiapas,San Cristóbal de las Casas,,alto,-92.6499535232897,16.7289800692057
2018.0,,Chiapas,San Cristóbal de las Casas,,alto,-92.6499535232897,16.7289800692057
2018.0,,Chiapas,San Cristóbal de las Casas,,alto,-92.6499535232897,16.7289800692057
2018.0,,Chiapas,San Cristóbal de las Casas,,alto,-92.6499535232897,16.7289800692057
2018.0,,Chiapas,San Cristóbal de las Casas,,alto,-92.6499535232897,16.7289800692057
2018.0,,Chiapas,San Cristóbal de las Casas,,alto,-92.3702639268516,16.886120916988
2018.0,,Chiapas,San Cristóbal de las Casas,,alto,-92.3702639268516,16.886120916988
2018.0,,Chiapas,San Cristóbal de las Casas,,alto,-92.3702639268516,16.886120916988
2018.0,,Chiapas,San Cristóbal de las Casas,,alto,-92.3702639268516,16.886120916988
2018.0,,Chiapas,San Cristóbal de las Casas,,alto,-92.6499535232897,16.7289800692057
2018.0,,Chiapas,San Cristóbal de las Casas,,alto,-92.6499535232897,16.7289800692057
2018.0,,Chiapas,San Cristóbal de las Casas,,alto,-92.6499535232897,16.7289800692057
2018.0,,Chiapas,San Cristóbal de las Casas,,alto,-92.6499535232897,16.7289800692057
2018.0,,Chiapas,San Cristóbal de las Casas,,alto,-92.6499535232897,16.7289800692057
2018.0,,Chiapas,San Cristóbal de las Casas,,alto,-92.6499535232897,16.7289800692057
2018.0,,Chiapas,San Cristóbal de las Casas,,alto,-92.3702639268516,16.886120916988
2018.0,,Chiapas,San Cristóbal de las Casas,,alto,-92.3702639268516,16.886120916988
2018.0,,Chiapas,San Cristóbal de las Casas,,alto,-92.3702639268516,16.886120916988
2018.0,,Chiapas,San Cristóbal de las Casas,,alto,-92.3702639268516,16.886120916988
2018.0,,Chiapas,San Cristóbal de las Casas,,alto,-92.6499535232897,16.7289800692057
2018.0,,Chiapas,San Cristóbal de las Casas,,alto,-92.6499535232897,16.7289800692057
2018.0,,Chiapas,San Cristóbal de las Casas,,alto,-92.6499535232897,16.7289800692057
2018.0,,Chiapas,San Cristóbal de las Casas,,alto,-92.6499535232897,16.7289800692057
2018.0,,Chiapas,San Cristóbal de las Casas,,alto,-92.6499535232897,16.7289800692057
2018.0,,Chiapas,San Cristóbal de las Casas,,alto,-92.6499535232897,16.7289800692057
2018.0,,Chiapas,San Cristóbal de las Casas,,alto,-92.3702639268516,16.886120916988
2018.0,,Chiapas,San Cristóbal de las Casas,,alto,-92.3702639268516,16.886120916988
2018.0,,Chiapas,San Cristóbal de las Casas,,alto,-92.3702639268516,16.886120916988
2018.0,,Chiapas,San Cristóbal de las Casas,,alto,-92.3702639268516,16.886120916988
2018.0,,Chiapas,San Cristóbal de las Casas,,alto,-92.6499535232897,16.7289800692057
2018.0,,Chiapas,San Cristóbal de las Casas,,alto,-92.6499535232897,16.7289800692057
2018.0,,Chiapas,San Cristóbal de las Casas,,alto,-92.6499535232897,16.7289800692057
2018.0,,Chiapas,San Cristóbal de las Casas,,alto,-92.6499535232897,16.7289800692057
2018.0,,Chiapas,San Cristóbal de las Casas,,alto,-92.6499535232897,16.7289800692057
2018.0,,Chiapas,San Cristóbal de las Casas,,alto,-92.6499535232897,16.7289800692057
2018.0,,Chiapas,San Cristóbal de las Casas,,alto,-92.3702639268516,16.886120916988
2018.0,,Chiapas,San Cristóbal de las Casas,,alto,-92.3702639268516,16.886120916988
2018.0,,Chiapas,San Cristóbal de las Casas,,alto,-92.3702639268516,16.886120916988
2018.0,,Chiapas,San Cristóbal de las Casas,,alto,-92.3702639268516,16.886120916988
2018.0,,Chiapas,San Cristóbal de las Casas,,alto,-92.6499535232897,16.7289800692057
2018.0,,Chiapas,San Cristóbal de las Casas,,alto,-92.6499535232897,16.7289800692057
2018.0,,Chiapas,San Cristóbal de las Casas,,alto,-92.6499535232897,16.7289800692057
2018.0,,Chiapas,San Cristóbal de las Casas,,alto,-92.6499535232897,16.7289800692057
2018.0,,Chiapas,San Cristóbal de las Casas,,alto,-92.6499535232897,16.7289800692057
2018.0,,Chiapas,San Cristóbal de las Casas,,alto,-92.6499535232897,16.7289800692057
2018.0,,Chiapas,San Cristóbal de las Casas,,alto,-92.3702639268516,16.886120916988
2018.0,,Chiapas,San Cristóbal de las Casas,,alto,-92.3702639268516,16.886120916988
2018.0,,Chiapas,San Cristóbal de las Casas,,alto,-92.3702639268516,16.886120916988
2018.0,,Chiapas,San Cristóbal de las Casas,,alto,-92.3702639268516,16.886120916988
2018.0,,Chiapas,San Cristóbal de las Casas,,alto,-92.6499535232897,16.7289800692057
2018.0,,Chiapas,San Cristóbal de las Casas,,alto,-92.6499535232897,16.7289800692057
2018.0,,Chiapas,San Cristóbal de las Casas,,alto,-92.6499535232897,16.7289800692057
2018.0,,Chiapas,San Cristóbal de las Casas,,alto,-92.6499535232897,16.7289800692057
2018.0,,Chiapas,San Cristóbal de las Casas,,alto,-92.6499535232897,16.7289800692057
2018.0,,Chiapas,San Cristóbal de las Casas,,alto,-92.6499535232897,16.7289800692057
2018.0,,Chiapas,San Cristóbal de las Casas,,alto,-92.3702639268516,16.886120916988
2018.0,,Chiapas,San Cristóbal de las Casas,,alto,-92.3702639268516,16.886120916988
2018.0,,Chiapas,San Cristóbal de las Casas,,alto,-92.3702639268516,16.886120916988
2018.0,,Chiapas,San Cristóbal de las Casas,,alto,-92.6499535232897,16.7289800692057
2018.0,,Chiapas,San Cristóbal de las Casas,,alto,-92.6499535232897,16.7289800692057
2018.0,,Chiapas,San Cristóbal de las Casas,,alto,-92.6499535232897,16.7289800692057
2018.0,,Chiapas,San Cristóbal de las Casas,,alto,-92.6499535232897,16.7289800692057
2018.0,,Chiapas,San Cristóbal de las Casas,,alto,-92.6499535232897,16.7289800692057
2018.0,,Chiapas,San Cristóbal de las Casas,,alto,-92.6499535232897,16.7289800692057
2018.0,,Chiapas,San Cristóbal de las Casas,,alto,-92.3702639268516,16.886120916988
2018.0,,Chiapas,San Cristóbal de las Casas,,alto,-92.3702639268516,16.886120916988
2018.0,,Chiapas,San Cristóbal de las Casas,,alto,-92.3702639268516,16.886120916988
2018.0,,Chiapas,San Cristóbal de las Casas,,alto,-92.3702639268516,16.886120916988
2018.0,,Chiapas,San Cristóbal de las Casas,,alto,-92.3702639268516,16.886120916988
2018.0,,Chiapas,San Cristóbal de las Casas,,alto,-92.6499535232897,16.7289800692057
2018.0,,Chiapas,San Cristóbal de las Casas,,alto,-92.6499535232897,16.7289800692057
2018.0,,Chiapas,San Cristóbal de las Casas,,alto,-92.6499535232897,16.7289800692057
2018.0,,Chiapas,San Cristóbal de las Casas,,alto,-92.6499535232897,16.7289800692057
2018.0,,Chiapas,San Cristóbal de las Casas,,alto,-92.6499535232897,16.7289800692057
2018.0,,Chiapas,San Cristóbal de las Casas,,alto,-92.6499535232897,16.7289800692057
2018.0,,Chiapas,San Cristóbal de las Casas,,alto,-92.3702639268516,16.886120916988
2018.0,,Chiapas,San Cristóbal de las Casas,,alto,-92.3702639268516,16.886120916988
2018.0,,Chiapas,San Cristóbal de las Casas,,alto,-92.3702639268516,16.886120916988
2018.0,,Chiapas,San Cristóbal de las Casas,,alto,-92.3702639268516,16.886120916988
2018.0,,Chiapas,San Cristóbal de las Casas,,alto,-92.6499535232897,16.7289800692057
2018.0,,Chiapas,San Cristóbal de las Casas,,alto,-92.6499535232897,16.7289800692057
2018.0,,Chiapas,San Cristóbal de las Casas,,alto,-92.6499535232897,16.7289800692057
2018.0,,Chiapas,San Cristóbal de las Casas,,alto,-92.6499535232897,16.7289800692057
2018.0,,Chiapas,San Cristóbal de las Casas,,alto,-92.6499535232897,16.7289800692057
2018.0,,Chiapas,San Cristóbal de las Casas,,alto,-92.6499535232897,16.7289800692057
2018.0,,Chiapas,San Cristóbal de las Casas,,alto,-92.3702639268516,16.886120916988
2018.0,,Chiapas,San Cristóbal de las Casas,,alto,-92.3702639268516,16.886120916988
2018.0,,Chiapas,San Cristóbal de las Casas,,alto,-92.3702639268516,16.886120916988
2018.0,,Chiapas,San Cristóbal de las Casas,,alto,-92.6499535232897,16.7289800692057
2018.0,,Chiapas,San Cristóbal de las Casas,,alto,-92.6499535232897,16.7289800692057
2018.0,,Chiapas,San Cristóbal de las Casas,,alto,-92.6499535232897,16.7289800692057
2018.0,,Chiapas,San Cristóbal de las Casas,,alto,-92.6499535232897,16.7289800692057
2018.0,,Chiapas,San Cristóbal de las Casas,,alto,-92.6499535232897,16.7289800692057
2018.0,,Chiapas,San Cristóbal de las Casas,,alto,-92.6499535232897,16.7289800692057
2018.0,,Chiapas,San Cristóbal de las Casas,,alto,-92.3702639268516,16.886120916988
2018.0,,Chiapas,San Cristóbal de las Casas,,alto,-92.3702639268516,16.886120916988
2018.0,,Chiapas,San Cristóbal de las Casas,,alto,-92.3702639268516,16.886120916988
2018.0,,Chiapas,San Cristóbal de las Casas,,alto,-92.3702639268516,16.886120916988
2018.0,,Chiapas,San Cristóbal de las Casas,,alto,-92.3702639268516,16.886120916988
2018.0,,Chiapas,San Cristóbal de las Casas,,alto,-92.6499535232897,16.7289800692057
2018.0,,Chiapas,San Cristóbal de las Casas,,alto,-92.6499535232897,16.7289800692057
2018.0,,Chiapas,San Cristóbal de las Casas,,alto,-92.6499535232897,16.7289800692057
2018.0,,Chiapas,San Cristóbal de las Casas,,alto,-92.6499535232897,16.7289800692057
2018.0,,Chiapas,San Cristóbal de las Casas,,alto,-92.6499535232897,16.7289800692057
2018.0,,Chiapas,San Cristóbal de las Casas,,alto,-92.6499535232897,16.7289800692057
2018.0,,Chiapas,San Cristóbal de las Casas,,alto,-92.3702639268516,16.886120916988
2018.0,,Chiapas,San Cristóbal de las Casas,,alto,-92.3702639268516,16.886120916988
2018.0,,Chiapas,San Cristóbal de las Casas,,alto,-92.3702639268516,16.886120916988
2018.0,,Chiapas,San Cristóbal de las Casas,,alto,-92.3702639268516,16.886120916988
2018.0,,Chiapas,San Cristóbal de las Casas,,alto,-92.6499535232897,16.7289800692057
2018.0,,Chiapas,San Cristóbal de las Casas,,alto,-92.6499535232897,16.7289800692057
2018.0,,Chiapas,San Cristóbal de las Casas,,alto,-92.6499535232897,16.7289800692057
2018.0,,Chiapas,San Cristóbal de las Casas,,alto,-92.6499535232897,16.7289800692057
2018.0,,Chiapas,San Cristóbal de las Casas,,alto,-92.6499535232897,16.7289800692057
2018.0,,Chiapas,San Cristóbal de las Casas,,alto,-92.6499535232897,16.7289800692057
2018.0,,Chiapas,San Cristóbal de las Casas,,alto,-92.3702639268516,16.886120916988
2018.0,,Chiapas,San Cristóbal de las Casas,,alto,-92.3702639268516,16.886120916988
2018.0,,Chiapas,San Cristóbal de las Casas,,alto,-92.3702639268516,16.886120916988
2018.0,,Chiapas,San Cristóbal de las Casas,,alto,-92.6499535232897,16.7289800692057
2018.0,,Chiapas,San Cristóbal de las Casas,,alto,-92.6499535232897,16.7289800692057
2018.0,,Chiapas,San Cristóbal de las Casas,,alto,-92.6499535232897,16.7289800692057
2018.0,,Chiapas,San Cristóbal de las Casas,,alto,-92.6499535232897,16.7289800692057
2018.0,,Chiapas,San Cristóbal de las Casas,,alto,-92.6499535232897,16.7289800692057
2018.0,,Chiapas,San Cristóbal de las Casas,,alto,-92.6499535232897,16.7289800692057
2018.0,,Chiapas,San Cristóbal de las Casas,,alto,-92.3702639268516,16.886120916988
2018.0,,Chiapas,San Cristóbal de las Casas,,alto,-92.3702639268516,16.886120916988
2018.0,,Chiapas,San Cristóbal de las Casas,,alto,-92.3702639268516,16.886120916988
2018.0,,Chiapas,San Cristóbal de las Casas,,alto,-92.3702639268516,16.886120916988
2018.0,,Chiapas,San Cristóbal de las Casas,,alto,-92.3702639268516,16.886120916988
2018.0,,Chiapas,San Cristóbal de las Casas,,alto,-92.6499535232897,16.7289800692057
2018.0,,Chiapas,San Cristóbal de las Casas,,alto,-92.6499535232897,16.7289800692057
2018.0,,Chiapas,San Cristóbal de las Casas,,alto,-92.6499535232897,16.7289800692057
2018.0,,Chiapas,San Cristóbal de las Casas,,alto,-92.6499535232897,16.7289800692057
2018.0,,Chiapas,San Cristóbal de las Casas,,alto,-92.6499535232897,16.7289800692057
2018.0,,Chiapas,San Cristóbal de las Casas,,alto,-92.6499535232897,16.7289800692057
2018.0,,Chiapas,San Cristóbal de las Casas,,alto,-92.3702639268516,16.886120916988
2018.0,,Chiapas,San Cristóbal de las Casas,,alto,-92.3702639268516,16.886120916988
2018.0,,Chiapas,San Cristóbal de las Casas,,alto,-92.3702639268516,16.886120916988
2018.0,,Chiapas,San Cristóbal de las Casas,,alto,-92.3702639268516,16.886120916988
2018.0,,Chiapas,San Cristóbal de las Casas,,alto,-92.6499535232897,16.7289800692057
2018.0,,Chiapas,San Cristóbal de las Casas,,alto,-92.6499535232897,16.7289800692057
2018.0,,Chiapas,San Cristóbal de las Casas,,alto,-92.6499535232897,16.7289800692057
2018.0,,Chiapas,San Cristóbal de las Casas,,alto,-92.6499535232897,16.7289800692057
2018.0,,Chiapas,San Cristóbal de las Casas,,alto,-92.6499535232897,16.7289800692057
2018.0,,Chiapas,San Cristóbal de las Casas,,alto,-92.6499535232897,16.7289800692057
2018.0,,Chiapas,San Cristóbal de las Casas,,alto,-92.3702639268516,16.886120916988
2018.0,,Chiapas,San Cristóbal de las Casas,,alto,-92.6499535232897,16.7289800692057
2018.0,,Chiapas,San Cristóbal de las Casas,,alto,-92.6499535232897,16.7289800692057
2018.0,,Chiapas,San Cristóbal de las Casas,,alto,-92.6499535232897,16.7289800692057
2018.0,,Chiapas,San Cristóbal de las Casas,,alto,-92.6499535232897,16.7289800692057
2018.0,,Chiapas,San Cristóbal de las Casas,,alto,-92.6499535232897,16.7289800692057
2018.0,,Chiapas,San Cristóbal de las Casas,,alto,-92.6499535232897,16.7289800692057
2018.0,,Chiapas,San Cristóbal de las Casas,,alto,-92.6499535232897,16.7289800692057
2018.0,,Chiapas,San Cristóbal de las Casas,,alto,-92.6499535232897,16.7289800692057
2018.0,,Chiapas,San Cristóbal de las Casas,,alto,-92.3702639268516,16.886120916988
2018.0,,Chiapas,San Cristóbal de las Casas,,alto,-92.3702639268516,16.886120916988
2018.0,,Chiapas,San Cristóbal de las Casas,,alto,-92.3702639268516,16.886120916988
2018.0,,Chiapas,San Cristóbal de las Casas,,alto,-92.3702639268516,16.886120916988
2018.0,,Chiapas,San Cristóbal de las Casas,,alto,-92.3702639268516,16.886120916988
2018.0,,Chiapas,San Cristóbal de las Casas,,alto,-92.6499535232897,16.7289800692057
2018.0,,Chiapas,San Cristóbal de las Casas,,alto,-92.6499535232897,16.7289800692057
2018.0,,Chiapas,San Cristóbal de las Casas,,alto,-92.6499535232897,16.7289800692057
2018.0,,Chiapas,San Cristóbal de las Casas,,alto,-92.6499535232897,16.7289800692057
2018.0,,Chiapas,San Cristóbal de las Casas,,alto,-92.6499535232897,16.7289800692057
2018.0,,Chiapas,San Cristóbal de las Casas,,alto,-92.6499535232897,16.7289800692057
2018.0,,Chiapas,San Cristóbal de las Casas,,alto,-92.3702639268516,16.886120916988
2018.0,,Chiapas,San Cristóbal de las Casas,,alto,-92.3702639268516,16.886120916988
2018.0,,Chiapas,San Cristóbal de las Casas,,alto,-92.3702639268516,16.886120916988
2018.0,,Chiapas,San Cristóbal de las Casas,,alto,-92.3702639268516,16.886120916988
2018.0,,Chiapas,San Cristóbal de las Casas,,alto,-92.6499535232897,16.7289800692057
2018.0,,Chiapas,San Cristóbal de las Casas,,alto,-92.6499535232897,16.7289800692057
2018.0,,Chiapas,San Cristóbal de las Casas,,alto,-92.6499535232897,16.7289800692057
2018.0,,Chiapas,San Cristóbal de las Casas,,alto,-92.6499535232897,16.7289800692057
2018.0,,Chiapas,San Cristóbal de las Casas,,alto,-92.6499535232897,16.7289800692057
2018.0,,Chiapas,San Cristóbal de las Casas,,alto,-92.6499535232897,16.7289800692057
2018.0,,Chiapas,San Cristóbal de las Casas,,alto,-92.3702639268516,16.886120916988
2018.0,,Chiapas,San Cristóbal de las Casas,,alto,-92.3702639268516,16.886120916988
2018.0,,Chiapas,San Cristóbal de las Casas,,alto,-92.3702639268516,16.886120916988
2018.0,,Chiapas,San Cristóbal de las Casas,,alto,-92.6499535232897,16.7289800692057
2018.0,,Chiapas,San Cristóbal de las Casas,,alto,-92.6499535232897,16.7289800692057
2018.0,,Chiapas,San Cristóbal de las Casas,,alto,-92.6499535232897,16.7289800692057
2018.0,,Chiapas,San Cristóbal de las Casas,,alto,-92.6499535232897,16.7289800692057
2018.0,,Chiapas,San Cristóbal de las Casas,,alto,-92.6499535232897,16.7289800692057
2018.0,,Chiapas,San Cristóbal de las Casas,,alto,-92.6499535232897,16.7289800692057
2018.0,,Chiapas,San Cristóbal de las Casas,,alto,-92.3702639268516,16.886120916988
2018.0,,Chiapas,San Cristóbal de las Casas,,alto,-92.3702639268516,16.886120916988
2018.0,,Chiapas,San Cristóbal de las Casas,,alto,-92.3702639268516,16.886120916988
2018.0,,Chiapas,San Cristóbal de las Casas,,alto,-92.3702639268516,16.886120916988
2018.0,,Chiapas,San Cristóbal de las Casas,,alto,-92.3702639268516,16.886120916988
2018.0,,Chiapas,San Cristóbal de las Casas,,alto,-92.6499535232897,16.7289800692057
2018.0,,Chiapas,San Cristóbal de las Casas,,alto,-92.6499535232897,16.7289800692057
2018.0,,Chiapas,San Cristóbal de las Casas,,alto,-92.6499535232897,16.7289800692057
2018.0,,Chiapas,San Cristóbal de las Casas,,alto,-92.6499535232897,16.7289800692057
2018.0,,Chiapas,San Cristóbal de las Casas,,alto,-92.6499535232897,16.7289800692057
2018.0,,Chiapas,San Cristóbal de las Casas,,alto,-92.6499535232897,16.7289800692057
2018.0,,Chiapas,San Cristóbal de las Casas,,alto,-92.3702639268516,16.886120916988
2018.0,,Chiapas,San Cristóbal de las Casas,,alto,-92.3702639268516,16.886120916988
2018.0,,Chiapas,San Cristóbal de las Casas,,alto,-92.3702639268516,16.886120916988
2018.0,,Chiapas,San Cristóbal de las Casas,,alto,-92.3702639268516,16.886120916988
2018.0,,Chiapas,San Cristóbal de las Casas,,alto,-92.3702639268516,16.886120916988
2018.0,,Chiapas,San Cristóbal de las Casas,,alto,-92.6499535232897,16.7289800692057
2018.0,,Chiapas,San Cristóbal de las Casas,,alto,-92.6499535232897,16.7289800692057
2018.0,,Chiapas,San Cristóbal de las Casas,,alto,-92.6499535232897,16.7289800692057
2018.0,,Chiapas,San Cristóbal de las Casas,,alto,-92.6499535232897,16.7289800692057
2018.0,,Chiapas,San Cristóbal de las Casas,,alto,-92.6499535232897,16.7289800692057
2018.0,,Chiapas,San Cristóbal de las Casas,,alto,-92.3702639268516,16.886120916988
2018.0,,Chiapas,San Cristóbal de las Casas,,alto,-92.3702639268516,16.886120916988
2018.0,,Chiapas,San Cristóbal de las Casas,,alto,-92.3702639268516,16.886120916988
2018.0,,Chiapas,San Cristóbal de las Casas,,alto,-92.3702639268516,16.886120916988
2018.0,,Chiapas,San Cristóbal de las Casas,,alto,-92.3702639268516,16.886120916988
2018.0,,Chiapas,San Cristóbal de las Casas,,alto,-92.3702639268516,16.886120916988
2018.0,,Chiapas,San Cristóbal de las Casas,,alto,-92.6499535232897,16.7289800692057
2018.0,,Chiapas,San Cristóbal de las Casas,,alto,-92.6499535232897,16.7289800692057
2018.0,,Chiapas,San Cristóbal de las Casas,,alto,-92.6499535232897,16.7289800692057
2018.0,,Chiapas,San Cristóbal de las Casas,,alto,-92.6499535232897,16.7289800692057
2018.0,,Chiapas,San Cristóbal de las Casas,,alto,-92.3702639268516,16.886120916988
2018.0,,Chiapas,San Cristóbal de las Casas,,alto,-92.3702639268516,16.886120916988
2018.0,,Chiapas,San Cristóbal de las Casas,,alto,-92.3702639268516,16.886120916988
2018.0,,Chiapas,San Cristóbal de las Casas,,alto,-92.3702639268516,16.886120916988
2018.0,,Chiapas,San Cristóbal de las Casas,,alto,-92.3702639268516,16.886120916988
2018.0,,Chiapas,San Cristóbal de las Casas,,alto,-92.6499535232897,16.7289800692057
2018.0,,Chiapas,San Cristóbal de las Casas,,alto,-92.6499535232897,16.7289800692057
2018.0,,Chiapas,San Cristóbal de las Casas,,alto,-92.6499535232897,16.7289800692057
2018.0,,Chiapas,San Cristóbal de las Casas,,alto,-92.6499535232897,16.7289800692057
2018.0,,Chiapas,San Cristóbal de las Casas,,alto,-92.3702639268516,16.886120916988
2018.0,,Chiapas,San Cristóbal de las Casas,,alto,-92.3702639268516,16.886120916988
2018.0,,Chiapas,San Cristóbal de las Casas,,alto,-92.3702639268516,16.886120916988
2018.0,,Chiapas,San Cristóbal de las Casas,,alto,-92.3702639268516,16.886120916988
2018.0,,Chiapas,San Cristóbal de las Casas,,alto,-92.3702639268516,16.886120916988
2018.0,,Chiapas,San Cristóbal de las Casas,,alto,-92.3702639268516,16.886120916988
2018.0,,Chiapas,San Cristóbal de las Casas,,alto,-92.3702639268516,16.886120916988
2018.0,,Chiapas,San Cristóbal de las Casas,,alto,-92.6499535232897,16.7289800692057
2018.0,,Chiapas,San Cristóbal de las Casas,,alto,-92.6499535232897,16.7289800692057
2018.0,,Chiapas,San Cristóbal de las Casas,,alto,-92.6499535232897,16.7289800692057
2018.0,,Chiapas,San Cristóbal de las Casas,,alto,-92.6499535232897,16.7289800692057
2018.0,,Chiapas,San Cristóbal de las Casas,,alto,-92.3702639268516,16.886120916988
2018.0,,Chiapas,San Cristóbal de las Casas,,alto,-92.3702639268516,16.886120916988
2018.0,,Chiapas,San Cristóbal de las Casas,,alto,-92.3702639268516,16.886120916988
2018.0,,Chiapas,San Cristóbal de las Casas,,alto,-92.3702639268516,16.886120916988
2018.0,,Chiapas,San Cristóbal de las Casas,,alto,-92.3702639268516,16.886120916988
2018.0,,Chiapas,San Cristóbal de las Casas,,alto,-92.3702639268516,16.886120916988
2018.0,,Chiapas,San Cristóbal de las Casas,,alto,-92.6499535232897,16.7289800692057
2018.0,,Chiapas,San Cristóbal de las Casas,,alto,-92.6499535232897,16.7289800692057
2018.0,,Chiapas,San Cristóbal de las Casas,,alto,-92.6499535232897,16.7289800692057
2018.0,,Chiapas,San Cristóbal de las Casas,,alto,-92.6499535232897,16.7289800692057
2018.0,,Chiapas,San Cristóbal de las Casas,,alto,-92.3702639268516,16.886120916988
2018.0,,Chiapas,San Cristóbal de las Casas,,alto,-92.3702639268516,16.886120916988
2018.0,,Chiapas,San Cristóbal de las Casas,,alto,-92.3702639268516,16.886120916988
2018.0,,Chiapas,San Cristóbal de las Casas,,alto,-92.3702639268516,16.886120916988
2018.0,,Chiapas,San Cristóbal de las Casas,,alto,-92.3702639268516,16.886120916988
2018.0,,Chiapas,San Cristóbal de las Casas,,alto,-92.3702639268516,16.886120916988
2018.0,,Chiapas,San Cristóbal de las Casas,,alto,-92.6499535232897,16.7289800692057
2018.0,,Chiapas,San Cristóbal de las Casas,,alto,-92.6499535232897,16.7289800692057
2018.0,,Chiapas,San Cristóbal de las Casas,,alto,-92.6499535232897,16.7289800692057
2018.0,,Chiapas,San Cristóbal de las Casas,,alto,-92.6499535232897,16.7289800692057
2018.0,,Chiapas,San Cristóbal de las Casas,,alto,-92.3702639268516,16.886120916988
2018.0,,Chiapas,San Cristóbal de las Casas,,alto,-92.3702639268516,16.886120916988
2018.0,,Chiapas,San Cristóbal de las Casas,,alto,-92.3702639268516,16.886120916988
2018.0,,Chiapas,San Cristóbal de las Casas,,alto,-92.3702639268516,16.886120916988
2018.0,,Chiapas,San Cristóbal de las Casas,,alto,-92.3702639268516,16.886120916988
2018.0,,Chiapas,San Cristóbal de las Casas,,alto,-92.3702639268516,16.886120916988
2018.0,,Chiapas,San Cristóbal de las Casas,,alto,-92.6499535232897,16.7289800692057
2018.0,,Chiapas,San Cristóbal de las Casas,,alto,-92.6499535232897,16.7289800692057
2018.0,,Chiapas,San Cristóbal de las Casas,,alto,-92.6499535232897,16.7289800692057
2018.0,,Chiapas,San Cristóbal de las Casas,,alto,-92.6499535232897,16.7289800692057
2018.0,,Chiapas,San Cristóbal de las Casas,,alto,-92.3702639268516,16.886120916988
2018.0,,Chiapas,San Cristóbal de las Casas,,alto,-92.3702639268516,16.886120916988
2018.0,,Chiapas,San Cristóbal de las Casas,,alto,-92.3702639268516,16.886120916988
2018.0,,Chiapas,San Cristóbal de las Casas,,alto,-92.3702639268516,16.886120916988
2018.0,,Chiapas,San Cristóbal de las Casas,,alto,-92.6499535232897,16.7289800692057
2018.0,,Chiapas,San Cristóbal de las Casas,,alto,-92.6499535232897,16.7289800692057
2018.0,,Chiapas,San Cristóbal de las Casas,,alto,-92.6499535232897,16.7289800692057
2018.0,,Chiapas,San Cristóbal de las Casas,,alto,-92.6499535232897,16.7289800692057
2018.0,,Chiapas,San Cristóbal de las Casas,,alto,-92.6499535232897,16.7289800692057
2018.0,,Chiapas,San Cristóbal de las Casas,,alto,-92.6499535232897,16.7289800692057
2018.0,,Chiapas,San Cristóbal de las Casas,,alto,-92.3702639268516,16.886120916988
2018.0,,Chiapas,San Cristóbal de las Casas,,alto,-92.3702639268516,16.886120916988
2018.0,,Chiapas,San Cristóbal de las Casas,,alto,-92.3702639268516,16.886120916988
2018.0,,Chiapas,San Cristóbal de las Casas,,alto,-92.3702639268516,16.886120916988
2018.0,,Chiapas,San Cristóbal de las Casas,,alto,-92.6499535232897,16.7289800692057
2018.0,,Chiapas,San Cristóbal de las Casas,,alto,-92.6499535232897,16.7289800692057
2018.0,,Chiapas,San Cristóbal de las Casas,,alto,-92.6499535232897,16.7289800692057
2018.0,,Chiapas,San Cristóbal de las Casas,,alto,-92.6499535232897,16.7289800692057
2018.0,,Chiapas,San Cristóbal de las Casas,,alto,-92.6499535232897,16.7289800692057
2018.0,,Chiapas,San Cristóbal de las Casas,,alto,-92.6499535232897,16.7289800692057
2018.0,,Chiapas,San Cristóbal de las Casas,,alto,-92.3702639268516,16.886120916988
2018.0,,Chiapas,San Cristóbal de las Casas,,alto,-92.3702639268516,16.886120916988
2018.0,,Chiapas,San Cristóbal de las Casas,,alto,-92.3702639268516,16.886120916988
2018.0,,Chiapas,San Cristóbal de las Casas,,alto,-92.3702639268516,16.886120916988
2018.0,,Chiapas,San Cristóbal de las Casas,,alto,-92.6499535232897,16.7289800692057
2018.0,,Chiapas,San Cristóbal de las Casas,,alto,-92.6499535232897,16.7289800692057
2018.0,,Chiapas,San Cristóbal de las Casas,,alto,-92.6499535232897,16.7289800692057
2018.0,,Chiapas,San Cristóbal de las Casas,,alto,-92.6499535232897,16.7289800692057
2018.0,,Chiapas,San Cristóbal de las Casas,,alto,-92.6499535232897,16.7289800692057
2018.0,,Chiapas,San Cristóbal de las Casas,,alto,-92.6499535232897,16.7289800692057
2018.0,,Chiapas,San Cristóbal de las Casas,,alto,-92.3702639268516,16.886120916988
2018.0,,Chiapas,San Cristóbal de las Casas,,alto,-92.3702639268516,16.886120916988
2018.0,,Chiapas,San Cristóbal de las Casas,,alto,-92.3702639268516,16.886120916988
2018.0,,Chiapas,San Cristóbal de las Casas,,alto,-92.3702639268516,16.886120916988
2018.0,,Chiapas,San Cristóbal de las Casas,,alto,-92.6499535232897,16.7289800692057
2018.0,,Chiapas,San Cristóbal de las Casas,,alto,-92.6499535232897,16.7289800692057
2018.0,,Chiapas,San Cristóbal de las Casas,,alto,-92.6499535232897,16.7289800692057
2018.0,,Chiapas,San Cristóbal de las Casas,,alto,-92.6499535232897,16.7289800692057
2018.0,,Chiapas,San Cristóbal de las Casas,,alto,-92.6499535232897,16.7289800692057
2018.0,,Chiapas,San Cristóbal de las Casas,,alto,-92.6499535232897,16.7289800692057
2018.0,,Chiapas,San Cristóbal de las Casas,,alto,-92.3702639268516,16.886120916988
2018.0,,Chiapas,San Cristóbal de las Casas,,alto,-92.3702639268516,16.886120916988
2018.0,,Chiapas,San Cristóbal de las Casas,,alto,-92.3702639268516,16.886120916988
2018.0,,Chiapas,San Cristóbal de las Casas,,alto,-92.3702639268516,16.886120916988
2018.0,,Chiapas,San Cristóbal de las Casas,,alto,-92.3702639268516,16.886120916988
2018.0,,Chiapas,San Cristóbal de las Casas,,alto,-92.3702639268516,16.886120916988
2018.0,,Chiapas,San Cristóbal de las Casas,,alto,-92.6499535232897,16.7289800692057
2018.0,,Chiapas,San Cristóbal de las Casas,,alto,-92.6499535232897,16.7289800692057
2018.0,,Chiapas,San Cristóbal de las Casas,,alto,-92.6499535232897,16.7289800692057
2018.0,,Chiapas,San Cristóbal de las Casas,,alto,-92.6499535232897,16.7289800692057
2018.0,,Chiapas,San Cristóbal de las Casas,,alto,-92.3702639268516,16.886120916988
2018.0,,Chiapas,San Cristóbal de las Casas,,alto,-92.3702639268516,16.886120916988
2018.0,,Chiapas,San Cristóbal de las Casas,,alto,-92.3702639268516,16.886120916988
2018.0,,Chiapas,San Cristóbal de las Casas,,alto,-92.3702639268516,16.886120916988
2018.0,,Chiapas,San Cristóbal de las Casas,,alto,-92.3702639268516,16.886120916988
2018.0,,Chiapas,San Cristóbal de las Casas,,alto,-92.3702639268516,16.886120916988
2018.0,,Chiapas,San Cristóbal de las Casas,,alto,-92.6499535232897,16.7289800692057
2018.0,,Chiapas,San Cristóbal de las Casas,,alto,-92.6499535232897,16.7289800692057
2018.0,,Chiapas,San Cristóbal de las Casas,,alto,-92.6499535232897,16.7289800692057
2018.0,,Chiapas,San Cristóbal de las Casas,,alto,-92.6499535232897,16.7289800692057
2018.0,,Chiapas,San Cristóbal de las Casas,,alto,-92.3702639268516,16.886120916988
2018.0,,Chiapas,San Cristóbal de las Casas,,alto,-92.3702639268516,16.886120916988
2018.0,,Chiapas,San Cristóbal de las Casas,,alto,-92.3702639268516,16.886120916988
2018.0,,Chiapas,San Cristóbal de las Casas,,alto,-92.3702639268516,16.886120916988
2018.0,,Chiapas,San Cristóbal de las Casas,,alto,-92.3702639268516,16.886120916988
2018.0,,Chiapas,San Cristóbal de las Casas,,alto,-92.3702639268516,16.886120916988
2018.0,,Chiapas,San Cristóbal de las Casas,,alto,-92.6499535232897,16.7289800692057
2018.0,,Chiapas,San Cristóbal de las Casas,,alto,-92.6499535232897,16.7289800692057
2018.0,,Chiapas,San Cristóbal de las Casas,,alto,-92.6499535232897,16.7289800692057
2018.0,,Chiapas,San Cristóbal de las Casas,,alto,-92.6499535232897,16.7289800692057
2018.0,,Chiapas,San Cristóbal de las Casas,,alto,-92.3702639268516,16.886120916988
2018.0,,Chiapas,San Cristóbal de las Casas,,alto,-92.3702639268516,16.886120916988
2018.0,,Chiapas,San Cristóbal de las Casas,,alto,-92.3702639268516,16.886120916988
2018.0,,Chiapas,San Cristóbal de las Casas,,alto,-92.3702639268516,16.886120916988
2018.0,,Chiapas,San Cristóbal de las Casas,,alto,-92.3702639268516,16.886120916988
2018.0,,Chiapas,San Cristóbal de las Casas,,alto,-92.3702639268516,16.886120916988
2018.0,,Chiapas,San Cristóbal de las Casas,,alto,-92.6499535232897,16.7289800692057
2018.0,,Chiapas,San Cristóbal de las Casas,,alto,-92.6499535232897,16.7289800692057
2018.0,,Chiapas,San Cristóbal de las Casas,,alto,-92.6499535232897,16.7289800692057
2018.0,,Chiapas,San Cristóbal de las Casas,,alto,-92.6499535232897,16.7289800692057
2018.0,,Chiapas,San Cristóbal de las Casas,,alto,-92.3702639268516,16.886120916988
2018.0,,Chiapas,San Cristóbal de las Casas,,alto,-92.3702639268516,16.886120916988
2018.0,,Chiapas,San Cristóbal de las Casas,,alto,-92.3702639268516,16.886120916988
2018.0,,Chiapas,San Cristóbal de las Casas,,alto,-92.3702639268516,16.886120916988
2018.0,,Chiapas,San Cristóbal de las Casas,,alto,-92.3702639268516,16.886120916988
2018.0,,Chiapas,San Cristóbal de las Casas,,alto,-92.3702639268516,16.886120916988
2018.0,,Chiapas,San Cristóbal de las Casas,,alto,-92.6499535232897,16.7289800692057
2018.0,,Chiapas,San Cristóbal de las Casas,,alto,-92.6499535232897,16.7289800692057
2018.0,,Chiapas,San Cristóbal de las Casas,,alto,-92.6499535232897,16.7289800692057
2018.0,,Chiapas,San Cristóbal de las Casas,,alto,-92.6499535232897,16.7289800692057
2018.0,,Chiapas,San Cristóbal de las Casas,,alto,-92.3702639268516,16.886120916988
2018.0,,Chiapas,San Cristóbal de las Casas,,alto,-92.3702639268516,16.886120916988
2018.0,,Chiapas,San Cristóbal de las Casas,,alto,-92.3702639268516,16.886120916988
2018.0,,Chiapas,San Cristóbal de las Casas,,alto,-92.3702639268516,16.886120916988
2018.0,,Chiapas,San Cristóbal de las Casas,,alto,-92.3702639268516,16.886120916988
2018.0,,Chiapas,San Cristóbal de las Casas,,alto,-92.3702639268516,16.886120916988
2018.0,,Chiapas,San Cristóbal de las Casas,,alto,-92.6499535232897,16.7289800692057
2018.0,,Chiapas,San Cristóbal de las Casas,,alto,-92.6499535232897,16.7289800692057
2018.0,,Chiapas,San Cristóbal de las Casas,,alto,-92.6499535232897,16.7289800692057
2018.0,,Chiapas,San Cristóbal de las Casas,,alto,-92.6499535232897,16.7289800692057
2018.0,,Chiapas,San Cristóbal de las Casas,,alto,-92.3702639268516,16.886120916988
2018.0,,Chiapas,San Cristóbal de las Casas,,alto,-92.3702639268516,16.886120916988
2018.0,,Chiapas,San Cristóbal de las Casas,,alto,-92.3702639268516,16.886120916988
2018.0,,Chiapas,San Cristóbal de las Casas,,alto,-92.3702639268516,16.886120916988
2018.0,,Chiapas,San Cristóbal de las Casas,,alto,-92.3702639268516,16.886120916988
2018.0,,Chiapas,San Cristóbal de las Casas,,alto,-92.3702639268516,16.886120916988
2018.0,,Chiapas,San Cristóbal de las Casas,,alto,-92.6499535232897,16.7289800692057
2018.0,,Chiapas,San Cristóbal de las Casas,,alto,-92.6499535232897,16.7289800692057
2018.0,,Chiapas,San Cristóbal de las Casas,,alto,-92.6499535232897,16.7289800692057
2018.0,,Chiapas,San Cristóbal de las Casas,,alto,-92.6499535232897,16.7289800692057
2018.0,,Chiapas,San Cristóbal de las Casas,,alto,-92.3702639268516,16.886120916988
2018.0,,Chiapas,San Cristóbal de las Casas,,alto,-92.3702639268516,16.886120916988
2018.0,,Chiapas,San Cristóbal de las Casas,,alto,-92.3702639268516,16.886120916988
2018.0,,Chiapas,San Cristóbal de las Casas,,alto,-92.3702639268516,16.886120916988
2018.0,,Chiapas,San Cristóbal de las Casas,,alto,-92.3702639268516,16.886120916988
2018.0,,Chiapas,San Cristóbal de las Casas,,alto,-92.3702639268516,16.886120916988
2018.0,,Chiapas,San Cristóbal de las Casas,,alto,-92.6499535232897,16.7289800692057
2018.0,,Chiapas,San Cristóbal de las Casas,,alto,-92.6499535232897,16.7289800692057
2018.0,,Chiapas,San Cristóbal de las Casas,,alto,-92.6499535232897,16.7289800692057
2018.0,,Chiapas,San Cristóbal de las Casas,,alto,-92.6499535232897,16.7289800692057
2018.0,,Chiapas,San Cristóbal de las Casas,,alto,-92.3702639268516,16.886120916988
2018.0,,Chiapas,San Cristóbal de las Casas,,alto,-92.3702639268516,16.886120916988
2018.0,,Chiapas,San Cristóbal de las Casas,,alto,-92.3702639268516,16.886120916988
2018.0,,Chiapas,San Cristóbal de las Casas,,alto,-92.3702639268516,16.886120916988
2018.0,,Chiapas,San Cristóbal de las Casas,,alto,-92.3702639268516,16.886120916988
2018.0,,Chiapas,San Cristóbal de las Casas,,alto,-92.3702639268516,16.886120916988
2018.0,,Chiapas,San Cristóbal de las Casas,,alto,-92.6499535232897,16.7289800692057
2018.0,,Chiapas,San Cristóbal de las Casas,,alto,-92.6499535232897,16.7289800692057
2018.0,,Chiapas,San Cristóbal de las Casas,,alto,-92.6499535232897,16.7289800692057
2018.0,,Chiapas,San Cristóbal de las Casas,,alto,-92.6499535232897,16.7289800692057
2018.0,,Chiapas,San Cristóbal de las Casas,,alto,-92.3702639268516,16.886120916988
2018.0,,Chiapas,San Cristóbal de las Casas,,alto,-92.3702639268516,16.886120916988
2018.0,,Chiapas,San Cristóbal de las Casas,,alto,-92.3702639268516,16.886120916988
2018.0,,Chiapas,San Cristóbal de las Casas,,alto,-92.3702639268516,16.886120916988
2018.0,,Chiapas,San Cristóbal de las Casas,,alto,-92.3702639268516,16.886120916988
2018.0,,Chiapas,San Cristóbal de las Casas,,alto,-92.3702639268516,16.886120916988
2018.0,,Chiapas,San Cristóbal de las Casas,,alto,-92.6499535232897,16.7289800692057
2018.0,,Chiapas,San Cristóbal de las Casas,,alto,-92.6499535232897,16.7289800692057
2018.0,,Chiapas,San Cristóbal de las Casas,,alto,-92.6499535232897,16.7289800692057
2018.0,,Chiapas,San Cristóbal de las Casas,,alto,-92.6499535232897,16.7289800692057
2018.0,,Chiapas,San Cristóbal de las Casas,,alto,-92.3702639268516,16.886120916988
2018.0,,Chiapas,San Cristóbal de las Casas,,alto,-92.3702639268516,16.886120916988
2018.0,,Chiapas,San Cristóbal de las Casas,,alto,-92.3702639268516,16.886120916988
2018.0,,Chiapas,San Cristóbal de las Casas,,alto,-92.3702639268516,16.886120916988
2018.0,,Chiapas,San Cristóbal de las Casas,,alto,-92.3702639268516,16.886120916988
2018.0,,Chiapas,San Cristóbal de las Casas,,alto,-92.3702639268516,16.886120916988
2018.0,,Chiapas,San Cristóbal de las Casas,,alto,-92.6499535232897,16.7289800692057
2018.0,,Chiapas,San Cristóbal de las Casas,,alto,-92.6499535232897,16.7289800692057
2018.0,,Chiapas,San Cristóbal de las Casas,,alto,-92.6499535232897,16.7289800692057
2018.0,,Chiapas,San Cristóbal de las Casas,,alto,-92.6499535232897,16.7289800692057
2018.0,,Chiapas,San Cristóbal de las Casas,,alto,-92.3702639268516,16.886120916988
2018.0,,Chiapas,San Cristóbal de las Casas,,alto,-92.3702639268516,16.886120916988
2018.0,,Chiapas,San Cristóbal de las Casas,,alto,-92.3702639268516,16.886120916988
2018.0,,Chiapas,San Cristóbal de las Casas,,alto,-92.3702639268516,16.886120916988
2018.0,,Chiapas,San Cristóbal de las Casas,,alto,-92.3702639268516,16.886120916988
2018.0,,Chiapas,San Cristóbal de las Casas,,alto,-92.3702639268516,16.886120916988
2018.0,,Chiapas,San Cristóbal de las Casas,,alto,-92.6499535232897,16.7289800692057
2018.0,,Chiapas,San Cristóbal de las Casas,,alto,-92.6499535232897,16.7289800692057
2018.0,,Chiapas,San Cristóbal de las Casas,,alto,-92.6499535232897,16.7289800692057
2018.0,,Chiapas,San Cristóbal de las Casas,,alto,-92.6499535232897,16.7289800692057
2018.0,,Chiapas,San Cristóbal de las Casas,,alto,-92.3702639268516,16.886120916988
2018.0,,Chiapas,San Cristóbal de las Casas,,alto,-92.3702639268516,16.886120916988
2018.0,,Chiapas,San Cristóbal de las Casas,,alto,-92.3702639268516,16.886120916988
2018.0,,Chiapas,San Cristóbal de las Casas,,alto,-92.3702639268516,16.886120916988
2018.0,,Chiapas,San Cristóbal de las Casas,,alto,-92.3702639268516,16.886120916988
2018.0,,Chiapas,San Cristóbal de las Casas,,alto,-92.3702639268516,16.886120916988
2018.0,,Chiapas,San Cristóbal de las Casas,,alto,-92.6499535232897,16.7289800692057
2018.0,,Chiapas,San Cristóbal de las Casas,,alto,-92.6499535232897,16.7289800692057
2018.0,,Chiapas,San Cristóbal de las Casas,,alto,-92.6499535232897,16.7289800692057
2018.0,,Chiapas,San Cristóbal de las Casas,,alto,-92.6499535232897,16.7289800692057
2018.0,,Chiapas,San Cristóbal de las Casas,,alto,-92.3702639268516,16.886120916988
2018.0,,Chiapas,San Cristóbal de las Casas,,alto,-92.3702639268516,16.886120916988
2018.0,,Chiapas,San Cristóbal de las Casas,,alto,-92.3702639268516,16.886120916988
2018.0,,Chiapas,San Cristóbal de las Casas,,alto,-92.3702639268516,16.886120916988
2018.0,,Chiapas,San Cristóbal de las Casas,,alto,-92.3702639268516,16.886120916988
2018.0,,Chiapas,San Cristóbal de las Casas,,alto,-92.3702639268516,16.886120916988
2018.0,,Chiapas,San Cristóbal de las Casas,,alto,-92.6499535232897,16.7289800692057
2018.0,,Chiapas,San Cristóbal de las Casas,,alto,-92.6499535232897,16.7289800692057
2018.0,,Chiapas,San Cristóbal de las Casas,,alto,-92.6499535232897,16.7289800692057
2018.0,,Chiapas,San Cristóbal de las Casas,,alto,-92.6499535232897,16.7289800692057
2018.0,,Chiapas,San Cristóbal de las Casas,,alto,-92.3702639268516,16.886120916988
2018.0,,Chiapas,San Cristóbal de las Casas,,alto,-92.3702639268516,16.886120916988
2018.0,,Chiapas,San Cristóbal de las Casas,,alto,-92.3702639268516,16.886120916988
2018.0,,Chiapas,San Cristóbal de las Casas,,alto,-92.3702639268516,16.886120916988
2018.0,,Chiapas,San Cristóbal de las Casas,,alto,-92.3702639268516,16.886120916988
2018.0,,Chiapas,San Cristóbal de las Casas,,alto,-92.3702639268516,16.886120916988
2018.0,,Chiapas,San Cristóbal de las Casas,,alto,-92.6499535232897,16.7289800692057
2018.0,,Chiapas,San Cristóbal de las Casas,,alto,-92.6499535232897,16.7289800692057
2018.0,,Chiapas,San Cristóbal de las Casas,,alto,-92.6499535232897,16.7289800692057
2018.0,,Chiapas,San Cristóbal de las Casas,,alto,-92.6499535232897,16.7289800692057
2018.0,,Chiapas,San Cristóbal de las Casas,,alto,-92.3702639268516,16.886120916988
2018.0,,Chiapas,San Cristóbal de las Casas,,alto,-92.3702639268516,16.886120916988
2018.0,,Chiapas,San Cristóbal de las Casas,,alto,-92.3702639268516,16.886120916988
2018.0,,Chiapas,San Cristóbal de las Casas,,alto,-92.3702639268516,16.886120916988
2018.0,,Chiapas,San Cristóbal de las Casas,,alto,-92.3702639268516,16.886120916988
2018.0,,Chiapas,San Cristóbal de las Casas,,alto,-92.3702639268516,16.886120916988
2018.0,,Chiapas,San Cristóbal de las Casas,,alto,-92.6499535232897,16.7289800692057
2018.0,,Chiapas,San Cristóbal de las Casas,,alto,-92.6499535232897,16.7289800692057
2018.0,,Chiapas,San Cristóbal de las Casas,,alto,-92.6499535232897,16.7289800692057
2018.0,,Chiapas,San Cristóbal de las Casas,,alto,-92.6499535232897,16.7289800692057
2018.0,,Chiapas,San Cristóbal de las Casas,,alto,-92.3702639268516,16.886120916988
2018.0,,Chiapas,San Cristóbal de las Casas,,alto,-92.3702639268516,16.886120916988
2018.0,,Chiapas,San Cristóbal de las Casas,,alto,-92.3702639268516,16.886120916988
2018.0,,Chiapas,San Cristóbal de las Casas,,alto,-92.3702639268516,16.886120916988
2018.0,,Chiapas,San Cristóbal de las Casas,,alto,-92.3702639268516,16.886120916988
2018.0,,Chiapas,San Cristóbal de las Casas,,alto,-92.3702639268516,16.886120916988
2018.0,,Chiapas,San Cristóbal de las Casas,,alto,-92.6499535232897,16.7289800692057
2018.0,,Chiapas,San Cristóbal de las Casas,,alto,-92.6499535232897,16.7289800692057
2018.0,,Chiapas,San Cristóbal de las Casas,,alto,-92.6499535232897,16.7289800692057
2018.0,,Chiapas,San Cristóbal de las Casas,,alto,-92.6499535232897,16.7289800692057
2018.0,,Chiapas,San Cristóbal de las Casas,,alto,-92.3702639268516,16.886120916988
2018.0,,Chiapas,San Cristóbal de las Casas,,alto,-92.3702639268516,16.886120916988
2018.0,,Chiapas,San Cristóbal de las Casas,,alto,-92.3702639268516,16.886120916988
2018.0,,Chiapas,San Cristóbal de las Casas,,alto,-92.3702639268516,16.886120916988
2018.0,,Chiapas,San Cristóbal de las Casas,,alto,-92.3702639268516,16.886120916988
2018.0,,Chiapas,San Cristóbal de las Casas,,alto,-92.3702639268516,16.886120916988
2018.0,,Chiapas,San Cristóbal de las Casas,,alto,-92.6499535232897,16.7289800692057
2018.0,,Chiapas,San Cristóbal de las Casas,,alto,-92.6499535232897,16.7289800692057
2018.0,,Chiapas,San Cristóbal de las Casas,,alto,-92.6499535232897,16.7289800692057
2018.0,,Chiapas,San Cristóbal de las Casas,,alto,-92.6499535232897,16.7289800692057
2018.0,,Chiapas,San Cristóbal de las Casas,,alto,-92.3702639268516,16.886120916988
2018.0,,Chiapas,San Cristóbal de las Casas,,alto,-92.3702639268516,16.886120916988
2018.0,,Chiapas,San Cristóbal de las Casas,,alto,-92.3702639268516,16.886120916988
2018.0,,Chiapas,San Cristóbal de las Casas,,alto,-92.3702639268516,16.886120916988
2018.0,,Chiapas,San Cristóbal de las Casas,,alto,-92.3702639268516,16.886120916988
2018.0,,Chiapas,San Cristóbal de las Casas,,alto,-92.3702639268516,16.886120916988
2018.0,,Chiapas,San Cristóbal de las Casas,,alto,-92.3702639268516,16.886120916988
2018.0,,Chiapas,San Cristóbal de las Casas,,alto,-92.6499535232897,16.7289800692057
2018.0,,Chiapas,San Cristóbal de las Casas,,alto,-92.6499535232897,16.7289800692057
2018.0,,Chiapas,San Cristóbal de las Casas,,alto,-92.6499535232897,16.7289800692057
2018.0,,Chiapas,San Cristóbal de las Casas,,alto,-92.6499535232897,16.7289800692057
2018.0,,Chiapas,San Cristóbal de las Casas,,alto,-92.3702639268516,16.886120916988
2018.0,,Chiapas,San Cristóbal de las Casas,,alto,-92.3702639268516,16.886120916988
2018.0,,Chiapas,San Cristóbal de las Casas,,alto,-92.3702639268516,16.886120916988
2018.0,,Chiapas,San Cristóbal de las Casas,,alto,-92.3702639268516,16.886120916988
2018.0,,Chiapas,San Cristóbal de las Casas,,alto,-92.3702639268516,16.886120916988
2018.0,,Chiapas,San Cristóbal de las Casas,,alto,-92.6499535232897,16.7289800692057
2018.0,,Chiapas,San Cristóbal de las Casas,,alto,-92.6499535232897,16.7289800692057
2018.0,,Chiapas,San Cristóbal de las Casas,,alto,-92.6499535232897,16.7289800692057
2018.0,,Chiapas,San Cristóbal de las Casas,,alto,-92.6499535232897,16.7289800692057
2018.0,,Chiapas,San Cristóbal de las Casas,,alto,-92.3702639268516,16.886120916988
2018.0,,Chiapas,San Cristóbal de las Casas,,alto,-92.3702639268516,16.886120916988
2018.0,,Chiapas,San Cristóbal de las Casas,,alto,-92.3702639268516,16.886120916988
2018.0,,Chiapas,San Cristóbal de las Casas,,alto,-92.3702639268516,16.886120916988
2018.0,,Chiapas,San Cristóbal de las Casas,,alto,-92.3702639268516,16.886120916988
2018.0,,Chiapas,San Cristóbal de las Casas,,alto,-92.3702639268516,16.886120916988
2018.0,,Chiapas,San Cristóbal de las Casas,,alto,-92.6499535232897,16.7289800692057
2018.0,,Chiapas,San Cristóbal de las Casas,,alto,-92.6499535232897,16.7289800692057
2018.0,,Chiapas,San Cristóbal de las Casas,,alto,-92.6499535232897,16.7289800692057
2018.0,,Chiapas,San Cristóbal de las Casas,,alto,-92.6499535232897,16.7289800692057
2018.0,,Chiapas,San Cristóbal de las Casas,,alto,-92.3702639268516,16.886120916988
2018.0,,Chiapas,San Cristóbal de las Casas,,alto,-92.3702639268516,16.886120916988
2018.0,,Chiapas,San Cristóbal de las Casas,,alto,-92.3702639268516,16.886120916988
2018.0,,Chiapas,San Cristóbal de las Casas,,alto,-92.3702639268516,16.886120916988
2018.0,,Chiapas,San Cristóbal de las Casas,,alto,-92.3702639268516,16.886120916988
2018.0,,Chiapas,San Cristóbal de las Casas,,alto,-92.6499535232897,16.7289800692057
2018.0,,Chiapas,San Cristóbal de las Casas,,alto,-92.6499535232897,16.7289800692057
2018.0,,Chiapas,San Cristóbal de las Casas,,alto,-92.6499535232897,16.7289800692057
2018.0,,Chiapas,San Cristóbal de las Casas,,alto,-92.6499535232897,16.7289800692057
2018.0,,Chiapas,San Cristóbal de las Casas,,alto,-92.3702639268516,16.886120916988
2018.0,,Chiapas,San Cristóbal de las Casas,,alto,-92.3702639268516,16.886120916988
2018.0,,Chiapas,San Cristóbal de las Casas,,alto,-92.3702639268516,16.886120916988
2018.0,,Chiapas,San Cristóbal de las Casas,,alto,-92.3702639268516,16.886120916988
2018.0,,Chiapas,San Cristóbal de las Casas,,alto,-92.3702639268516,16.886120916988
2018.0,,Chiapas,San Cristóbal de las Casas,,alto,-92.3702639268516,16.886120916988
2018.0,,Chiapas,San Cristóbal de las Casas,,alto,-92.3702639268516,16.886120916988
2018.0,,Chiapas,San Cristóbal de las Casas,,alto,-92.6499535232897,16.7289800692057
2018.0,,Chiapas,San Cristóbal de las Casas,,alto,-92.6499535232897,16.7289800692057
2018.0,,Chiapas,San Cristóbal de las Casas,,alto,-92.6499535232897,16.7289800692057
2018.0,,Chiapas,San Cristóbal de las Casas,,alto,-92.6499535232897,16.7289800692057
2018.0,,Chiapas,San Cristóbal de las Casas,,alto,-92.3702639268516,16.886120916988
2018.0,,Chiapas,San Cristóbal de las Casas,,alto,-92.3702639268516,16.886120916988
2018.0,,Chiapas,San Cristóbal de las Casas,,alto,-92.3702639268516,16.886120916988
2018.0,,Chiapas,San Cristóbal de las Casas,,alto,-92.3702639268516,16.886120916988
2018.0,,Chiapas,San Cristóbal de las Casas,,alto,-92.3702639268516,16.886120916988
2018.0,,Chiapas,San Cristóbal de las Casas,,alto,-92.3702639268516,16.886120916988
2018.0,,Chiapas,San Cristóbal de las Casas,,alto,-92.6499535232897,16.7289800692057
2018.0,,Chiapas,San Cristóbal de las Casas,,alto,-92.6499535232897,16.7289800692057
2018.0,,Chiapas,San Cristóbal de las Casas,,alto,-92.6499535232897,16.7289800692057
2018.0,,Chiapas,San Cristóbal de las Casas,,alto,-92.6499535232897,16.7289800692057
2018.0,,Chiapas,San Cristóbal de las Casas,,alto,-92.3702639268516,16.886120916988
2018.0,,Chiapas,San Cristóbal de las Casas,,alto,-92.3702639268516,16.886120916988
2018.0,,Chiapas,San Cristóbal de las Casas,,alto,-92.3702639268516,16.886120916988
2018.0,,Chiapas,San Cristóbal de las Casas,,alto,-92.3702639268516,16.886120916988
2018.0,,Chiapas,San Cristóbal de las Casas,,alto,-92.3702639268516,16.886120916988
2018.0,,Chiapas,San Cristóbal de las Casas,,alto,-92.3702639268516,16.886120916988
2018.0,,Chiapas,San Cristóbal de las Casas,,alto,-92.6499535232897,16.7289800692057
2018.0,,Chiapas,San Cristóbal de las Casas,,alto,-92.6499535232897,16.7289800692057
2018.0,,Chiapas,San Cristóbal de las Casas,,alto,-92.6499535232897,16.7289800692057
2018.0,,Chiapas,San Cristóbal de las Casas,,alto,-92.6499535232897,16.7289800692057
2018.0,,Chiapas,San Cristóbal de las Casas,,alto,-92.3702639268516,16.886120916988
2018.0,,Chiapas,San Cristóbal de las Casas,,alto,-92.3702639268516,16.886120916988
2018.0,,Chiapas,San Cristóbal de las Casas,,alto,-92.3702639268516,16.886120916988
2018.0,,Chiapas,San Cristóbal de las Casas,,alto,-92.3702639268516,16.886120916988
2018.0,,Chiapas,San Cristóbal de las Casas,,alto,-92.3702639268516,16.886120916988
2018.0,,Chiapas,San Cristóbal de las Casas,,alto,-92.3702639268516,16.886120916988
2018.0,,Chiapas,San Cristóbal de las Casas,,alto,-92.6499535232897,16.7289800692057
2018.0,,Chiapas,San Cristóbal de las Casas,,alto,-92.6499535232897,16.7289800692057
2018.0,,Chiapas,San Cristóbal de las Casas,,alto,-92.6499535232897,16.7289800692057
2018.0,,Chiapas,San Cristóbal de las Casas,,alto,-92.6499535232897,16.7289800692057
2018.0,,Chiapas,San Cristóbal de las Casas,,alto,-92.3702639268516,16.886120916988
2018.0,,Chiapas,San Cristóbal de las Casas,,alto,-92.3702639268516,16.886120916988
2018.0,,Chiapas,San Cristóbal de las Casas,,alto,-92.3702639268516,16.886120916988
2018.0,,Chiapas,San Cristóbal de las Casas,,alto,-92.3702639268516,16.886120916988
2018.0,,Chiapas,San Cristóbal de las Casas,,alto,-92.3702639268516,16.886120916988
2018.0,,Chiapas,San Cristóbal de las Casas,,alto,-92.3702639268516,16.886120916988
2018.0,,Chiapas,San Cristóbal de las Casas,,alto,-92.6499535232897,16.7289800692057
2018.0,,Chiapas,San Cristóbal de las Casas,,alto,-92.6499535232897,16.7289800692057
2018.0,,Chiapas,San Cristóbal de las Casas,,alto,-92.6499535232897,16.7289800692057
2018.0,,Chiapas,San Cristóbal de las Casas,,alto,-92.6499535232897,16.7289800692057
2018.0,,Chiapas,San Cristóbal de las Casas,,alto,-92.3702639268516,16.886120916988
2018.0,,Chiapas,San Cristóbal de las Casas,,alto,-92.3702639268516,16.886120916988
2018.0,,Chiapas,San Cristóbal de las Casas,,alto,-92.3702639268516,16.886120916988
2018.0,,Chiapas,San Cristóbal de las Casas,,alto,-92.3702639268516,16.886120916988
2018.0,,Chiapas,San Cristóbal de las Casas,,alto,-92.3702639268516,16.886120916988
2018.0,,Chiapas,San Cristóbal de las Casas,,alto,-92.3702639268516,16.886120916988
2018.0,,Chiapas,San Cristóbal de las Casas,,alto,-92.6499535232897,16.7289800692057
2018.0,,Chiapas,San Cristóbal de las Casas,,alto,-92.6499535232897,16.7289800692057
2018.0,,Chiapas,San Cristóbal de las Casas,,alto,-92.6499535232897,16.7289800692057
2018.0,,Chiapas,San Cristóbal de las Casas,,alto,-92.6499535232897,16.7289800692057
2018.0,,Chiapas,San Cristóbal de las Casas,,alto,-92.3702639268516,16.886120916988
2018.0,,Chiapas,San Cristóbal de las Casas,,alto,-92.3702639268516,16.886120916988
2018.0,,Chiapas,San Cristóbal de las Casas,,alto,-92.3702639268516,16.886120916988
2018.0,,Chiapas,San Cristóbal de las Casas,,alto,-92.3702639268516,16.886120916988
2018.0,,Chiapas,San Cristóbal de las Casas,,alto,-92.3702639268516,16.886120916988
2018.0,,Chiapas,San Cristóbal de las Casas,,alto,-92.3702639268516,16.886120916988
2018.0,,Chiapas,San Cristóbal de las Casas,,alto,-92.6499535232897,16.7289800692057
2018.0,,Chiapas,San Cristóbal de las Casas,,alto,-92.6499535232897,16.7289800692057
2018.0,,Chiapas,San Cristóbal de las Casas,,alto,-92.6499535232897,16.7289800692057
2018.0,,Chiapas,San Cristóbal de las Casas,,alto,-92.6499535232897,16.7289800692057
2018.0,,Chiapas,San Cristóbal de las Casas,,alto,-92.3702639268516,16.886120916988
2018.0,,Chiapas,San Cristóbal de las Casas,,alto,-92.3702639268516,16.886120916988
2018.0,,Chiapas,San Cristóbal de las Casas,,alto,-92.3702639268516,16.886120916988
2018.0,,Chiapas,San Cristóbal de las Casas,,alto,-92.3702639268516,16.886120916988
2018.0,,Chiapas,San Cristóbal de las Casas,,alto,-92.3702639268516,16.886120916988
2018.0,,Chiapas,San Cristóbal de las Casas,,alto,-92.3702639268516,16.886120916988
2018.0,,Chiapas,San Cristóbal de las Casas,,alto,-92.6499535232897,16.7289800692057
2018.0,,Chiapas,San Cristóbal de las Casas,,alto,-92.6499535232897,16.7289800692057
2018.0,,Chiapas,San Cristóbal de las Casas,,alto,-92.6499535232897,16.7289800692057
2018.0,,Chiapas,San Cristóbal de las Casas,,alto,-92.6499535232897,16.7289800692057
2018.0,,Chiapas,San Cristóbal de las Casas,,alto,-92.3702639268516,16.886120916988
2018.0,,Chiapas,San Cristóbal de las Casas,,alto,-92.3702639268516,16.886120916988
2018.0,,Chiapas,San Cristóbal de las Casas,,alto,-92.3702639268516,16.886120916988
2018.0,,Chiapas,San Cristóbal de las Casas,,alto,-92.3702639268516,16.886120916988
2018.0,,Chiapas,San Cristóbal de las Casas,,alto,-92.3702639268516,16.886120916988
2018.0,,Chiapas,San Cristóbal de las Casas,,alto,-92.3702639268516,16.886120916988
2018.0,,Chiapas,San Cristóbal de las Casas,,alto,-92.6499535232897,16.7289800692057
2018.0,,Chiapas,San Cristóbal de las Casas,,alto,-92.6499535232897,16.7289800692057
2018.0,,Chiapas,San Cristóbal de las Casas,,alto,-92.6499535232897,16.7289800692057
2018.0,,Chiapas,San Cristóbal de las Casas,,alto,-92.6499535232897,16.7289800692057
2018.0,,Chiapas,San Cristóbal de las Casas,,alto,-92.3702639268516,16.886120916988
2018.0,,Chiapas,San Cristóbal de las Casas,,alto,-92.3702639268516,16.886120916988
2018.0,,Chiapas,San Cristóbal de las Casas,,alto,-92.3702639268516,16.886120916988
2018.0,,Chiapas,San Cristóbal de las Casas,,alto,-92.3702639268516,16.886120916988
2018.0,,Chiapas,San Cristóbal de las Casas,,alto,-92.3702639268516,16.886120916988
2018.0,,Chiapas,San Cristóbal de las Casas,,alto,-92.3702639268516,16.886120916988
2018.0,,Chiapas,San Cristóbal de las Casas,,alto,-92.6499535232897,16.7289800692057
2018.0,,Chiapas,San Cristóbal de las Casas,,alto,-92.6499535232897,16.7289800692057
2018.0,,Chiapas,San Cristóbal de las Casas,,alto,-92.6499535232897,16.7289800692057
2018.0,,Chiapas,San Cristóbal de las Casas,,alto,-92.6499535232897,16.7289800692057
2018.0,,Chiapas,San Cristóbal de las Casas,,alto,-92.3702639268516,16.886120916988
2018.0,,Chiapas,San Cristóbal de las Casas,,alto,-92.3702639268516,16.886120916988
2018.0,,Chiapas,San Cristóbal de las Casas,,alto,-92.3702639268516,16.886120916988
2018.0,,Chiapas,San Cristóbal de las Casas,,alto,-92.3702639268516,16.886120916988
2018.0,,Chiapas,San Cristóbal de las Casas,,alto,-92.3702639268516,16.886120916988
2018.0,,Chiapas,San Cristóbal de las Casas,,alto,-92.3702639268516,16.886120916988
2018.0,,Chiapas,San Cristóbal de las Casas,,alto,-92.6499535232897,16.7289800692057
2018.0,,Chiapas,San Cristóbal de las Casas,,alto,-92.6499535232897,16.7289800692057
2018.0,,Chiapas,San Cristóbal de las Casas,,alto,-92.6499535232897,16.7289800692057
2018.0,,Chiapas,San Cristóbal de las Casas,,alto,-92.6499535232897,16.7289800692057
2018.0,,Chiapas,San Cristóbal de las Casas,,alto,-92.3702639268516,16.886120916988
2018.0,,Chiapas,San Cristóbal de las Casas,,alto,-92.3702639268516,16.886120916988
2018.0,,Chiapas,San Cristóbal de las Casas,,alto,-92.3702639268516,16.886120916988
2018.0,,Chiapas,San Cristóbal de las Casas,,alto,-92.3702639268516,16.886120916988
2018.0,,Chiapas,San Cristóbal de las Casas,,alto,-92.3702639268516,16.886120916988
2018.0,,Chiapas,San Cristóbal de las Casas,,alto,-92.3702639268516,16.886120916988
2018.0,,Chiapas,San Cristóbal de las Casas,,alto,-92.6499535232897,16.7289800692057
2018.0,,Chiapas,San Cristóbal de las Casas,,alto,-92.6499535232897,16.7289800692057
2018.0,,Chiapas,San Cristóbal de las Casas,,alto,-92.6499535232897,16.7289800692057
2018.0,,Chiapas,San Cristóbal de las Casas,,alto,-92.6499535232897,16.7289800692057
2018.0,,Chiapas,San Cristóbal de las Casas,,alto,-92.3702639268516,16.886120916988
2018.0,,Chiapas,San Cristóbal de las Casas,,alto,-92.3702639268516,16.886120916988
2018.0,,Chiapas,San Cristóbal de las Casas,,alto,-92.3702639268516,16.886120916988
2018.0,,Chiapas,San Cristóbal de las Casas,,alto,-92.3702639268516,16.886120916988
2018.0,,Chiapas,San Cristóbal de las Casas,,alto,-92.3702639268516,16.886120916988
2018.0,,Chiapas,San Cristóbal de las Casas,,alto,-92.3702639268516,16.886120916988
2018.0,,Chiapas,San Cristóbal de las Casas,,alto,-92.6499535232897,16.7289800692057
2018.0,,Chiapas,San Cristóbal de las Casas,,alto,-92.6499535232897,16.7289800692057
2018.0,,Chiapas,San Cristóbal de las Casas,,alto,-92.6499535232897,16.7289800692057
2018.0,,Chiapas,San Cristóbal de las Casas,,alto,-92.6499535232897,16.7289800692057
2018.0,,Chiapas,San Cristóbal de las Casas,,alto,-92.3702639268516,16.886120916988
2018.0,,Chiapas,San Cristóbal de las Casas,,alto,-92.3702639268516,16.886120916988
2018.0,,Chiapas,San Cristóbal de las Casas,,alto,-92.3702639268516,16.886120916988
2018.0,,Chiapas,San Cristóbal de las Casas,,alto,-92.3702639268516,16.886120916988
2018.0,,Chiapas,San Cristóbal de las Casas,,alto,-92.3702639268516,16.886120916988
2018.0,,Chiapas,San Cristóbal de las Casas,,alto,-92.3702639268516,16.886120916988
2018.0,,Chiapas,San Cristóbal de las Casas,,alto,-92.6499535232897,16.7289800692057
2018.0,,Chiapas,San Cristóbal de las Casas,,alto,-92.6499535232897,16.7289800692057
2018.0,,Chiapas,San Cristóbal de las Casas,,alto,-92.6499535232897,16.7289800692057
2018.0,,Chiapas,San Cristóbal de las Casas,,alto,-92.6499535232897,16.7289800692057
2018.0,,Chiapas,San Cristóbal de las Casas,,alto,-92.3702639268516,16.886120916988
2018.0,,Chiapas,San Cristóbal de las Casas,,alto,-92.3702639268516,16.886120916988
2018.0,,Chiapas,San Cristóbal de las Casas,,alto,-92.3702639268516,16.886120916988
2018.0,,Chiapas,San Cristóbal de las Casas,,alto,-92.3702639268516,16.886120916988
2018.0,,Chiapas,San Cristóbal de las Casas,,alto,-92.3702639268516,16.886120916988
2018.0,,Chiapas,San Cristóbal de las Casas,,alto,-92.3702639268516,16.886120916988
2018.0,,Chiapas,San Cristóbal de las Casas,,alto,-92.6499535232897,16.7289800692057
2018.0,,Chiapas,San Cristóbal de las Casas,,alto,-92.6499535232897,16.7289800692057
2018.0,,Chiapas,San Cristóbal de las Casas,,alto,-92.6499535232897,16.7289800692057
2018.0,,Chiapas,San Cristóbal de las Casas,,alto,-92.6499535232897,16.7289800692057
2018.0,,Chiapas,San Cristóbal de las Casas,,alto,-92.3702639268516,16.886120916988
2018.0,,Chiapas,San Cristóbal de las Casas,,alto,-92.3702639268516,16.886120916988
2018.0,,Chiapas,San Cristóbal de las Casas,,alto,-92.3702639268516,16.886120916988
2018.0,,Chiapas,San Cristóbal de las Casas,,alto,-92.3702639268516,16.886120916988
2018.0,,Chiapas,San Cristóbal de las Casas,,alto,-92.3702639268516,16.886120916988
2018.0,,Chiapas,San Cristóbal de las Casas,,alto,-92.3702639268516,16.886120916988
2018.0,,Chiapas,San Cristóbal de las Casas,,alto,-92.6499535232897,16.7289800692057
2018.0,,Chiapas,San Cristóbal de las Casas,,alto,-92.6499535232897,16.7289800692057
2018.0,,Chiapas,San Cristóbal de las Casas,,alto,-92.6499535232897,16.7289800692057
2018.0,,Chiapas,San Cristóbal de las Casas,,alto,-92.6499535232897,16.7289800692057
2018.0,,Chiapas,San Cristóbal de las Casas,,alto,-92.3702639268516,16.886120916988
2018.0,,Chiapas,San Cristóbal de las Casas,,alto,-92.3702639268516,16.886120916988
2018.0,,Chiapas,San Cristóbal de las Casas,,alto,-92.3702639268516,16.886120916988
2018.0,,Chiapas,San Cristóbal de las Casas,,alto,-92.3702639268516,16.886120916988
2018.0,,Chiapas,San Cristóbal de las Casas,,alto,-92.3702639268516,16.886120916988
2018.0,,Chiapas,San Cristóbal de las Casas,,alto,-92.3702639268516,16.886120916988
2018.0,,Chiapas,San Cristóbal de las Casas,,alto,-92.6499535232897,16.7289800692057
2018.0,,Chiapas,San Cristóbal de las Casas,,alto,-92.6499535232897,16.7289800692057
2018.0,,Chiapas,San Cristóbal de las Casas,,alto,-92.6499535232897,16.7289800692057
2018.0,,Chiapas,San Cristóbal de las Casas,,alto,-92.6499535232897,16.7289800692057
2018.0,,Chiapas,San Cristóbal de las Casas,,alto,-92.3702639268516,16.886120916988
2018.0,,Chiapas,San Cristóbal de las Casas,,alto,-92.3702639268516,16.886120916988
2018.0,,Chiapas,San Cristóbal de las Casas,,alto,-92.3702639268516,16.886120916988
2018.0,,Chiapas,San Cristóbal de las Casas,,alto,-92.3702639268516,16.886120916988
2018.0,,Chiapas,San Cristóbal de las Casas,,alto,-92.3702639268516,16.886120916988
2018.0,,Chiapas,San Cristóbal de las Casas,,alto,-92.3702639268516,16.886120916988
2018.0,,Chiapas,San Cristóbal de las Casas,,alto,-92.6499535232897,16.7289800692057
2018.0,,Chiapas,San Cristóbal de las Casas,,alto,-92.6499535232897,16.7289800692057
2018.0,,Chiapas,San Cristóbal de las Casas,,alto,-92.6499535232897,16.7289800692057
2018.0,,Chiapas,San Cristóbal de las Casas,,alto,-92.6499535232897,16.7289800692057
2018.0,,Chiapas,San Cristóbal de las Casas,,alto,-92.3702639268516,16.886120916988
2018.0,,Chiapas,San Cristóbal de las Casas,,alto,-92.3702639268516,16.886120916988
2018.0,,Chiapas,San Cristóbal de las Casas,,alto,-92.3702639268516,16.886120916988
2018.0,,Chiapas,San Cristóbal de las Casas,,alto,-92.3702639268516,16.886120916988
2018.0,,Chiapas,San Cristóbal de las Casas,,alto,-92.3702639268516,16.886120916988
2018.0,,Chiapas,San Cristóbal de las Casas,,alto,-92.3702639268516,16.886120916988
2018.0,,Chiapas,San Cristóbal de las Casas,,alto,-92.6499535232897,16.7289800692057
2018.0,,Chiapas,San Cristóbal de las Casas,,alto,-92.6499535232897,16.7289800692057
2018.0,,Chiapas,San Cristóbal de las Casas,,alto,-92.6499535232897,16.7289800692057
2018.0,,Chiapas,San Cristóbal de las Casas,,alto,-92.6499535232897,16.7289800692057
2018.0,,Chiapas,San Cristóbal de las Casas,,alto,-92.3702639268516,16.886120916988
2018.0,,Chiapas,San Cristóbal de las Casas,,alto,-92.3702639268516,16.886120916988
2018.0,,Chiapas,San Cristóbal de las Casas,,alto,-92.3702639268516,16.886120916988
2018.0,,Chiapas,San Cristóbal de las Casas,,alto,-92.3702639268516,16.886120916988
2018.0,,Chiapas,San Cristóbal de las Casas,,alto,-92.3702639268516,16.886120916988
2018.0,,Chiapas,San Cristóbal de las Casas,,alto,-92.3702639268516,16.886120916988
2018.0,,Chiapas,San Cristóbal de las Casas,,alto,-92.6499535232897,16.7289800692057
2018.0,,Chiapas,San Cristóbal de las Casas,,alto,-92.6499535232897,16.7289800692057
2018.0,,Chiapas,San Cristóbal de las Casas,,alto,-92.6499535232897,16.7289800692057
2018.0,,Chiapas,San Cristóbal de las Casas,,alto,-92.6499535232897,16.7289800692057
2018.0,,Chiapas,San Cristóbal de las Casas,,alto,-92.3702639268516,16.886120916988
2018.0,,Chiapas,San Cristóbal de las Casas,,alto,-92.3702639268516,16.886120916988
2018.0,,Chiapas,San Cristóbal de las Casas,,alto,-92.3702639268516,16.886120916988
2018.0,,Chiapas,San Cristóbal de las Casas,,alto,-92.3702639268516,16.886120916988
2018.0,,Chiapas,San Cristóbal de las Casas,,alto,-92.3702639268516,16.886120916988
2018.0,,Chiapas,San Cristóbal de las Casas,,alto,-92.3702639268516,16.886120916988
2018.0,,Chiapas,San Cristóbal de las Casas,,alto,-92.6499535232897,16.7289800692057
2018.0,,Chiapas,San Cristóbal de las Casas,,alto,-92.6499535232897,16.7289800692057
2018.0,,Chiapas,San Cristóbal de las Casas,,alto,-92.6499535232897,16.7289800692057
2018.0,,Chiapas,San Cristóbal de las Casas,,alto,-92.6499535232897,16.7289800692057
2018.0,,Chiapas,San Cristóbal de las Casas,,alto,-92.3702639268516,16.886120916988
2018.0,,Chiapas,San Cristóbal de las Casas,,alto,-92.3702639268516,16.886120916988
2018.0,,Chiapas,San Cristóbal de las Casas,,alto,-92.3702639268516,16.886120916988
2018.0,,Chiapas,San Cristóbal de las Casas,,alto,-92.3702639268516,16.886120916988
2018.0,,Chiapas,San Cristóbal de las Casas,,alto,-92.3702639268516,16.886120916988
2018.0,,Chiapas,San Cristóbal de las Casas,,alto,-92.3702639268516,16.886120916988
2018.0,,Chiapas,San Cristóbal de las Casas,,alto,-92.6499535232897,16.7289800692057
2018.0,,Chiapas,San Cristóbal de las Casas,,alto,-92.6499535232897,16.7289800692057
2018.0,,Chiapas,San Cristóbal de las Casas,,alto,-92.6499535232897,16.7289800692057
2018.0,,Chiapas,San Cristóbal de las Casas,,alto,-92.6499535232897,16.7289800692057
2018.0,,Chiapas,San Cristóbal de las Casas,,alto,-92.3702639268516,16.886120916988
2018.0,,Chiapas,San Cristóbal de las Casas,,alto,-92.3702639268516,16.886120916988
2018.0,,Chiapas,San Cristóbal de las Casas,,alto,-92.6499535232897,16.7289800692057
2018.0,,Chiapas,San Cristóbal de las Casas,,alto,-92.6499535232897,16.7289800692057
2018.0,,Chiapas,San Cristóbal de las Casas,,alto,-92.6499535232897,16.7289800692057
2018.0,,Chiapas,San Cristóbal de las Casas,,alto,-92.6499535232897,16.7289800692057
2018.0,,Chiapas,San Cristóbal de las Casas,,alto,-92.6499535232897,16.7289800692057
2018.0,,Chiapas,San Cristóbal de las Casas,,alto,-92.6499535232897,16.7289800692057
2018.0,,Chiapas,San Cristóbal de las Casas,,alto,-92.6499535232897,16.7289800692057
2018.0,,Chiapas,San Cristóbal de las Casas,,alto,-92.6499535232897,16.7289800692057
2018.0,,Chiapas,San Cristóbal de las Casas,,alto,-92.3702639268516,16.886120916988
2018.0,,Chiapas,San Cristóbal de las Casas,,alto,-92.3702639268516,16.886120916988
2018.0,,Chiapas,San Cristóbal de las Casas,,alto,-92.6499535232897,16.7289800692057
2018.0,,Chiapas,San Cristóbal de las Casas,,alto,-92.6499535232897,16.7289800692057
2018.0,,Chiapas,San Cristóbal de las Casas,,alto,-92.6499535232897,16.7289800692057
2018.0,,Chiapas,San Cristóbal de las Casas,,alto,-92.6499535232897,16.7289800692057
2018.0,,Chiapas,San Cristóbal de las Casas,,alto,-92.6499535232897,16.7289800692057
2018.0,,Chiapas,San Cristóbal de las Casas,,alto,-92.6499535232897,16.7289800692057
2018.0,,Chiapas,San Cristóbal de las Casas,,alto,-92.6499535232897,16.7289800692057
2018.0,,Chiapas,San Cristóbal de las Casas,,alto,-92.6499535232897,16.7289800692057
2018.0,,Chiapas,San Cristóbal de las Casas,,alto,-92.3702639268516,16.886120916988
2018.0,,Chiapas,San Cristóbal de las Casas,,alto,-92.3702639268516,16.886120916988
2018.0,,Chiapas,San Cristóbal de las Casas,,alto,-92.6499535232897,16.7289800692057
2018.0,,Chiapas,San Cristóbal de las Casas,,alto,-92.6499535232897,16.7289800692057
2018.0,,Chiapas,San Cristóbal de las Casas,,alto,-92.6499535232897,16.7289800692057
2018.0,,Chiapas,San Cristóbal de las Casas,,alto,-92.6499535232897,16.7289800692057
2018.0,,Chiapas,San Cristóbal de las Casas,,alto,-92.6499535232897,16.7289800692057
2018.0,,Chiapas,San Cristóbal de las Casas,,alto,-92.6499535232897,16.7289800692057
2018.0,,Chiapas,San Cristóbal de las Casas,,alto,-92.6499535232897,16.7289800692057
2018.0,,Chiapas,San Cristóbal de las Casas,,alto,-92.6499535232897,16.7289800692057
2018.0,,Chiapas,San Cristóbal de las Casas,,alto,-92.3702639268516,16.886120916988
2018.0,,Chiapas,San Cristóbal de las Casas,,alto,-92.3702639268516,16.886120916988
2018.0,,Chiapas,San Cristóbal de las Casas,,alto,-92.6499535232897,16.7289800692057
2018.0,,Chiapas,San Cristóbal de las Casas,,alto,-92.6499535232897,16.7289800692057
2018.0,,Chiapas,San Cristóbal de las Casas,,alto,-92.6499535232897,16.7289800692057
2018.0,,Chiapas,San Cristóbal de las Casas,,alto,-92.6499535232897,16.7289800692057
2018.0,,Chiapas,San Cristóbal de las Casas,,alto,-92.6499535232897,16.7289800692057
2018.0,,Chiapas,San Cristóbal de las Casas,,alto,-92.6499535232897,16.7289800692057
2018.0,,Chiapas,San Cristóbal de las Casas,,alto,-92.6499535232897,16.7289800692057
2018.0,,Chiapas,San Cristóbal de las Casas,,alto,-92.6499535232897,16.7289800692057
2018.0,,Chiapas,San Cristóbal de las Casas,,alto,-92.3702639268516,16.886120916988
2018.0,,Chiapas,San Cristóbal de las Casas,,alto,-92.3702639268516,16.886120916988
2018.0,,Chiapas,San Cristóbal de las Casas,,alto,-92.6499535232897,16.7289800692057
2018.0,,Chiapas,San Cristóbal de las Casas,,alto,-92.6499535232897,16.7289800692057
2018.0,,Chiapas,San Cristóbal de las Casas,,alto,-92.6499535232897,16.7289800692057
2018.0,,Chiapas,San Cristóbal de las Casas,,alto,-92.6499535232897,16.7289800692057
2018.0,,Chiapas,San Cristóbal de las Casas,,alto,-92.6499535232897,16.7289800692057
2018.0,,Chiapas,San Cristóbal de las Casas,,alto,-92.6499535232897,16.7289800692057
2018.0,,Chiapas,San Cristóbal de las Casas,,alto,-92.6499535232897,16.7289800692057
2018.0,,Chiapas,San Cristóbal de las Casas,,alto,-92.6499535232897,16.7289800692057
2018.0,,Chiapas,San Cristóbal de las Casas,,alto,-92.3702639268516,16.886120916988
2018.0,,Chiapas,San Cristóbal de las Casas,,alto,-92.3702639268516,16.886120916988
2018.0,,Chiapas,San Cristóbal de las Casas,,alto,-92.6499535232897,16.7289800692057
2018.0,,Chiapas,San Cristóbal de las Casas,,alto,-92.6499535232897,16.7289800692057
2018.0,,Chiapas,San Cristóbal de las Casas,,alto,-92.6499535232897,16.7289800692057
2018.0,,Chiapas,San Cristóbal de las Casas,,alto,-92.6499535232897,16.7289800692057
2018.0,,Chiapas,San Cristóbal de las Casas,,alto,-92.6499535232897,16.7289800692057
2018.0,,Chiapas,San Cristóbal de las Casas,,alto,-92.6499535232897,16.7289800692057
2018.0,,Chiapas,San Cristóbal de las Casas,,alto,-92.6499535232897,16.7289800692057
2018.0,,Chiapas,San Cristóbal de las Casas,,alto,-92.6499535232897,16.7289800692057
2018.0,,Chiapas,San Cristóbal de las Casas,,alto,-92.3702639268516,16.886120916988
2018.0,,Chiapas,San Cristóbal de las Casas,,alto,-92.3702639268516,16.886120916988
2018.0,,Chiapas,San Cristóbal de las Casas,,alto,-92.6499535232897,16.7289800692057
2018.0,,Chiapas,San Cristóbal de las Casas,,alto,-92.6499535232897,16.7289800692057
2018.0,,Chiapas,San Cristóbal de las Casas,,alto,-92.6499535232897,16.7289800692057
2018.0,,Chiapas,San Cristóbal de las Casas,,alto,-92.6499535232897,16.7289800692057
2018.0,,Chiapas,San Cristóbal de las Casas,,alto,-92.6499535232897,16.7289800692057
2018.0,,Chiapas,San Cristóbal de las Casas,,alto,-92.6499535232897,16.7289800692057
2018.0,,Chiapas,San Cristóbal de las Casas,,alto,-92.6499535232897,16.7289800692057
2018.0,,Chiapas,San Cristóbal de las Casas,,alto,-92.6499535232897,16.7289800692057
2018.0,,Chiapas,San Cristóbal de las Casas,,alto,-92.3702639268516,16.886120916988
2018.0,,Chiapas,San Cristóbal de las Casas,,alto,-92.3702639268516,16.886120916988
2018.0,,Chiapas,San Cristóbal de las Casas,,alto,-92.6499535232897,16.7289800692057
2018.0,,Chiapas,San Cristóbal de las Casas,,alto,-92.6499535232897,16.7289800692057
2018.0,,Chiapas,San Cristóbal de las Casas,,alto,-92.6499535232897,16.7289800692057
2018.0,,Chiapas,San Cristóbal de las Casas,,alto,-92.6499535232897,16.7289800692057
2018.0,,Chiapas,San Cristóbal de las Casas,,alto,-92.6499535232897,16.7289800692057
2018.0,,Chiapas,San Cristóbal de las Casas,,alto,-92.6499535232897,16.7289800692057
2018.0,,Chiapas,San Cristóbal de las Casas,,alto,-92.6499535232897,16.7289800692057
2018.0,,Chiapas,San Cristóbal de las Casas,,alto,-92.6499535232897,16.7289800692057
2018.0,,Chiapas,San Cristóbal de las Casas,,alto,-92.3702639268516,16.886120916988
2018.0,,Chiapas,San Cristóbal de las Casas,,alto,-92.3702639268516,16.886120916988
2018.0,,Chiapas,San Cristóbal de las Casas,,alto,-92.6499535232897,16.7289800692057
2018.0,,Chiapas,San Cristóbal de las Casas,,alto,-92.6499535232897,16.7289800692057
2018.0,,Chiapas,San Cristóbal de las Casas,,alto,-92.6499535232897,16.7289800692057
2018.0,,Chiapas,San Cristóbal de las Casas,,alto,-92.6499535232897,16.7289800692057
2018.0,,Chiapas,San Cristóbal de las Casas,,alto,-92.6499535232897,16.7289800692057
2018.0,,Chiapas,San Cristóbal de las Casas,,alto,-92.6499535232897,16.7289800692057
2018.0,,Chiapas,San Cristóbal de las Casas,,alto,-92.6499535232897,16.7289800692057
2018.0,,Chiapas,San Cristóbal de las Casas,,alto,-92.6499535232897,16.7289800692057
2018.0,,Chiapas,San Cristóbal de las Casas,,alto,-92.3702639268516,16.886120916988
2018.0,,Chiapas,San Cristóbal de las Casas,,alto,-92.3702639268516,16.886120916988
2018.0,,Chiapas,San Cristóbal de las Casas,,alto,-92.6499535232897,16.7289800692057
2018.0,,Chiapas,San Cristóbal de las Casas,,alto,-92.6499535232897,16.7289800692057
2018.0,,Chiapas,San Cristóbal de las Casas,,alto,-92.6499535232897,16.7289800692057
2018.0,,Chiapas,San Cristóbal de las Casas,,alto,-92.6499535232897,16.7289800692057
2018.0,,Chiapas,San Cristóbal de las Casas,,alto,-92.6499535232897,16.7289800692057
2018.0,,Chiapas,San Cristóbal de las Casas,,alto,-92.6499535232897,16.7289800692057
2018.0,,Chiapas,San Cristóbal de las Casas,,alto,-92.6499535232897,16.7289800692057
2018.0,,Chiapas,San Cristóbal de las Casas,,alto,-92.6499535232897,16.7289800692057
2018.0,,Chiapas,San Cristóbal de las Casas,,alto,-92.3702639268516,16.886120916988
2018.0,,Chiapas,San Cristóbal de las Casas,,alto,-92.3702639268516,16.886120916988
2018.0,,Chiapas,San Cristóbal de las Casas,,alto,-92.6499535232897,16.7289800692057
2018.0,,Chiapas,San Cristóbal de las Casas,,alto,-92.6499535232897,16.7289800692057
2018.0,,Chiapas,San Cristóbal de las Casas,,alto,-92.6499535232897,16.7289800692057
2018.0,,Chiapas,San Cristóbal de las Casas,,alto,-92.6499535232897,16.7289800692057
2018.0,,Chiapas,San Cristóbal de las Casas,,alto,-92.6499535232897,16.7289800692057
2018.0,,Chiapas,San Cristóbal de las Casas,,alto,-92.6499535232897,16.7289800692057
2018.0,,Chiapas,San Cristóbal de las Casas,,alto,-92.6499535232897,16.7289800692057
2018.0,,Chiapas,San Cristóbal de las Casas,,alto,-92.6499535232897,16.7289800692057
2018.0,,Chiapas,San Cristóbal de las Casas,,alto,-92.3702639268516,16.886120916988
2018.0,,Chiapas,San Cristóbal de las Casas,,alto,-92.3702639268516,16.886120916988
2018.0,,Chiapas,San Cristóbal de las Casas,,alto,-92.6499535232897,16.7289800692057
2018.0,,Chiapas,San Cristóbal de las Casas,,alto,-92.6499535232897,16.7289800692057
2018.0,,Chiapas,San Cristóbal de las Casas,,alto,-92.6499535232897,16.7289800692057
2018.0,,Chiapas,San Cristóbal de las Casas,,alto,-92.6499535232897,16.7289800692057
2018.0,,Chiapas,San Cristóbal de las Casas,,alto,-92.6499535232897,16.7289800692057
2018.0,,Chiapas,San Cristóbal de las Casas,,alto,-92.6499535232897,16.7289800692057
2018.0,,Chiapas,San Cristóbal de las Casas,,alto,-92.6499535232897,16.7289800692057
2018.0,,Chiapas,San Cristóbal de las Casas,,alto,-92.6499535232897,16.7289800692057
2018.0,,Chiapas,San Cristóbal de las Casas,,alto,-92.3702639268516,16.886120916988
2018.0,,Chiapas,San Cristóbal de las Casas,,alto,-92.3702639268516,16.886120916988
2018.0,,Chiapas,San Cristóbal de las Casas,,alto,-92.6499535232897,16.7289800692057
2018.0,,Chiapas,San Cristóbal de las Casas,,alto,-92.6499535232897,16.7289800692057
2018.0,,Chiapas,San Cristóbal de las Casas,,alto,-92.6499535232897,16.7289800692057
2018.0,,Chiapas,San Cristóbal de las Casas,,alto,-92.6499535232897,16.7289800692057
2018.0,,Chiapas,San Cristóbal de las Casas,,alto,-92.6499535232897,16.7289800692057
2018.0,,Chiapas,San Cristóbal de las Casas,,alto,-92.6499535232897,16.7289800692057
2018.0,,Chiapas,San Cristóbal de las Casas,,alto,-92.6499535232897,16.7289800692057
2018.0,,Chiapas,San Cristóbal de las Casas,,alto,-92.6499535232897,16.7289800692057
2018.0,,Chiapas,San Cristóbal de las Casas,,alto,-92.3702639268516,16.886120916988
2018.0,,Chiapas,San Cristóbal de las Casas,,alto,-92.3702639268516,16.886120916988
2018.0,,Chiapas,San Cristóbal de las Casas,,alto,-92.6499535232897,16.7289800692057
2018.0,,Chiapas,San Cristóbal de las Casas,,alto,-92.6499535232897,16.7289800692057
2018.0,,Chiapas,San Cristóbal de las Casas,,alto,-92.6499535232897,16.7289800692057
2018.0,,Chiapas,San Cristóbal de las Casas,,alto,-92.6499535232897,16.7289800692057
2018.0,,Chiapas,San Cristóbal de las Casas,,alto,-92.6499535232897,16.7289800692057
2018.0,,Chiapas,San Cristóbal de las Casas,,alto,-92.6499535232897,16.7289800692057
2018.0,,Chiapas,San Cristóbal de las Casas,,alto,-92.6499535232897,16.7289800692057
2018.0,,Chiapas,San Cristóbal de las Casas,,alto,-92.6499535232897,16.7289800692057
2018.0,,Chiapas,San Cristóbal de las Casas,,alto,-92.3702639268516,16.886120916988
2018.0,,Chiapas,San Cristóbal de las Casas,,alto,-92.3702639268516,16.886120916988
2018.0,,Chiapas,San Cristóbal de las Casas,,alto,-92.6499535232897,16.7289800692057
2018.0,,Chiapas,San Cristóbal de las Casas,,alto,-92.6499535232897,16.7289800692057
2018.0,,Chiapas,San Cristóbal de las Casas,,alto,-92.6499535232897,16.7289800692057
2018.0,,Chiapas,San Cristóbal de las Casas,,alto,-92.6499535232897,16.7289800692057
2018.0,,Chiapas,San Cristóbal de las Casas,,alto,-92.6499535232897,16.7289800692057
2018.0,,Chiapas,San Cristóbal de las Casas,,alto,-92.6499535232897,16.7289800692057
2018.0,,Chiapas,San Cristóbal de las Casas,,alto,-92.6499535232897,16.7289800692057
2018.0,,Chiapas,San Cristóbal de las Casas,,alto,-92.6499535232897,16.7289800692057
2018.0,,Chiapas,San Cristóbal de las Casas,,alto,-92.3702639268516,16.886120916988
2018.0,,Chiapas,San Cristóbal de las Casas,,alto,-92.3702639268516,16.886120916988
2018.0,,Chiapas,San Cristóbal de las Casas,,alto,-92.6499535232897,16.7289800692057
2018.0,,Chiapas,San Cristóbal de las Casas,,alto,-92.6499535232897,16.7289800692057
2018.0,,Chiapas,San Cristóbal de las Casas,,alto,-92.6499535232897,16.7289800692057
2018.0,,Chiapas,San Cristóbal de las Casas,,alto,-92.6499535232897,16.7289800692057
2018.0,,Chiapas,San Cristóbal de las Casas,,alto,-92.6499535232897,16.7289800692057
2018.0,,Chiapas,San Cristóbal de las Casas,,alto,-92.6499535232897,16.7289800692057
2018.0,,Chiapas,San Cristóbal de las Casas,,alto,-92.6499535232897,16.7289800692057
2018.0,,Chiapas,San Cristóbal de las Casas,,alto,-92.6499535232897,16.7289800692057
2018.0,,Chiapas,San Cristóbal de las Casas,,alto,-92.3702639268516,16.886120916988
2018.0,,Chiapas,San Cristóbal de las Casas,,alto,-92.3702639268516,16.886120916988
2018.0,,Chiapas,San Cristóbal de las Casas,,alto,-92.6499535232897,16.7289800692057
2018.0,,Chiapas,San Cristóbal de las Casas,,alto,-92.6499535232897,16.7289800692057
2018.0,,Chiapas,San Cristóbal de las Casas,,alto,-92.6499535232897,16.7289800692057
2018.0,,Chiapas,San Cristóbal de las Casas,,alto,-92.6499535232897,16.7289800692057
2018.0,,Chiapas,San Cristóbal de las Casas,,alto,-92.6499535232897,16.7289800692057
2018.0,,Chiapas,San Cristóbal de las Casas,,alto,-92.6499535232897,16.7289800692057
2018.0,,Chiapas,San Cristóbal de las Casas,,alto,-92.6499535232897,16.7289800692057
2018.0,,Chiapas,San Cristóbal de las Casas,,alto,-92.6499535232897,16.7289800692057
2018.0,,Chiapas,San Cristóbal de las Casas,,alto,-92.3702639268516,16.886120916988
2018.0,,Chiapas,San Cristóbal de las Casas,,alto,-92.3702639268516,16.886120916988
2018.0,,Chiapas,San Cristóbal de las Casas,,alto,-92.6499535232897,16.7289800692057
2018.0,,Chiapas,San Cristóbal de las Casas,,alto,-92.6499535232897,16.7289800692057
2018.0,,Chiapas,San Cristóbal de las Casas,,alto,-92.6499535232897,16.7289800692057
2018.0,,Chiapas,San Cristóbal de las Casas,,alto,-92.6499535232897,16.7289800692057
2018.0,,Chiapas,San Cristóbal de las Casas,,alto,-92.6499535232897,16.7289800692057
2018.0,,Chiapas,San Cristóbal de las Casas,,alto,-92.6499535232897,16.7289800692057
2018.0,,Chiapas,San Cristóbal de las Casas,,alto,-92.6499535232897,16.7289800692057
2018.0,,Chiapas,San Cristóbal de las Casas,,alto,-92.6499535232897,16.7289800692057
2018.0,,Chiapas,San Cristóbal de las Casas,,alto,-92.3702639268516,16.886120916988
2018.0,,Chiapas,San Cristóbal de las Casas,,alto,-92.3702639268516,16.886120916988
2018.0,,Chiapas,San Cristóbal de las Casas,,alto,-92.6499535232897,16.7289800692057
2018.0,,Chiapas,San Cristóbal de las Casas,,alto,-92.6499535232897,16.7289800692057
2018.0,,Chiapas,San Cristóbal de las Casas,,alto,-92.6499535232897,16.7289800692057
2018.0,,Chiapas,San Cristóbal de las Casas,,alto,-92.6499535232897,16.7289800692057
2018.0,,Chiapas,San Cristóbal de las Casas,,alto,-92.6499535232897,16.7289800692057
2018.0,,Chiapas,San Cristóbal de las Casas,,alto,-92.6499535232897,16.7289800692057
2018.0,,Chiapas,San Cristóbal de las Casas,,alto,-92.6499535232897,16.7289800692057
2018.0,,Chiapas,San Cristóbal de las Casas,,alto,-92.6499535232897,16.7289800692057
2018.0,,Chiapas,San Cristóbal de las Casas,,alto,-92.3702639268516,16.886120916988
2018.0,,Chiapas,San Cristóbal de las Casas,,alto,-92.3702639268516,16.886120916988
2018.0,,Chiapas,San Cristóbal de las Casas,,alto,-92.6499535232897,16.7289800692057
2018.0,,Chiapas,San Cristóbal de las Casas,,alto,-92.6499535232897,16.7289800692057
2018.0,,Chiapas,San Cristóbal de las Casas,,alto,-92.6499535232897,16.7289800692057
2018.0,,Chiapas,San Cristóbal de las Casas,,alto,-92.6499535232897,16.7289800692057
2018.0,,Chiapas,San Cristóbal de las Casas,,alto,-92.6499535232897,16.7289800692057
2018.0,,Chiapas,San Cristóbal de las Casas,,alto,-92.6499535232897,16.7289800692057
2018.0,,Chiapas,San Cristóbal de las Casas,,alto,-92.6499535232897,16.7289800692057
2018.0,,Chiapas,San Cristóbal de las Casas,,alto,-92.6499535232897,16.7289800692057
2018.0,,Chiapas,San Cristóbal de las Casas,,alto,-92.3702639268516,16.886120916988
2018.0,,Chiapas,San Cristóbal de las Casas,,alto,-92.3702639268516,16.886120916988
2018.0,,Chiapas,San Cristóbal de las Casas,,alto,-92.6499535232897,16.7289800692057
2018.0,,Chiapas,San Cristóbal de las Casas,,alto,-92.6499535232897,16.7289800692057
2018.0,,Chiapas,San Cristóbal de las Casas,,alto,-92.6499535232897,16.7289800692057
2018.0,,Chiapas,San Cristóbal de las Casas,,alto,-92.6499535232897,16.7289800692057
2018.0,,Chiapas,San Cristóbal de las Casas,,alto,-92.6499535232897,16.7289800692057
2018.0,,Chiapas,San Cristóbal de las Casas,,alto,-92.6499535232897,16.7289800692057
2018.0,,Chiapas,San Cristóbal de las Casas,,alto,-92.6499535232897,16.7289800692057
2018.0,,Chiapas,San Cristóbal de las Casas,,alto,-92.6499535232897,16.7289800692057
2018.0,,Chiapas,San Cristóbal de las Casas,,alto,-92.3702639268516,16.886120916988
2018.0,,Chiapas,San Cristóbal de las Casas,,alto,-92.3702639268516,16.886120916988
2018.0,,Chiapas,San Cristóbal de las Casas,,alto,-92.6499535232897,16.7289800692057
2018.0,,Chiapas,San Cristóbal de las Casas,,alto,-92.6499535232897,16.7289800692057
2018.0,,Chiapas,San Cristóbal de las Casas,,alto,-92.6499535232897,16.7289800692057
2018.0,,Chiapas,San Cristóbal de las Casas,,alto,-92.6499535232897,16.7289800692057
2018.0,,Chiapas,San Cristóbal de las Casas,,alto,-92.6499535232897,16.7289800692057
2018.0,,Chiapas,San Cristóbal de las Casas,,alto,-92.6499535232897,16.7289800692057
2018.0,,Chiapas,San Cristóbal de las Casas,,alto,-92.6499535232897,16.7289800692057
2018.0,,Chiapas,San Cristóbal de las Casas,,alto,-92.6499535232897,16.7289800692057
2018.0,,Chiapas,San Cristóbal de las Casas,,alto,-92.3702639268516,16.886120916988
2018.0,,Chiapas,San Cristóbal de las Casas,,alto,-92.3702639268516,16.886120916988
2018.0,,Chiapas,San Cristóbal de las Casas,,alto,-92.6499535232897,16.7289800692057
2018.0,,Chiapas,San Cristóbal de las Casas,,alto,-92.6499535232897,16.7289800692057
2018.0,,Chiapas,San Cristóbal de las Casas,,alto,-92.6499535232897,16.7289800692057
2018.0,,Chiapas,San Cristóbal de las Casas,,alto,-92.6499535232897,16.7289800692057
2018.0,,Chiapas,San Cristóbal de las Casas,,alto,-92.6499535232897,16.7289800692057
2018.0,,Chiapas,San Cristóbal de las Casas,,alto,-92.6499535232897,16.7289800692057
2018.0,,Chiapas,San Cristóbal de las Casas,,alto,-92.6499535232897,16.7289800692057
2018.0,,Chiapas,San Cristóbal de las Casas,,alto,-92.6499535232897,16.7289800692057
2018.0,,Chiapas,San Cristóbal de las Casas,,alto,-92.3702639268516,16.886120916988
2018.0,,Chiapas,San Cristóbal de las Casas,,alto,-92.3702639268516,16.886120916988
2018.0,,Chiapas,San Cristóbal de las Casas,,alto,-92.6499535232897,16.7289800692057
2018.0,,Chiapas,San Cristóbal de las Casas,,alto,-92.6499535232897,16.7289800692057
2018.0,,Chiapas,San Cristóbal de las Casas,,alto,-92.6499535232897,16.7289800692057
2018.0,,Chiapas,San Cristóbal de las Casas,,alto,-92.6499535232897,16.7289800692057
2018.0,,Chiapas,San Cristóbal de las Casas,,alto,-92.6499535232897,16.7289800692057
2018.0,,Chiapas,San Cristóbal de las Casas,,alto,-92.6499535232897,16.7289800692057
2018.0,,Chiapas,San Cristóbal de las Casas,,alto,-92.6499535232897,16.7289800692057
2018.0,,Chiapas,San Cristóbal de las Casas,,alto,-92.3702639268516,16.886120916988
2018.0,,Chiapas,San Cristóbal de las Casas,,alto,-92.3702639268516,16.886120916988
2018.0,,Chiapas,San Cristóbal de las Casas,,alto,-92.6499535232897,16.7289800692057
2018.0,,Chiapas,San Cristóbal de las Casas,,alto,-92.6499535232897,16.7289800692057
2018.0,,Chiapas,San Cristóbal de las Casas,,alto,-92.6499535232897,16.7289800692057
2018.0,,Chiapas,San Cristóbal de las Casas,,alto,-92.6499535232897,16.7289800692057
2018.0,,Chiapas,San Cristóbal de las Casas,,alto,-92.6499535232897,16.7289800692057
2018.0,,Chiapas,San Cristóbal de las Casas,,alto,-92.6499535232897,16.7289800692057
2018.0,,Chiapas,San Cristóbal de las Casas,,alto,-92.6499535232897,16.7289800692057
2018.0,,Chiapas,San Cristóbal de las Casas,,alto,-92.6499535232897,16.7289800692057
2018.0,,Chiapas,San Cristóbal de las Casas,,alto,-92.6499535232897,16.7289800692057
2018.0,,Chiapas,San Cristóbal de las Casas,,alto,-92.3702639268516,16.886120916988
2018.0,,Chiapas,San Cristóbal de las Casas,,alto,-92.6499535232897,16.7289800692057
2018.0,,Chiapas,San Cristóbal de las Casas,,alto,-92.6499535232897,16.7289800692057
2018.0,,Chiapas,San Cristóbal de las Casas,,alto,-92.6499535232897,16.7289800692057
2018.0,,Chiapas,San Cristóbal de las Casas,,alto,-92.6499535232897,16.7289800692057
2018.0,,Chiapas,Sitalá,Pomiltic,medio,-92.3716553760195,17.0346868507557
2018.0,,Chiapas,Tenejapa,Sibactel,alto,-92.5092957660092,16.8199393830959
2018.0,,Chiapas,Teopisca,El Porvenir,bajo,-92.520528,16.611682
2018.0,,Chiapas,Teopisca,Teopisca ,bajo,-92.520528,16.611682
2018.0,,Chiapas,Tumbala,Benito Juarez,alto,-92.3188466017289,17.28554839156
2018.0,,Chiapas,Tzimol,Santiago La Mesilla,alto,-92.4207795733346,15.1492410951557
2018.0,,Chiapas,Venustiano Carranza,Belisario Dominguez,medio,-100.120123298045,19.2076162535556
2018.0,,Chiapas,Villa Corzo,Sierra Morena,alto,-93.2623614419251,16.1877823426161
2018.0,,Chiapas,Yajalon,Yajalon,alto,-92.32,17.18
2018.0,,Chiapas,Yajalon,Yajalon,alto,-92.32,17.18
2018.0,,Chiapas,Yajalon,Yajalon,alto,-92.32,17.18
2019.0,,Chiapas,Berriozábal,Berriozabal,medio,-93.3567301779596,16.8955393102324
2019.0,,Chiapas,Berriozábal,Berriozabal,alto,-93.3567301779596,16.8955393102324
2019.0,,Chiapas,Berriozábal,San Jeronimo,medio,-93.3567301779596,16.8955393102324
2019.0,16 de noviembre de 1997,Chiapas,Chenalhó,Nuevo Yibeljoj ,alto,-92.51657,16.96962
2019.0,Cuauhtemoc ,Chiapas,Chenalhó,Chimtik,bajo,-92.6014278239007,16.9217065288231
2019.0,Francisco I. Madero,Chiapas,Chenalhó,Chimix,medio,-92.516207,17.004301
2019.0,,Chiapas,Chenalhó,Bachen ,alto,-92.5378477616296,16.938035189743
2019.0,,Chiapas,Chenalhó,Bachen ,alto,-92.5378477616296,16.938035189743
2019.0,,Chiapas,Chenalhó,Bachen ,alto,-92.5378477616296,16.938035189743
2019.0,,Chiapas,Chenalhó,Poconichim,alto,-92.5378477616296,16.938035189743
2019.0,,Chiapas,Chenalhó,Poconichim,alto,-92.5378477616296,16.938035189743
2019.0,,Chiapas,Chenalhó,Tzabalhó,alto,-92.5378477616296,16.938035189743
2019.0,,Chiapas,Chenalhó,Tzabalhó,alto,-92.5378477616296,16.938035189743
2019.0,,Chiapas,Chenalhó,Tzabalhó,bajo,-92.5378477616296,16.938035189743
2019.0,Niños Heroes,Chiapas,Chenalhó,Jol Xic,bajo,-92.64497,16.740806
2019.0,Narciso Mendoza,Chiapas,Chiapilla,Lazaro Cardenas,medio,-92.765264,16.552806
2019.0,Narciso Mendoza,Chiapas,Chiapilla,Lazaro Cardenas,medio,-92.765264,16.552806
2019.0,Narciso Mendoza,Chiapas,Chiapilla,Lazaro Cardenas,alto,-92.765264,16.552806
2019.0,Narciso Mendoza,Chiapas,Chiapilla,Lazaro Cardenas,bajo,-92.765264,16.552806
2019.0,Narciso Mendoza,Chiapas,Chiapilla,Lazaro Cardenas,medio,-92.765264,16.552806
2019.0,Narciso Mendoza,Chiapas,Chiapilla,Lazaro Cardenas,alto,-92.765264,16.552806
2019.0,Narciso Mendoza,Chiapas,Chiapilla,Lazaro Cardenas,medio,-92.765264,16.552806
2019.0,Narciso Mendoza,Chiapas,Chiapilla,Lazaro Cardenas,bajo,-92.765264,16.552806
2019.0,Narciso Mendoza,Chiapas,Chiapilla,Lazaro Cardenas,bajo,-92.765264,16.552806
2019.0,Narciso Mendoza,Chiapas,Chiapilla,Lazaro Cardenas,bajo,-92.765264,16.552806
2019.0,Narciso Mendoza,Chiapas,Chiapilla,Lazaro Cardenas,bajo,-92.765264,16.552806
2019.0,Narciso Mendoza,Chiapas,Chiapilla,Lazaro Cardenas,bajo,-92.765264,16.552806
2019.0,Narciso Mendoza,Chiapas,Chiapilla,Lazaro Cardenas,bajo,-92.765264,16.552806
2019.0,Narciso Mendoza,Chiapas,Chiapilla,Lazaro Cardenas,alto,-92.765264,16.552806
2019.0,Narciso Mendoza,Chiapas,Chiapilla,Lazaro Cardenas,medio,-92.765264,16.552806
2019.0,Narciso Mendoza,Chiapas,Chiapilla,Lazaro Cardenas,bajo,-92.765264,16.552806
2019.0,Narciso Mendoza,Chiapas,Chiapilla,Lazaro Cardenas,bajo,-92.765264,16.552806
2019.0,Narciso Mendoza,Chiapas,Chiapilla,Lazaro Cardenas,bajo,-92.765264,16.552806
2019.0,Narciso Mendoza,Chiapas,Chiapilla,Lazaro Cardenas,bajo,-92.765264,16.552806
2019.0,Narciso Mendoza,Chiapas,Chiapilla,Lazaro Cardenas,bajo,-92.765264,16.552806
2019.0,Narciso Mendoza,Chiapas,Chiapilla,Lazaro Cardenas,alto,-92.765264,16.552806
2019.0,Narciso Mendoza,Chiapas,Chiapilla,Lazaro Cardenas,bajo,-92.765264,16.552806
2019.0,Narciso Mendoza,Chiapas,Chiapilla,Lazaro Cardenas,bajo,-92.765264,16.552806
2019.0,Narciso Mendoza,Chiapas,Chiapilla,Lazaro Cardenas,medio,-92.765264,16.552806
2019.0,Narciso Mendoza,Chiapas,Chiapilla,Lazaro Cardenas,alto,-92.765264,16.552806
2019.0,Narciso Mendoza,Chiapas,Chiapilla,Lazaro Cardenas,bajo,-92.765264,16.552806
2019.0,Narciso Mendoza,Chiapas,Chiapilla,Lazaro Cardenas,bajo,-92.765264,16.552806
2019.0,Narciso Mendoza,Chiapas,Chiapilla,Lazaro Cardenas,bajo,-92.765264,16.552806
2019.0,Narciso Mendoza,Chiapas,Chiapilla,Lazaro Cardenas,bajo,-92.765264,16.552806
2019.0,Narciso Mendoza,Chiapas,Chiapilla,Lazaro Cardenas,bajo,-92.765264,16.552806
2019.0,Narciso Mendoza,Chiapas,Chiapilla,Lazaro Cardenas,bajo,-92.765264,16.552806
2019.0,,Chiapas,Comitan de Dominguez,Francisco Sarabia,bajo,-92.24,16.38
2019.0,,Chiapas,Comitan de Dominguez,Francisco Sarabia,bajo,-92.24,16.38
2019.0,,Chiapas,Comitan de Dominguez,Villahermosa Yaluma,bajo,-92.24,16.38
2019.0,,Chiapas,Comitan de Dominguez,Villahermosa Yaluma,bajo,-92.24,16.38
2019.0,,Chiapas,La Trinitaria,Rancho San Jose,bajo,-91.828784,16.157203
2019.0,,Chiapas,La Trinitaria,El Timbral,alto,-91.828784,16.157203
2019.0,,Chiapas,La Trinitaria,Santa Rosa,alto,-91.828784,16.157203
2019.0,,Chiapas,La Trinitaria,Tziscao,bajo,-91.828784,16.157203
2019.0,,Chiapas,La Trinitaria,Lazaro Cardenas,alto,-91.828784,16.157203
2019.0,,Chiapas,La Trinitaria,Lazaro Cardenas,bajo,-91.828784,16.157203
2019.0,,Chiapas,La Trinitaria,Tziscao,alto,-91.828784,16.157203
2019.0,,Chiapas,La Trinitaria,Tziscao,bajo,-91.828784,16.157203
2019.0,,Chiapas,La Trinitaria,Barrio La Cueva,bajo,-91.828784,16.157203
2019.0,,Chiapas,La Trinitaria,Barrio Los Ocotes,medio,-91.828784,16.157203
2019.0,,Chiapas,La Trinitaria,Santa Rita,alto,-91.828784,16.157203
2019.0,,Chiapas,La Trinitaria,Ruben Jaramillo,bajo,-91.828784,16.157203
2019.0,,Chiapas,La Trinitaria,Ruben Jaramillo,alto,-91.828784,16.157203
2019.0,,Chiapas,La Trinitaria,Barrio La Cueva,bajo,-91.828784,16.157203
2019.0,,Chiapas,La Trinitaria,Barrio La Cueva,bajo,-91.828784,16.157203
2019.0,,Chiapas,La Trinitaria,Barrio La Cueva,alto,-91.828784,16.157203
2019.0,,Chiapas,La Trinitaria,Barrio Los Ocotes,bajo,-91.828784,16.157203
2019.0,,Chiapas,Oaxaca,San Mateo del Mar,alto,-92.3747819767663,15.2712304921977
2019.0,,Chiapas,Oaxaca,San Mateo del Mar,medio,-92.3747819767663,15.2712304921977
2019.0,,Chiapas,Oxchuc,Tzopilja,bajo,-92.34,16.82
2019.0,,Chiapas,Oxchuc,Tzopilja,bajo,-92.34,16.82
2019.0,,Chiapas,Oxchuc,Tzopilja,medio,-92.34,16.82
2019.0,,Chiapas,Oxchuc,Tzopilja,medio,-92.34,16.82
2019.0,,Chiapas,Oxchuc,Tzopilja,medio,-92.34,16.82
2019.0,,Chiapas,Pantelho,San Francisco de Asis,medio,-92.4675330866603,17.0065225229098
2019.0,,Chiapas,Pantelho,San Francisco de Asis,medio,-92.4675330866603,17.0065225229098
2019.0,,Chiapas,Pantelho,San Francisco de Asis,alto,-92.4675330866603,17.0065225229098
2019.0,,Chiapas,Pijijiapan,Gustavo Lopez,alto,-93.09,15.44
2019.0,,Chiapas,Pijijiapan,Gustavo Lopez,bajo,-93.09,15.44
2019.0,,Chiapas,Pijijiapan,Nueva Urbina,bajo,-93.09,15.44
2019.0,,Chiapas,Pijijiapan,Progreso,bajo,-93.09,15.44
2019.0,,Chiapas,Pijijiapan,La Conquista,bajo,-93.09,15.44
2019.0,,Chiapas,Pijijiapan,La Conquista,bajo,-93.09,15.44
2019.0,Melchor Ocampo,Chiapas,San Cristóbal de las Casas,El aguaje,bajo,-92.658175,16.736354
2019.0,Melchor Ocampo,Chiapas,San Cristóbal de las Casas,El aguaje,bajo,-92.658175,16.736354
2019.0,Melchor Ocampo,Chiapas,San Cristóbal de las Casas,El aguaje,bajo,-92.658175,16.736354
2019.0,Melchor Ocampo,Chiapas,San Cristóbal de las Casas,El aguaje,bajo,-92.658175,16.736354
2019.0,Melchor Ocampo,Chiapas,San Cristóbal de las Casas,El aguaje,bajo,-92.658175,16.736354
2019.0,Melchor Ocampo,Chiapas,San Cristóbal de las Casas,El aguaje,bajo,-92.658175,16.736354
2019.0,Melchor Ocampo,Chiapas,San Cristóbal de las Casas,El aguaje,bajo,-92.658175,16.736354
2019.0,Melchor Ocampo,Chiapas,San Cristóbal de las Casas,El aguaje,bajo,-92.658175,16.736354
2019.0,Melchor Ocampo,Chiapas,San Cristóbal de las Casas,El aguaje,bajo,-92.658175,16.736354
2019.0,Melchor Ocampo,Chiapas,San Cristóbal de las Casas,El aguaje,bajo,-92.658175,16.736354
2019.0,Melchor Ocampo,Chiapas,San Cristóbal de las Casas,El aguaje,bajo,-92.658175,16.736354
2019.0,Melchor Ocampo,Chiapas,San Cristóbal de las Casas,El aguaje,bajo,-92.658175,16.736354
2019.0,Melchor Ocampo,Chiapas,San Cristóbal de las Casas,El aguaje,bajo,-92.658175,16.736354
2019.0,Melchor Ocampo,Chiapas,San Cristóbal de las Casas,El aguaje,bajo,-92.658175,16.736354
2019.0,Melchor Ocampo,Chiapas,San Cristóbal de las Casas,El aguaje,bajo,-92.658175,16.736354
2019.0,Melchor Ocampo,Chiapas,San Cristóbal de las Casas,El aguaje,bajo,-92.658175,16.736354
2019.0,Melchor Ocampo,Chiapas,San Cristóbal de las Casas,El aguaje,bajo,-92.658175,16.736354
2019.0,Melchor Ocampo,Chiapas,San Cristóbal de las Casas,El aguaje,medio,-92.658175,16.736354
2019.0,Melchor Ocampo,Chiapas,San Cristóbal de las Casas,El aguaje,bajo,-92.658175,16.736354
2019.0,Melchor Ocampo,Chiapas,San Cristóbal de las Casas,El aguaje,bajo,-92.658175,16.736354
2019.0,Melchor Ocampo,Chiapas,San Cristóbal de las Casas,El aguaje,bajo,-92.658175,16.736354
2019.0,Melchor Ocampo,Chiapas,San Cristóbal de las Casas,El aguaje,bajo,-92.658175,16.736354
2019.0,Melchor Ocampo,Chiapas,San Cristóbal de las Casas,El aguaje,bajo,-92.658175,16.736354
2019.0,Melchor Ocampo,Chiapas,San Cristóbal de las Casas,El aguaje,bajo,-92.658175,16.736354
2019.0,Melchor Ocampo,Chiapas,San Cristóbal de las Casas,El aguaje,bajo,-92.658175,16.736354
2019.0,Melchor Ocampo,Chiapas,San Cristóbal de las Casas,El aguaje,bajo,-92.658175,16.736354
2019.0,Melchor Ocampo,Chiapas,San Cristóbal de las Casas,El aguaje,bajo,-92.658175,16.736354
2019.0,Melchor Ocampo,Chiapas,San Cristóbal de las Casas,El aguaje,bajo,-92.658175,16.736354
2019.0,Melchor Ocampo,Chiapas,San Cristóbal de las Casas,El aguaje,bajo,-92.658175,16.736354
2019.0,Melchor Ocampo,Chiapas,San Cristóbal de las Casas,El aguaje,bajo,-92.658175,16.736354
2019.0,Melchor Ocampo,Chiapas,San Cristóbal de las Casas,El aguaje,bajo,-92.658175,16.736354
2019.0,Melchor Ocampo,Chiapas,San Cristóbal de las Casas,El aguaje,bajo,-92.658175,16.736354
2019.0,Melchor Ocampo,Chiapas,San Cristóbal de las Casas,El aguaje,bajo,-92.658175,16.736354
2019.0,Melchor Ocampo,Chiapas,San Cristóbal de las Casas,El aguaje,bajo,-92.658175,16.736354
2019.0,Melchor Ocampo,Chiapas,San Cristóbal de las Casas,El aguaje,bajo,-92.658175,16.736354
2019.0,Melchor Ocampo,Chiapas,San Cristóbal de las Casas,El aguaje,bajo,-92.658175,16.736354
2019.0,Melchor Ocampo,Chiapas,San Cristóbal de las Casas,El aguaje,bajo,-92.658175,16.736354
2019.0,Melchor Ocampo,Chiapas,San Cristóbal de las Casas,El aguaje,bajo,-92.658175,16.736354
2019.0,Melchor Ocampo,Chiapas,San Cristóbal de las Casas,El aguaje,bajo,-92.658175,16.736354
2019.0,Melchor Ocampo,Chiapas,San Cristóbal de las Casas,El aguaje,bajo,-92.658175,16.736354
2019.0,Melchor Ocampo,Chiapas,San Cristóbal de las Casas,El aguaje,bajo,-92.658175,16.736354
2019.0,Melchor Ocampo,Chiapas,San Cristóbal de las Casas,El aguaje,bajo,-92.658175,16.736354
2019.0,Melchor Ocampo,Chiapas,San Cristóbal de las Casas,El aguaje,bajo,-92.658175,16.736354
2019.0,Melchor Ocampo,Chiapas,San Cristóbal de las Casas,El aguaje,bajo,-92.658175,16.736354
2019.0,Melchor Ocampo,Chiapas,San Cristóbal de las Casas,El aguaje,bajo,-92.658175,16.736354
2019.0,Melchor Ocampo,Chiapas,San Cristóbal de las Casas,El aguaje,bajo,-92.658175,16.736354
2019.0,Melchor Ocampo,Chiapas,San Cristóbal de las Casas,El aguaje,bajo,-92.658175,16.736354
2019.0,Melchor Ocampo,Chiapas,San Cristóbal de las Casas,El aguaje,bajo,-92.658175,16.736354
2019.0,Melchor Ocampo,Chiapas,San Cristóbal de las Casas,El aguaje,bajo,-92.658175,16.736354
2019.0,Melchor Ocampo,Chiapas,San Cristóbal de las Casas,El aguaje,bajo,-92.658175,16.736354
2019.0,Melchor Ocampo,Chiapas,San Cristóbal de las Casas,El aguaje,bajo,-92.658175,16.736354
2019.0,Melchor Ocampo,Chiapas,San Cristóbal de las Casas,El aguaje,bajo,-92.658175,16.736354
2019.0,Melchor Ocampo,Chiapas,San Cristóbal de las Casas,El aguaje,bajo,-92.658175,16.736354
2019.0,Melchor Ocampo,Chiapas,San Cristóbal de las Casas,El aguaje,bajo,-92.658175,16.736354
2019.0,Melchor Ocampo,Chiapas,San Cristóbal de las Casas,El aguaje,bajo,-92.658175,16.736354
2019.0,Melchor Ocampo,Chiapas,San Cristóbal de las Casas,El aguaje,bajo,-92.658175,16.736354
2019.0,Melchor Ocampo,Chiapas,San Cristóbal de las Casas,El aguaje,bajo,-92.658175,16.736354
2019.0,Melchor Ocampo,Chiapas,San Cristóbal de las Casas,El aguaje,bajo,-92.658175,16.736354
2019.0,Melchor Ocampo,Chiapas,San Cristóbal de las Casas,El aguaje,bajo,-92.658175,16.736354
2019.0,Melchor Ocampo,Chiapas,San Cristóbal de las Casas,El aguaje,bajo,-92.658175,16.736354
2019.0,Melchor Ocampo,Chiapas,San Cristóbal de las Casas,El aguaje,medio,-92.658175,16.736354
2019.0,Melchor Ocampo,Chiapas,San Cristóbal de las Casas,El aguaje,medio,-92.658175,16.736354
2019.0,Melchor Ocampo,Chiapas,San Cristóbal de las Casas,El aguaje,bajo,-92.658175,16.736354
2019.0,Melchor Ocampo,Chiapas,San Cristóbal de las Casas,El aguaje,bajo,-92.658175,16.736354
2019.0,Melchor Ocampo,Chiapas,San Cristóbal de las Casas,El aguaje,bajo,-92.658175,16.736354
2019.0,Melchor Ocampo,Chiapas,San Cristóbal de las Casas,El aguaje,bajo,-92.658175,16.736354
2019.0,Melchor Ocampo,Chiapas,San Cristóbal de las Casas,El aguaje,bajo,-92.658175,16.736354
2019.0,,Chiapas,San Cristóbal de las Casas,San Cristobal de las Casas,bajo,-92.3702639268516,16.886120916988
2019.0,,Chiapas,San Cristóbal de las Casas,San Cristobal de las Casas,bajo,-92.3702639268516,16.886120916988
2019.0,,Chiapas,San Cristóbal de las Casas,San Cristobal de las Casas,bajo,-92.3702639268516,16.886120916988
2019.0,Benito Juarez Garcia,Chiapas,San Juan Cancuc,Yocwitz,alto,-92.3825028743146,16.9864909218428
2019.0,Benito Juarez Garcia,Chiapas,San Juan Cancuc,Yocwitz,alto,-92.3825028743146,16.9864909218428
2019.0,Benito Juarez Garcia,Chiapas,San Juan Cancuc,Yocwitz,alto,-92.3825028743146,16.9864909218428
2019.0,Jaime Sabines Gutierrez,Chiapas,San Juan Cancuc,Axultic,bajo,-92.408627,16.99393
2019.0,Jaime Sabines Gutierrez,Chiapas,San Juan Cancuc,Axultic,bajo,-92.408627,16.99393
2019.0,Luis Echeverria Alvarez,Chiapas,San Juan Cancuc,Chijil,medio,-92.378054,16.942656
2019.0,Luis Echeverria Alvarez ,Chiapas,San Juan Cancuc,Chijil,alto,-92.378054,16.942656
2019.0,Luis Echeverria Alvarez ,Chiapas,San Juan Cancuc,Chijil,alto,-92.378054,16.942656
2019.0,Luis Echeverria Alvarez ,Chiapas,San Juan Cancuc,Chijil,bajo,-92.378054,16.942656
2019.0,Luis Echeverria Alvarez ,Chiapas,San Juan Cancuc,Chijil,medio,-92.378054,16.942656
2019.0,Luis Echeverria Alvarez ,Chiapas,San Juan Cancuc,Chijil,medio,-92.378054,16.942656
2019.0,Luis Echeverria Alvarez ,Chiapas,San Juan Cancuc,Chijil,medio,-92.378054,16.942656
2019.0,Luis Echeverria Alvarez ,Chiapas,San Juan Cancuc,Chijil,alto,-92.378054,16.942656
2019.0,Luis Echeverria Alvarez ,Chiapas,San Juan Cancuc,Chijil,medio,-92.378054,16.942656
2019.0,Luis Echeverria Alvarez ,Chiapas,San Juan Cancuc,Chijil,medio,-92.378054,16.942656
2019.0,Manuel Velasco Suarez,Chiapas,San Juan Cancuc,Jucnil,alto,-92.414026,16.995813
2019.0,Manuel Velasco Suarez,Chiapas,San Juan Cancuc,Jucnil,medio,-92.414026,16.995813
2019.0,Manuel Velasco Suarez,Chiapas,San Juan Cancuc,Jucnil,bajo,-92.414026,16.995813
2019.0,Miguel Alvarez del Toro,Chiapas,San Juan Cancuc,K'analumtik,bajo,-92.398942,16.880674
2019.0,Miguel Alvarez del Toro,Chiapas,San Juan Cancuc,K'analumtik,medio,-92.398942,16.880674
2019.0,Miguel Alvarez del Toro,Chiapas,San Juan Cancuc,K'analumtik,bajo,-92.398942,16.880674
2019.0,Otras,Chiapas,San Juan Cancuc,Rio Tanateel,bajo,-92.3702639268516,16.886120916988
2019.0,Otras,Chiapas,San Juan Cancuc,Rio Tanateel,alto,-92.3702639268516,16.886120916988
2019.0,Otras,Chiapas,San Juan Cancuc,Rio Tanateel,alto,-92.3702639268516,16.886120916988
2019.0,Cuauhtemoc Chamula,Chiapas,San Juan Chamula,Chicumtantic,alto,-92.604941,16.866038
2019.0,,Chiapas,San Juan Chamula,Chicumtantic,bajo,-92.61,16.88
2019.0,,Chiapas,San Juan Chamula,Chicumtantic,bajo,-92.61,16.88
2019.0,,Chiapas,San Juan Chamula,Yaltem,alto,-92.61,16.88
2019.0,,Chiapas,San Juan Chamula,Yaltem,alto,-92.61,16.88
2019.0,,Chiapas,Sitalá,San Antonio Los Alpes,medio,-92.3716553760195,17.0346868507557
2019.0,,Chiapas,Sitalá,San Antonio Los Alpes,medio,-92.3716553760195,17.0346868507557
2019.0,,Chiapas,Sitalá,Rosario El Anhelo,alto,-92.3716553760195,17.0346868507557
2019.0,,Chiapas,Sitalá,Guadalupe Jaguala,alto,-92.3716553760195,17.0346868507557
2019.0,,Chiapas,Sitalá,Guadalupe Jaguala,alto,-92.3716553760195,17.0346868507557
2019.0,,Chiapas,Sitalá,Guadalupe Jaguala,alto,-92.3716553760195,17.0346868507557
2019.0,,Chiapas,Sitalá,Barrio San Pedro,alto,-92.3716553760195,17.0346868507557
2019.0,,Chiapas,Sitalá,Barrio San Pedro,alto,-92.3716553760195,17.0346868507557
2019.0,,Chiapas,Sitalá,Barrio San Pedro,alto,-92.3716553760195,17.0346868507557
2019.0,,Chiapas,Sitalá,San Juan Shucail,bajo,-92.3716553760195,17.0346868507557
2019.0,,Chiapas,Sitalá,San Juan Shucail,medio,-92.3716553760195,17.0346868507557
2019.0,Josefa Ortiz de Dominguez,Chiapas,Tenejapa,Chulja,bajo,-92.486137,16.84759
2019.0,,Chiapas,Tenejapa,Chulja,medio,-92.5092957660092,16.8199393830959
2019.0,,Chiapas,Tenejapa,Chulja,medio,-92.5092957660092,16.8199393830959
2019.0,,Chiapas,Tenejapa,Chulja,medio,-92.5092957660092,16.8199393830959
2019.0,,Chiapas,Tenejapa,Chulja,bajo,-92.5092957660092,16.8199393830959
2019.0,,Chiapas,Tenejapa,Chulja,bajo,-92.5092957660092,16.8199393830959
2019.0,,Chiapas,Tenejapa,Chulja,bajo,-92.5092957660092,16.8199393830959
2019.0,,Chiapas,Tenejapa,Chixtontic,alto,-92.5092957660092,16.8199393830959
2019.0,,Chiapas,Teopisca,El Carmelito Nueva Esperanza,alto,-92.520528,16.611682
2019.0,,Chiapas,Teopisca,El Carmelito Nueva Esperanza,bajo,-92.520528,16.611682
2019.0,Valentin Gomez Farias,Chiapas,Teopisca,Teopisca ,bajo,-92.506864,16.581976
2019.0,Valentin Gomez Farias,Chiapas,Teopisca,Teopisca ,bajo,-92.506864,16.581976
2019.0,Valentin Gomez Farias,Chiapas,Teopisca,Teopisca ,bajo,-92.506864,16.581976
2019.0,Valentin Gomez Farias,Chiapas,Teopisca,Teopisca ,bajo,-92.506864,16.581976
2019.0,Valentin Gomez Farias,Chiapas,Teopisca,Teopisca ,bajo,-92.506864,16.581976
2019.0,Valentin Gomez Farias,Chiapas,Teopisca,Teopisca ,bajo,-92.506864,16.581976
2019.0,Valentin Gomez Farias,Chiapas,Teopisca,Teopisca ,bajo,-92.506864,16.581976
2019.0,Valentin Gomez Farias,Chiapas,Teopisca,Teopisca ,bajo,-92.506864,16.581976
2019.0,Valentin Gomez Farias,Chiapas,Teopisca,Teopisca ,bajo,-92.506864,16.581976
2019.0,Valentin Gomez Farias,Chiapas,Teopisca,Teopisca ,bajo,-92.506864,16.581976
2019.0,Valentin Gomez Farias,Chiapas,Teopisca,Teopisca ,bajo,-92.506864,16.581976
2019.0,Valentin Gomez Farias,Chiapas,Teopisca,Teopisca ,bajo,-92.506864,16.581976
2019.0,Valentin Gomez Farias,Chiapas,Teopisca,Teopisca ,bajo,-92.506864,16.581976
2019.0,Valentin Gomez Farias,Chiapas,Teopisca,Teopisca ,bajo,-92.506864,16.581976
2019.0,Valentin Gomez Farias,Chiapas,Teopisca,Teopisca ,bajo,-92.506864,16.581976
2019.0,Valentin Gomez Farias,Chiapas,Teopisca,Teopisca ,bajo,-92.506864,16.581976
2019.0,Valentin Gomez Farias,Chiapas,Teopisca,Teopisca ,bajo,-92.506864,16.581976
2019.0,Valentin Gomez Farias,Chiapas,Teopisca,Teopisca ,bajo,-92.506864,16.581976
2019.0,Valentin Gomez Farias,Chiapas,Teopisca,Teopisca ,bajo,-92.506864,16.581976
2019.0,Valentin Gomez Farias,Chiapas,Teopisca,Teopisca ,bajo,-92.506864,16.581976
2019.0,Valentin Gomez Farias,Chiapas,Teopisca,Teopisca ,bajo,-92.506864,16.581976
2019.0,Valentin Gomez Farias,Chiapas,Teopisca,Teopisca ,bajo,-92.506864,16.581976
2019.0,Valentin Gomez Farias,Chiapas,Teopisca,Teopisca ,bajo,-92.506864,16.581976
2019.0,Valentin Gomez Farias,Chiapas,Teopisca,Teopisca ,bajo,-92.506864,16.581976
2019.0,Valentin Gomez Farias,Chiapas,Teopisca,Teopisca ,bajo,-92.506864,16.581976
2019.0,Valentin Gomez Farias,Chiapas,Teopisca,Teopisca ,bajo,-92.506864,16.581976
2019.0,Valentin Gomez Farias,Chiapas,Teopisca,Teopisca ,bajo,-92.506864,16.581976
2019.0,Valentin Gomez Farias,Chiapas,Teopisca,Teopisca ,bajo,-92.506864,16.581976
2019.0,Valentin Gomez Farias,Chiapas,Teopisca,Teopisca ,bajo,-92.506864,16.581976
2019.0,Valentin Gomez Farias,Chiapas,Teopisca,Teopisca ,bajo,-92.506864,16.581976
2019.0,Valentin Gomez Farias,Chiapas,Teopisca,Teopisca ,alto,-92.506864,16.581976
2019.0,Valentin Gomez Farias,Chiapas,Teopisca,Teopisca ,bajo,-92.506864,16.581976
2019.0,Valentin Gomez Farias,Chiapas,Teopisca,Teopisca ,bajo,-92.506864,16.581976
2019.0,Valentin Gomez Farias,Chiapas,Teopisca,Teopisca ,bajo,-92.506864,16.581976
2019.0,Valentin Gomez Farias,Chiapas,Teopisca,Teopisca ,bajo,-92.506864,16.581976
2019.0,Valentin Gomez Farias,Chiapas,Teopisca,Teopisca ,bajo,-92.506864,16.581976
2019.0,Valentin Gomez Farias,Chiapas,Teopisca,Teopisca ,bajo,-92.506864,16.581976
2019.0,Valentin Gomez Farias,Chiapas,Teopisca,Teopisca ,bajo,-92.506864,16.581976
2019.0,Valentin Gomez Farias,Chiapas,Teopisca,Teopisca ,bajo,-92.506864,16.581976
2019.0,Valentin Gomez Farias,Chiapas,Teopisca,Teopisca ,bajo,-92.506864,16.581976
2019.0,Valentin Gomez Farias,Chiapas,Teopisca,Teopisca ,medio,-92.506864,16.581976
2019.0,Valentin Gomez Farias,Chiapas,Teopisca,Teopisca ,medio,-92.506864,16.581976
2019.0,Valentin Gomez Farias,Chiapas,Teopisca,Teopisca ,bajo,-92.506864,16.581976
2019.0,Valentin Gomez Farias,Chiapas,Teopisca,Teopisca ,bajo,-92.506864,16.581976
2019.0,Valentin Gomez Farias,Chiapas,Teopisca,Teopisca ,bajo,-92.506864,16.581976
2019.0,Valentin Gomez Farias,Chiapas,Teopisca,Teopisca ,bajo,-92.506864,16.581976
2019.0,Valentin Gomez Farias,Chiapas,Teopisca,Teopisca ,bajo,-92.506864,16.581976
2019.0,Valentin Gomez Farias,Chiapas,Teopisca,Teopisca ,bajo,-92.506864,16.581976
2019.0,Valentin Gomez Farias,Chiapas,Teopisca,Teopisca ,bajo,-92.506864,16.581976
2019.0,Valentin Gomez Farias,Chiapas,Teopisca,Teopisca ,bajo,-92.506864,16.581976
2019.0,Valentin Gomez Farias,Chiapas,Teopisca,Teopisca ,bajo,-92.506864,16.581976
2019.0,Valentin Gomez Farias,Chiapas,Teopisca,Teopisca ,bajo,-92.506864,16.581976
2019.0,Valentin Gomez Farias,Chiapas,Teopisca,Teopisca ,bajo,-92.506864,16.581976
2019.0,Valentin Gomez Farias,Chiapas,Teopisca,Teopisca ,bajo,-92.506864,16.581976
2019.0,Valentin Gomez Farias,Chiapas,Teopisca,Teopisca ,bajo,-92.506864,16.581976
2019.0,Valentin Gomez Farias,Chiapas,Teopisca,Teopisca ,bajo,-92.506864,16.581976
2019.0,Valentin Gomez Farias,Chiapas,Teopisca,Teopisca ,bajo,-92.506864,16.581976
2019.0,Valentin Gomez Farias,Chiapas,Teopisca,Teopisca ,bajo,-92.506864,16.581976
2019.0,Valentin Gomez Farias,Chiapas,Teopisca,Teopisca ,bajo,-92.506864,16.581976
2019.0,Valentin Gomez Farias,Chiapas,Teopisca,Teopisca ,bajo,-92.506864,16.581976
2019.0,Valentin Gomez Farias,Chiapas,Teopisca,Teopisca ,bajo,-92.506864,16.581976
2019.0,Valentin Gomez Farias,Chiapas,Teopisca,Teopisca ,bajo,-92.506864,16.581976
2019.0,Valentin Gomez Farias,Chiapas,Teopisca,Teopisca ,bajo,-92.506864,16.581976
2019.0,Valentin Gomez Farias,Chiapas,Teopisca,Teopisca ,bajo,-92.506864,16.581976
2019.0,Valentin Gomez Farias,Chiapas,Teopisca,Teopisca ,bajo,-92.506864,16.581976
2019.0,Valentin Gomez Farias,Chiapas,Teopisca,Teopisca ,bajo,-92.506864,16.581976
2019.0,Valentin Gomez Farias,Chiapas,Teopisca,Teopisca ,bajo,-92.506864,16.581976
2019.0,Valentin Gomez Farias,Chiapas,Teopisca,Teopisca ,bajo,-92.506864,16.581976
2019.0,Valentin Gomez Farias,Chiapas,Teopisca,Teopisca ,bajo,-92.506864,16.581976
2019.0,Valentin Gomez Farias,Chiapas,Teopisca,Teopisca ,bajo,-92.506864,16.581976
2019.0,Valentin Gomez Farias,Chiapas,Teopisca,Teopisca ,bajo,-92.506864,16.581976
2019.0,Valentin Gomez Farias,Chiapas,Teopisca,Teopisca ,bajo,-92.506864,16.581976
2019.0,Valentin Gomez Farias,Chiapas,Teopisca,Teopisca ,bajo,-92.506864,16.581976
2019.0,Valentin Gomez Farias,Chiapas,Teopisca,Teopisca ,bajo,-92.506864,16.581976
2019.0,Valentin Gomez Farias,Chiapas,Teopisca,Teopisca ,bajo,-92.506864,16.581976
2019.0,Valentin Gomez Farias,Chiapas,Teopisca,Teopisca ,bajo,-92.506864,16.581976
2019.0,,Chiapas,Tonala,Pueblo Nuevo,bajo,-93.7386654626847,16.0857434552907
2019.0,Elena Mateos,Veracruz,Veracruz,,alto,-96.1729074734818,19.1994690978397
2019.0,Jose Vasconcelos,Veracruz,Veracruz,,alto,-96.1729074734818,19.1994690978397
2020.0,,Chiapas,Berriozábal,San Jeronimo,alto,-93.3567301779596,16.8955393102324
2020.0,,Chiapas,Berriozábal,San Jeronimo,medio,-93.3567301779596,16.8955393102324
2020.0,16 de noviembre de 1997,Chiapas,Chenalhó,Nuevo Yibeljoj ,medio,-92.51657,16.96962
2020.0,16 de noviembre de 1997,Chiapas,Chenalhó,Nuevo Yibeljoj ,medio,-92.51657,16.96962
2020.0,16 de noviembre de 1997,Chiapas,Chenalhó,Nuevo Yibeljoj ,bajo,-92.51657,16.96962
2020.0,16 de noviembre de 1997,Chiapas,Chenalhó,Nuevo Yibeljoj ,bajo,-92.51657,16.96962
2020.0,Cuauhtemoc,Chiapas,Chenalhó,Chimtik,bajo,-92.6014278239007,16.9217065288231
2020.0,Cuauhtemoc,Chiapas,Chenalhó,Chimtik,medio,-92.6014278239007,16.9217065288231
2020.0,Cuauhtemoc,Chiapas,Chenalhó,Chimtik,medio,-92.6014278239007,16.9217065288231
2020.0,Cuauhtemoc,Chiapas,Chenalhó,Chimtik,medio,-92.6014278239007,16.9217065288231
2020.0,Cuauhtemoc,Chiapas,Chenalhó,Chimtik,medio,-92.6014278239007,16.9217065288231
2020.0,Cuauhtemoc,Chiapas,Chenalhó,Chimtik,medio,-92.6014278239007,16.9217065288231
2020.0,Cuauhtemoc,Chiapas,Chenalhó,Chimtik,medio,-92.6014278239007,16.9217065288231
2020.0,Cuauhtemoc,Chiapas,Chenalhó,Chimtik,medio,-92.6014278239007,16.9217065288231
2020.0,Cuauhtemoc,Chiapas,Chenalhó,Chimtik,medio,-92.6014278239007,16.9217065288231
2020.0,Cuauhtemoc,Chiapas,Chenalhó,Chimtik,medio,-92.6014278239007,16.9217065288231
2020.0,Cuauhtemoc,Chiapas,Chenalhó,Chimtik,medio,-92.6014278239007,16.9217065288231
2020.0,Cuauhtemoc,Chiapas,Chenalhó,Chimtik,medio,-92.6014278239007,16.9217065288231
2020.0,Cuauhtemoc,Chiapas,Chenalhó,Chimtik,medio,-92.6014278239007,16.9217065288231
2020.0,Cuauhtemoc,Chiapas,Chenalhó,Chimtik,medio,-92.6014278239007,16.9217065288231
2020.0,Cuauhtemoc,Chiapas,Chenalhó,Chimtik,alto,-92.6014278239007,16.9217065288231
2020.0,Cuauhtemoc,Chiapas,Chenalhó,Chimtik,alto,-92.6014278239007,16.9217065288231
2020.0,Cuauhtemoc,Chiapas,Chenalhó,Chimtik,alto,-92.6014278239007,16.9217065288231
2020.0,Cuauhtemoc,Chiapas,Chenalhó,Chimtik,medio,-92.6014278239007,16.9217065288231
2020.0,Cuauhtemoc,Chiapas,Chenalhó,Chimtik,medio,-92.6014278239007,16.9217065288231
2020.0,Cuauhtemoc,Chiapas,Chenalhó,Chimtik,medio,-92.6014278239007,16.9217065288231
2020.0,Cuauhtemoc,Chiapas,Chenalhó,Chimtik,medio,-92.6014278239007,16.9217065288231
2020.0,Cuauhtemoc,Chiapas,Chenalhó,Chimtik,medio,-92.6014278239007,16.9217065288231
2020.0,Cuauhtemoc,Chiapas,Chenalhó,Chimtik,medio,-92.6014278239007,16.9217065288231
2020.0,Cuauhtemoc,Chiapas,Chenalhó,Chimtik,medio,-92.6014278239007,16.9217065288231
2020.0,Cuauhtemoc,Chiapas,Chenalhó,Chimtik,medio,-92.6014278239007,16.9217065288231
2020.0,Cuauhtemoc,Chiapas,Chenalhó,Chimtik,medio,-92.6014278239007,16.9217065288231
2020.0,Cuauhtemoc,Chiapas,Chenalhó,Chimtik,medio,-92.6014278239007,16.9217065288231
2020.0,Cuauhtemoc,Chiapas,Chenalhó,Chimtik,medio,-92.6014278239007,16.9217065288231
2020.0,Cuauhtemoc,Chiapas,Chenalhó,Chimtik,medio,-92.6014278239007,16.9217065288231
2020.0,Cuauhtemoc,Chiapas,Chenalhó,Chimtik,medio,-92.6014278239007,16.9217065288231
2020.0,Cuauhtemoc,Chiapas,Chenalhó,Chimtik,medio,-92.6014278239007,16.9217065288231
2020.0,Cuauhtemoc,Chiapas,Chenalhó,Chimtik,medio,-92.6014278239007,16.9217065288231
2020.0,Cuauhtemoc,Chiapas,Chenalhó,Chimtik,medio,-92.6014278239007,16.9217065288231
2020.0,Cuauhtemoc,Chiapas,Chenalhó,Chimtik,medio,-92.6014278239007,16.9217065288231
2020.0,Cuauhtemoc,Chiapas,Chenalhó,Chimtik,medio,-92.6014278239007,16.9217065288231
2020.0,Cuauhtemoc,Chiapas,Chenalhó,Chimtik,medio,-92.6014278239007,16.9217065288231
2020.0,Cuauhtemoc ,Chiapas,Chenalhó,Chimtik,bajo,-92.6014278239007,16.9217065288231
2020.0,Cuitlahuac,Chiapas,Chenalhó,La Esperanza,alto,-92.499078,16.996552
2020.0,Cuitlahuac,Chiapas,Chenalhó,La Esperanza,alto,-92.499078,16.996552
2020.0,Emilio Rabasa Estebanel,Chiapas,Chenalhó,Poconichim,alto,-92.5169343735625,16.9314770071144
2020.0,Francisco I. Madero,Chiapas,Chenalhó,Chimix,bajo,-92.516207,17.004301
2020.0,Francisco I. Madero,Chiapas,Chenalhó,Chimix,bajo,-92.516207,17.004301
2020.0,Francisco I. Madero,Chiapas,Chenalhó,Chimix,bajo,-92.516207,17.004301
2020.0,Francisco I. Madero,Chiapas,Chenalhó,Chimix,bajo,-92.516207,17.004301
2020.0,Ignacio Allende y Uzcanga,Chiapas,Chenalhó,Bachen ,alto,-92.612956,16.895395
2020.0,Ignacio Allende y Uzcanga,Chiapas,Chenalhó,Bachen ,alto,-92.612956,16.895395
2020.0,,Chiapas,Chenalhó,Yolonchen,alto,-92.5378477616296,16.938035189743
2020.0,,Chiapas,Chenalhó,Yolonchen,alto,-92.5378477616296,16.938035189743
2020.0,,Chiapas,Chenalhó,Yolonchen,alto,-92.5378477616296,16.938035189743
2020.0,,Chiapas,Chenalhó,Chimix,alto,-92.526944,17.013056
2020.0,,Chiapas,Chenalhó,Chimix,alto,-92.527861,17.013056
2020.0,,Chiapas,Chenalhó,Chimix,medio,-92.526556,17.013194
2020.0,,Chiapas,Chenalhó,Chimix,alto,-92.518667,17.004806
2020.0,,Chiapas,Chenalhó,Chimix,medio,-92.519472,17.005028
2020.0,,Chiapas,Chenalhó,Chimix,alto,-92.509056,17.004333
2020.0,,Chiapas,Chenalhó,Chimix,medio,-92.510056,17.005056
2020.0,,Chiapas,Chenalhó,Nuevo Nuevo Yibeljoj,alto,-92.5378477616296,16.938035189743
2020.0,,Chiapas,Chenalhó,San Jose Majomut,alto,-92.5378477616296,16.938035189743
2020.0,,Chiapas,Chenalhó,San Jose Majomut,alto,-92.5378477616296,16.938035189743
2020.0,,Chiapas,Chenalhó,Poconichim,bajo,-92.5378477616296,16.938035189743
2020.0,,Chiapas,Chenalhó,Chimix,alto,-92.5378477616296,16.938035189743
2020.0,,Chiapas,Chenalhó,Chimix,alto,-92.5378477616296,16.938035189743
2020.0,,Chiapas,Chenalhó,Chimix,medio,-92.5378477616296,16.938035189743
2020.0,,Chiapas,Chenalhó,Chimix,alto,-92.5378477616296,16.938035189743
2020.0,,Chiapas,Chenalhó,Chimix,medio,-92.5378477616296,16.938035189743
2020.0,,Chiapas,Chenalhó,Chimix,medio,-92.5378477616296,16.938035189743
2020.0,,Chiapas,Chenalhó,Chimix,medio,-92.5378477616296,16.938035189743
2020.0,,Chiapas,Chenalhó,Chimix,medio,-92.5378477616296,16.938035189743
2020.0,,Chiapas,Chenalhó,Chimix,medio,-92.5378477616296,16.938035189743
2020.0,,Chiapas,Chenalhó,Chimix,bajo,-92.5378477616296,16.938035189743
2020.0,,Chiapas,Chenalhó,Chimix,alto,-92.5378477616296,16.938035189743
2020.0,,Chiapas,Chenalhó,Chimix,alto,-92.5378477616296,16.938035189743
2020.0,,Chiapas,Chenalhó,Chimix,alto,-92.5378477616296,16.938035189743
2020.0,,Chiapas,Chenalhó,Chimix,alto,-92.5378477616296,16.938035189743
2020.0,,Chiapas,Chenalhó,Chimix,medio,-92.5378477616296,16.938035189743
2020.0,,Chiapas,Chenalhó,Chimix,alto,-92.5378477616296,16.938035189743
2020.0,Niños Heroes,Chiapas,Chenalhó,Jol Xic,bajo,-92.64497,16.740806
2020.0,Niños Heroes,Chiapas,Chenalhó,Jol Xic,bajo,-92.64497,16.740806
2020.0,Niños Heroes,Chiapas,Chenalhó,Jol Xic,bajo,-92.64497,16.740806
2020.0,,Chiapas,Chilon,Chi´ch,medio,-92.03,17.15
2020.0,,Chiapas,Chilon,Chi´ch,medio,-92.03,17.15
2020.0,,Chiapas,Chilon,Chi´ch,medio,-92.03,17.15
2020.0,,Chiapas,Chilon,Chi´ch,medio,-92.03,17.15
2020.0,,Chiapas,Chilon,Chi´ch,medio,-92.03,17.15
2020.0,,Chiapas,Chilon,Jol Muculja,alto,-92.03,17.15
2020.0,,Chiapas,Chilon,Chi´ch,alto,-92.03,17.15
2020.0,Emiliano Zapata Salazar,Chiapas,La Trinitaria,El Porvenir Agrarista,alto,-91.828784,16.157203
2020.0,Guadalupe Victoria,Chiapas,La Trinitaria,San Diego,alto,-91.96118,16.11371
2020.0,,Chiapas,La Trinitaria,El Porvenir Agrarista,bajo,-91.828784,16.157203
2020.0,,Chiapas,La Trinitaria,Loma Bonita,bajo,-91.828784,16.157203
2020.0,,Chiapas,La Trinitaria,Nueva Esperanza,bajo,-91.828784,16.157203
2020.0,,Chiapas,La Trinitaria,San Diego,bajo,-91.828784,16.157203
2020.0,,Chiapas,La Trinitaria,Santa Martha ,bajo,-91.828784,16.157203
2020.0,,Chiapas,La Trinitaria,Tzicumaltic,bajo,-91.828784,16.157203
2020.0,,Chiapas,Pantelho,Corralito Pedernal Zaquila,alto,-92.4675330866603,17.0065225229098
2020.0,,Chiapas,Pantelho,Las Delicias,alto,-92.4675330866603,17.0065225229098
2020.0,,Chiapas,Pantelho,Dolores Petaquil,alto,-92.4675330866603,17.0065225229098
2020.0,,Chiapas,Pantelho,Dolores Petaquil,alto,-92.4675330866603,17.0065225229098
2020.0,,Chiapas,Pantelho,Las Limas,alto,-92.4675330866603,17.0065225229098
2020.0,,Chiapas,Pantelho,El Corralito,alto,-92.4675330866603,17.0065225229098
2020.0,,Chiapas,San Cristóbal de las Casas,Barrio de La Merced,bajo,-92.3702639268516,16.886120916988
2020.0,,Chiapas,San Cristóbal de las Casas,Barrio de La Merced,bajo,-92.3702639268516,16.886120916988
2020.0,,Chiapas,San Cristóbal de las Casas,,alto,-92.3702639268516,16.886120916988
2020.0,Benito Juarez Garcia,Chiapas,San Juan Cancuc,Yocwitz ,bajo,-92.3825028743146,16.9864909218428
2020.0,Benito Juarez Garcia,Chiapas,San Juan Cancuc,Yocwitz ,bajo,-92.3825028743146,16.9864909218428
2020.0,Benito Juarez Garcia,Chiapas,San Juan Cancuc,Yocwitz ,bajo,-92.3825028743146,16.9864909218428
2020.0,Benito Juarez Garcia,Chiapas,San Juan Cancuc,Yocwitz ,alto,-92.3825028743146,16.9864909218428
2020.0,Benito Juarez Garcia,Chiapas,San Juan Cancuc,Yocwitz,bajo,-92.3825028743146,16.9864909218428
2020.0,Benito Juarez Garcia,Chiapas,San Juan Cancuc,Yocwitz ,alto,-92.3825028743146,16.9864909218428
2020.0,Jaime Sabines Gutierrez,Chiapas,San Juan Cancuc,Axultic,bajo,-92.408627,16.99393
2020.0,Jaime Sabines Gutierrez,Chiapas,San Juan Cancuc,Axultic,bajo,-92.408627,16.99393
2020.0,Jaime Sabines Gutierrez,Chiapas,San Juan Cancuc,Axultic,alto,-92.408627,16.99393
2020.0,Luis Echeverria Alvarez ,Chiapas,San Juan Cancuc,Chijil,bajo,-92.378054,16.942656
2020.0,Luis Echeverria Alvarez ,Chiapas,San Juan Cancuc,Chijil,bajo,-92.378054,16.942656
2020.0,Manuel Velasco Suarez,Chiapas,San Juan Cancuc,Jucnil,bajo,-92.414026,16.995813
2020.0,Manuel Velasco Suarez,Chiapas,San Juan Cancuc,Jucnil,bajo,-92.414026,16.995813
2020.0,Manuel Velasco Suarez,Chiapas,San Juan Cancuc,Jucnil,bajo,-92.414026,16.995813
2020.0,Manuel Velasco Suarez,Chiapas,San Juan Cancuc,Jucnil,bajo,-92.414026,16.995813
2020.0,Miguel Alvarez del Toro,Chiapas,San Juan Cancuc,K'analumtik,bajo,-92.398942,16.880674
2020.0,Miguel Alvarez del Toro,Chiapas,San Juan Cancuc,K'analumtik,bajo,-92.398942,16.880674
2020.0,Miguel Alvarez del Toro,Chiapas,San Juan Cancuc,K'analumtik,bajo,-92.398942,16.880674
2020.0,Miguel Alvarez del Toro,Chiapas,San Juan Cancuc,K'analumtik,bajo,-92.398942,16.880674
2020.0,Cuauhtemoc Chamula,Chiapas,San Juan Chamula,Chicumtantic,bajo,-92.604941,16.866038
2020.0,Cuauhtemoc Chamula,Chiapas,San Juan Chamula,Chicumtantic,bajo,-92.604941,16.866038
2020.0,Cuauhtemoc Chamula,Chiapas,San Juan Chamula,Chicumtantic,medio,-92.604941,16.866038
2020.0,Cuauhtemoc Chamula,Chiapas,San Juan Chamula,Chicumtantic,bajo,-92.604941,16.866038
2020.0,Cuauhtemoc Chamula,Chiapas,San Juan Chamula,Chicumtantic,bajo,-92.604941,16.866038
2020.0,Cuauhtemoc Chamula,Chiapas,San Juan Chamula,Chicumtantic,bajo,-92.604941,16.866038
2020.0,,Chiapas,San Juan Chamula,Chicumtantic,bajo,-92.61,16.88
2020.0,,Chiapas,San Juan Chamula,Chicumtantic,bajo,-92.61,16.88
2020.0,,Chiapas,San Juan Chamula,Chicumtantic,bajo,-92.61,16.88
2020.0,,Chiapas,San Juan Chamula,Chicumtantic,bajo,-92.61,16.88
2020.0,,Chiapas,Sitalá,Sitala,alto,-92.3716553760195,17.0346868507557
2020.0,,Chiapas,Sitalá,Sitala,bajo,-92.3716553760195,17.0346868507557
2020.0,,Chiapas,Sitalá,Ach lum El Suspiro,alto,-92.3311620863976,17.0531215226177
2020.0,,Chiapas,Sitalá,Ach lum El Suspiro,alto,-92.3311620863976,17.0531215226177
2020.0,,Chiapas,Sitalá,Peña Blanca,alto,-92.3716553760195,17.0346868507557
2020.0,,Chiapas,Sitalá,Peña Blanca,alto,-92.3716553760195,17.0346868507557
2020.0,,Chiapas,Sitalá,Sanra Cruz El Recreo,alto,-92.3716553760195,17.0346868507557
2020.0,,Chiapas,Sitalá,Emiliano Zapata,alto,-92.3716553760195,17.0346868507557
2020.0,,Chiapas,Sitalá,Emiliano Zapata,alto,-92.3716553760195,17.0346868507557
2020.0,,Chiapas,Sitalá,Peña Blanca,alto,-92.3716553760195,17.0346868507557
2020.0,,Chiapas,Sitalá,11 de abril,alto,-92.3716553760195,17.0346868507557
2020.0,,Chiapas,Sitalá,Ach lum El Suspiro,alto,-92.3311620863976,17.0531215226177
2020.0,,Chiapas,Sitalá,Guadalupe Peña Blanca,alto,-92.3716553760195,17.0346868507557
2020.0,,Chiapas,Sitalá,Guadalupe Tulaquil,alto,-92.3716553760195,17.0346868507557
2020.0,,Chiapas,Sitalá,Rosario El Anhelo,alto,-92.3716553760195,17.0346868507557
2020.0,,Chiapas,Sitalá,Sanra Cruz El Recreo,alto,-92.3716553760195,17.0346868507557
2020.0,,Chiapas,Sitalá,La Trinidad,alto,-92.3716553760195,17.0346868507557
2020.0,,Chiapas,Sitalá,San Martin,alto,-92.3716553760195,17.0346868507557
2020.0,,Chiapas,Sitalá,Santa Cruz La Reforma,alto,-92.3716553760195,17.0346868507557
2020.0,,Chiapas,Sitalá,El Diamante ,alto,-92.3716553760195,17.0346868507557
2020.0,,Chiapas,Sitalá,Guadalupe Shucail,alto,-92.3716553760195,17.0346868507557
2020.0,,Chiapas,Sitalá,La Union,alto,-92.3716553760195,17.0346868507557
2020.0,,Chiapas,Sitalá,Nuevo Porvenir,alto,-92.3716553760195,17.0346868507557
2020.0,,Chiapas,Sitalá,San Francisco La Union,alto,-92.3716553760195,17.0346868507557
2020.0,,Chiapas,Sitalá,San Juan Shucail,alto,-92.3716553760195,17.0346868507557
2020.0,,Chiapas,Sitalá,Santo Domingo Shucail,alto,-92.3716553760195,17.0346868507557
2020.0,,Chiapas,Sitalá,Ach lum El Suspiro,alto,-92.3311620863976,17.0531215226177
2020.0,,Chiapas,Sitalá,Emiliano Zapata,alto,-92.3716553760195,17.0346868507557
2020.0,,Chiapas,Sitalá,Guadalupe Peña Blanca,bajo,-92.3716553760195,17.0346868507557
2020.0,,Chiapas,Sitalá,Sanra Cruz El Recreo,alto,-92.3716553760195,17.0346868507557
2020.0,,Chiapas,Sitalá,Pomiltic,alto,-92.34,17.06
2020.0,,Chiapas,Sitalá,La Trinidad,alto,-92.3716553760195,17.0346868507557
2020.0,,Chiapas,Sitalá,Paraiso Santa Barbara,bajo,-92.3716553760195,17.0346868507557
2020.0,,Chiapas,Sitalá,San Martin,alto,-92.3716553760195,17.0346868507557
2020.0,,Chiapas,Sitalá,La Union,alto,-92.3716553760195,17.0346868507557
2020.0,,Chiapas,Sitalá,San Francisco La Union,bajo,-92.3716553760195,17.0346868507557
2020.0,,Chiapas,Sitalá,Nuevo Porvenir,alto,-92.3716553760195,17.0346868507557
2020.0,,Chiapas,Sitalá,San Jose La Union,alto,-92.3716553760195,17.0346868507557
2020.0,,Chiapas,Sitalá,Emiliano Zapata,alto,-92.3716553760195,17.0346868507557
2020.0,Cuauhtemoc Tenejapa,Chiapas,Tenejapa,El Retiro,alto,-92.458301,16.800303
2020.0,Cuauhtemoc Tenejapa,Chiapas,Tenejapa,El Retiro,bajo,-92.458301,16.800303
2020.0,Josefa Ortiz de Dominguez,Chiapas,Tenejapa,Chulja,bajo,-92.486137,16.84759
2020.0,,Chiapas,Tenejapa,Sibactel,medio,-92.5092957660092,16.8199393830959
2020.0,,Chiapas,Tenejapa,Sibactel,bajo,-92.5092957660092,16.8199393830959
2020.0,,Chiapas,Tenejapa,El Retiro,bajo,-92.5092957660092,16.8199393830959
2020.0,,Chiapas,Tenejapa,Majosik,alto,-92.5092957660092,16.8199393830959
2020.0,,Chiapas,Teopisca,Betania,alto,-92.520528,16.611682
2020.0,,Chiapas,Teopisca,Rancheria Nazaret,bajo,-92.520528,16.611682
2021.0,,Chiapas,Berriozábal,Berlin,bajo,-93.3567301779596,16.8955393102324
2021.0,Rosario Castellanos Figueroa,Chiapas,Berriozábal,San Jeronimo,bajo,-92.627801,16.737382
2021.0,16 de noviembre de 1997,Chiapas,Chenalhó,Nuevo Yibeljoj ,bajo,-92.51657,16.96962
2021.0,Emilio Rabasa Estebanel,Chiapas,Chenalhó,Poconichim,alto,-91.5169343735625,16.9314770071144
2021.0,Ignacio Allende y Uzcanga,Chiapas,Chenalhó,Bachen ,alto,-92.612956,16.895395
2021.0,,Chiapas,Chenalhó,Canolal,alto,-92.3716553760195,17.0346868507557
2021.0,,Chiapas,Chenalhó,Nuevo Yibeljoj,alto,-92.5378477616296,16.938035189743
2021.0,,Chiapas,Chenalhó,San Jose Majomut,alto,-92.5378477616296,16.938035189743
2021.0,,Chiapas,Chenalhó,Vayum Vakaxtik,alto,-92.5378477616296,16.938035189743
2021.0,,Chiapas,Chenalhó,Chimix,bajo,-92.5378477616296,16.938035189743
2021.0,,Chiapas,Chenalhó,Poconichim,alto,-92.5378477616296,16.938035189743
2021.0,,Chiapas,Chenalhó,Nuevo Yibeljoj,medio,-92.5378477616296,16.938035189743
2021.0,,Chiapas,Chenalhó,Canolal,medio,-92.5378477616296,16.938035189743
2021.0,,Chiapas,Chenalhó,Vayum Vakaxtik,alto,-92.5378477616296,16.938035189743
2021.0,,Chiapas,Chenalhó,Chimix,alto,-92.5378477616296,16.938035189743
2021.0,,Chiapas,Chenalhó,Bachen ,bajo,-92.5378477616296,16.938035189743
2021.0,,Chiapas,Chenalhó,Las Limas,alto,-92.5378477616296,16.938035189743
2021.0,,Chiapas,Chenalhó,San Jose Majomut,alto,-92.5378477616296,16.938035189743
2021.0,,Chiapas,Chenalhó,Tzabalhó,bajo,-92.5378477616296,16.938035189743
2021.0,Armando Duvalier Cruz Reyes,Chiapas,Huixtán,Huixtan,bajo,-92.483264,16.692268
2021.0,Emiliano Zapata Salazar,Chiapas,La Trinitaria,El Porvenir Agrarista,alto,-91.828784,16.157203
2021.0,,Chiapas,La Trinitaria,Pozo San Isidro,alto,-91.828784,16.157203
2021.0,,Chiapas,Pantelho,Las Limas Chitamucum,alto,-92.4675330866603,17.0065225229098
2021.0,,Chiapas,Pantelho,Las Limas,alto,-92.4675330866603,17.0065225229098
2021.0,,Chiapas,Pantelho,Corralito Pedernal Zaquila,alto,-92.4675330866603,17.0065225229098
2021.0,Estado de Chiapas,Chiapas,San Cristóbal de las Casas,Yashtinin,alto,-92.442811,16.654899
2021.0,,Chiapas,San Juan Cancuc,El Triunfo,alto,-92.3702639268516,16.886120916988
2021.0,,Chiapas,Sitalá,Rosario El Anhelo,alto,-92.3716553760195,17.0346868507557
2021.0,,Chiapas,Sitalá,San Jose La Union,alto,-92.3716553760195,17.0346868507557
2021.0,,Chiapas,Sitalá,Guadalupe Shucail,alto,-92.3716553760195,17.0346868507557
2021.0,,Chiapas,Sitalá,San Juan Shucail,alto,-92.3716553760195,17.0346868507557
2021.0,,Chiapas,Sitalá,Santo Domingo Shucail,bajo,-92.3716553760195,17.0346868507557
2021.0,,Chiapas,Sitalá,Ach lum El Suspiro,alto,-92.3311620863976,17.0531215226177
2021.0,,Chiapas,Sitalá,Guadalupe Peña Blanca,alto,-92.5378477616296,16.938035189743
2021.0,,Chiapas,Sitalá,La Union,medio,-92.3716553760195,17.0346868507557
2021.0,,Chiapas,Sitalá,San Francisco La Union,alto,-92.3716553760195,17.0346868507557
2021.0,,Chiapas,Sitalá,11 de abril,alto,-92.3716553760195,17.0346868507557
2021.0,,Chiapas,Sitalá,Guadalupe Tulaquil,alto,-92.3716553760195,17.0346868507557
2021.0,,Chiapas,Sitalá,Santa Cruz La Reforma,alto,-92.3716553760195,17.0346868507557
2021.0,,Chiapas,Sitalá,Sanra Cruz El Recreo,alto,-92.3716553760195,17.0346868507557
2021.0,,Chiapas,Sitalá,Emiliano Zapata,alto,-92.3716553760195,17.0346868507557
2021.0,,Chiapas,Sitalá,Rosario El Anhelo,alto,-92.3716553760195,17.0346868507557
2021.0,,Chiapas,Sitalá,Guadalupe Jaguala,medio,-92.3716553760195,17.0346868507557
2021.0,,Chiapas,Sitalá,Santa Cruz La Reforma,alto,-92.3716553760195,17.0346868507557
2021.0,,Chiapas,Sitalá,San Juan Shucail,alto,-92.3716553760195,17.0346868507557
2021.0,,Chiapas,Sitalá,Santo Domingo Shucail,alto,-92.3716553760195,17.0346868507557
2021.0,,Chiapas,Sitalá,La Trinidad,alto,-92.3716553760195,17.0346868507557
2021.0,,Chiapas,Sitalá,San Martin,alto,-92.3716553760195,17.0346868507557
2021.0,,Chiapas,Sitalá,El Diamante ,alto,-92.3716553760195,17.0346868507557
2021.0,,Chiapas,Sitalá,Nuevo Porvenir,alto,-92.3716553760195,17.0346868507557
2021.0,,Chiapas,Sitalá,San Jose La Union,alto,-92.3716553760195,17.0346868507557
2021.0,,Chiapas,Sitalá,11 de abril,alto,-92.3716553760195,17.0346868507557
2021.0,,Chiapas,Sitalá,Rosario El Anhelo,bajo,-92.3716553760195,17.0346868507557
2021.0,,Chiapas,Sitalá,Guadalupe Tulaquil,medio,-92.3716553760195,17.0346868507557
2021.0,,Chiapas,Sitalá,La Union,medio,-92.3716553760195,17.0346868507557
2021.0,Cuauhtemoc Tenejapa,Chiapas,Tenejapa,El Retiro,bajo,-92.458301,16.800303
2021.0,Josefa Ortiz de Dominguez,Chiapas,Tenejapa,Chulja,bajo,-92.486137,16.84759
2021.0,,Chiapas,Tenejapa,Chixtontic,medio,-92.5092957660092,16.8199393830959
2021.0,,Chiapas,Tenejapa,Chulja,bajo,-92.5092957660092,16.8199393830959
2021.0,,Chiapas,Tenejapa,La Cañada Chica,bajo,-92.5092957660092,16.8199393830959
2021.0,Jose Maria Morelos y Pavon,Chiapas,Teopisca,Betania,bajo,-92.520528,16.611682
2021.0,Josefa Ortiz de Dominguez Teopisca,Chiapas,Teopisca,Rancheria Nazaret,bajo,-92.5324125,16.5985263
2022.0,Esc. Prim. José María Morelos,Chiapas,Amatenango Del Valle,La Grandeza 1ra Sección,medio,-92.445894,16.522913
2022.0,Rosario Castellanos Figueroa,Chiapas,Berriozábal,San Jeronimo,alto,-92.627801,16.737382
2022.0,16 de noviembre de 1997,Chiapas,Chenalhó,Nuevo Yibeljoj ,bajo,-92.51657,16.96962
2022.0,16 de noviembre de 1997,Chiapas,Chenalhó,Nuevo Yibeljoj ,bajo,-92.51657,16.96962
2022.0,Emilio Rabasa Estebanel,Chiapas,Chenalhó,Poconichim,bajo,-91.5169343735625,16.9314770071144
2022.0,Emilio Rabasa Estebanel,Chiapas,Chenalhó,Poconichim,medio,-91.5169343735625,16.9314770071144
2022.0,Esc. Prim. Xicotencatl,Chiapas,Chenalhó,Chojolhó,medio,-92.64501,16.740704
2022.0,Esc. Prim. Xicotencatl,Chiapas,Chenalhó,Chojolhó,bajo,-92.64501,16.740704
2022.0,Esc. Valentín Gómez Farias,Chiapas,Chenalhó,Tzabalhó,medio,-92.64501,16.740704
2022.0,Esc. Valentín Gómez Farias,Chiapas,Chenalhó,Tzabalhó,bajo,-92.64501,16.740704
2022.0,Esc. Valentín Gómez Farias,Chiapas,Chenalhó,Tzabalhó,bajo,-92.64501,16.740704
2022.0,Francisco I. Madero,Chiapas,Chenalhó,Chimix ,bajo,-92.516207,17.004301
2022.0,Francisco I. Madero,Chiapas,Chenalhó,Chimix ,bajo,-92.516207,17.004301
2022.0,Ignacio Allende y Uzcanga,Chiapas,Chenalhó,Bachen ,bajo,-92.612956,16.895395
2022.0,,Chiapas,Chenalhó,Chimix,alto,,
2022.0,Esc. Belisario Domínguez Palencia,Chiapas,Chenalhó,Las Limas,bajo,-92.619511,16.942056
2022.0,Esc. Belisario Domínguez Palencia,Chiapas,Chenalhó,Las Limas,medio,-92.619511,16.942056
2022.0,Sin nombre,Chiapas,Chenalhó,Vayumvakaxtik,alto,,
2022.0,Sin nombre,Chiapas,Chenalhó,Vayumvakaxtik,bajo,,
2022.0,Esc. Telesecundaria  #1025 Narcizo Mendoza,Chiapas,Chiapilla,Lázaro Cárdenas,bajo,-92.765264,16.552806
2022.0,COBACH 327,Chiapas,Comitan de Dominguez,La Floresta,medio,-92.1169591758402,16.2432861254332
2022.0,EMSaD 180,Chiapas,Huixtán,Los Pozos,alto,-92.402639,16.651467
2022.0,EMSaD 180,Chiapas,Huixtán,Los Pozos,bajo,-92.402639,16.651467
2022.0,EMSaD 180,Chiapas,Huixtán,Los Pozos,bajo,-92.402639,16.651467
2022.0,Esc. Prim. Lázaro Cárdenas del Río,Chiapas,Huixtán,Chilil,alto,-92.4906569703705,16.6766202573541
2022.0,Telesec. # 909 Armando Duvalier ,Chiapas,Huixtán,Adolfo López Mateos,bajo,-92.483264,16.692268
2022.0,COBACH 314,Chiapas,Mitontic,Mitontic,alto,-92.6295263025279,16.8645765341097
2022.0,COBACH 314,Chiapas,Mitontic,Mitontic,bajo,-92.6295263025279,16.8645765341097
2022.0,COBACH 314,Chiapas,Mitontic,Mitontic,bajo,-92.6295263025279,16.8645765341097
2022.0,Esc. Prim.  Benito Juárez,Chiapas,Mitontic,Oxinam,medio,-92.548981,16.863875
2022.0,Centro De Atención Múltiple #1,Chiapas,San Cristóbal de las Casas,San Cristobal de las Casas,bajo,-92.610118,16.706904
2022.0,Centro De Atención Múltiple #1,Chiapas,San Cristóbal de las Casas,San Cristobal de las Casas,bajo,-92.610118,16.706904
2022.0,Esc. Josefa Ortiz De Domínguez,Chiapas,San Cristóbal de las Casas,San Cristobal de las Casas,bajo,-92.636029,16.727608
2022.0,Esc. Josefa Ortiz De Domínguez,Chiapas,San Cristóbal de las Casas,San Cristobal de las Casas,bajo,-92.636029,16.727608
2022.0,Esc. Prim. Bilingue 5 De Mayo,Chiapas,San Cristóbal de las Casas,Corazón de María,bajo,-92.533999,16699961
2022.0,Esc. Prim. Bilingue 5 De Mayo,Chiapas,San Cristóbal de las Casas,Corazón de María,bajo,-92.533999,16699961
2022.0,Esc. Prim. Lic. José Castillo Tielmans,Chiapas,San Cristóbal de las Casas,Prudencio Moscoso,bajo,-92.646381,16.739215
2022.0,Esc. Prim. Lic. José Castillo Tielmans,Chiapas,San Cristóbal de las Casas,Prudencio Moscoso,bajo,-92.646381,16.739215
2022.0,Esc. Prim. Lic. José Castillo Tielmans,Chiapas,San Cristóbal de las Casas,Prudencio Moscoso,bajo,-92.646381,16.739215
2022.0,Esc. Sec. Tec. #66,Chiapas,San Cristóbal de las Casas,San Cristobal de las Casas,alto,-92.641834,16.745859
2022.0,Esc. Sec. Tec. #66,Chiapas,San Cristóbal de las Casas,San Cristobal de las Casas,bajo,-92.641834,16.745859
2022.0,Esc. Sec. Tec. #66,Chiapas,San Cristóbal de las Casas,San Cristobal de las Casas,alto,-92.641834,16.745859
2022.0,Estado de Chiapas,Chiapas,San Cristóbal de las Casas,Yashtinin,bajo,16.654899,16.654899
2022.0,Estado de Chiapas,Chiapas,San Cristóbal de las Casas,Yashtinin,bajo,16.654899,16.654899
2022.0,Francisco Hernandez de Cordoba,Chiapas,San Cristóbal de las Casas,Quinta San Martín ,bajo,-92.628596,16.730617
2022.0,Francisco Hernandez de Cordoba,Chiapas,San Cristóbal de las Casas,Quinta San Martín ,bajo,-92.628596,16.730617
2022.0,Gil González de Ávila,Chiapas,San Cristóbal de las Casas,Los Alcanfores,bajo,-92.67265,16.744453
2022.0,Gil González de Ávila,Chiapas,San Cristóbal de las Casas,Los Alcanfores,bajo,-92.67265,16.744453
2022.0,Ignacio Manuel Altamirano,Chiapas,San Cristóbal de las Casas,Molino Los Arcos,bajo,-92.607648,16.744853
2022.0,Ignacio Manuel Altamirano,Chiapas,San Cristóbal de las Casas,Molino Los Arcos,bajo,-92.607648,16.744853
2022.0,José Weber,Chiapas,San Cristóbal de las Casas,Barrio La Calendaria,bajo,-92.625136,16.730799
2022.0,José Weber,Chiapas,San Cristóbal de las Casas,Barrio La Calendaria,bajo,-92.625136,16.730799
2022.0,Melchor Ocampo,Chiapas,San Cristóbal de las Casas,El aguaje,bajo,-92.658175,16.736354
2022.0,Melchor Ocampo,Chiapas,San Cristóbal de las Casas,El aguaje,alto,-92.658175,16.736354
2022.0,Mi Patria es Primero,Chiapas,San Cristóbal de las Casas,Quinta San Martín ,bajo,16.729639,16.729639
2022.0,Mi Patria es Primero,Chiapas,San Cristóbal de las Casas,Quinta San Martín ,bajo,16.729639,16.729639
2022.0,Miguel Hidalgo y Costilla,Chiapas,San Cristóbal de las Casas,Guadalupe Shuncalá,bajo,-92.427212,16.650944
2022.0,Miguel Hidalgo y Costilla,Chiapas,San Cristóbal de las Casas,Guadalupe Shuncalá,bajo,-92.427212,16.650944
2022.0,Preescolar Horacio Castellanos Solorzano,Chiapas,San Cristóbal de las Casas,Yashtinin,bajo,-92.444156,16.654427
2022.0,Preescolar Horacio Castellanos Solorzano,Chiapas,San Cristóbal de las Casas,Yashtinin,bajo,-92.444156,16.654427
2022.0,Preescolar Horacio Ordoñez Camacho,Chiapas,San Cristóbal de las Casas,Zacualpa,bajo,-92.696292,16.706268
2022.0,Preescolar Quetzalcóatl,Chiapas,San Cristóbal de las Casas,San Cristobal de las Casas,bajo,-92.642244,16.746693
2022.0,Preescolar Quetzalcóatl,Chiapas,San Cristóbal de las Casas,San Cristobal de las Casas,bajo,-92.642244,16.746693
2022.0,Rosaura Zapata Cano,Chiapas,San Cristóbal de las Casas,Barrio Fátima,bajo,-92.646314,16.738868
2022.0,COBACH 315,Chiapas,San Juan Cancuc,Iwiltic,medio,-92.4339374604205,16.9805299755477
2022.0,Esc. Sec. Tec. #154,Chiapas,San Juan Cancuc,Iwiltic,medio,-92.414026,16.995813
2022.0,Esc. Prim. Juan Sabines Gutiérrez,Chiapas,San Juan Chamula,Santa Ana,medio,-92.722901,16.792536
2022.0,Esc. Prim. Jacinto Pérez Pajarito,Chiapas,San Juan Chamula,El pozo,medio,-92.573613,16.850773
2022.0,Walter C. Buchanan,Chiapas,San Juan Chamula,Tzontehuitz,medio,-92.558412,16.787289
2022.0,Adolfo Ruiz Cortinez,Chiapas,Sitalá,Guadalupe Jaguala,bajo,-92.326893,17.60322
2022.0,Adolfo Ruiz Cortinez,Chiapas,Sitalá,Guadalupe Jaguala,bajo,-92.326893,17.60322
2022.0,Cuauhtémoc Sitalá,Chiapas,Sitalá,Emiliano Zapata,alto,-92.3716553760195,17.0346868507557
2022.0,Cuauhtémoc Sitalá,Chiapas,Sitalá,Emiliano Zapata,bajo,-92.3716553760195,17.0346868507557
2022.0,Cuauhtémoc Sitalá,Chiapas,Sitalá,Emiliano Zapata,bajo,-92.3716553760195,17.0346868507557
2022.0,Jaime Sabines Gutierrez,Chiapas,Sitalá,Ach Lum El suspiro,alto,-92.3311620863976,17.0531215226177
2022.0,Jaime Sabines Gutierrez,Chiapas,Sitalá,Ach Lum El suspiro,medio,-92.3311620863976,17.0531215226177
2022.0,Jaime Sabines Gutierrez,Chiapas,Sitalá,Ach Lum El suspiro,bajo,-92.3311620863976,17.0531215226177
2022.0,Juan de la Barrera,Chiapas,Sitalá,Pomiltic,bajo,-92.326893,17.60322
2022.0,Juan de la Barrera,Chiapas,Sitalá,Pomiltic,medio,-92.326893,17.60322
2022.0,,Chiapas,Sitalá,Paraiso Chicotanil,bajo,,
2022.0,,Chiapas,Sitalá,Paraiso Chicotanil,bajo,,
2022.0,,Chiapas,Sitalá,Paraiso Chicotanil,bajo,,
2022.0,,Chiapas,Sitalá,El Diamante ,bajo,,
2022.0,,Chiapas,Sitalá,Ach Lum El suspiro,bajo,,
2022.0,,Chiapas,Sitalá,Ach Lum El suspiro,bajo,,
2022.0,,Chiapas,Sitalá,Ach Lum El suspiro,bajo,,
2022.0,,Chiapas,Sitalá,Rosario El Anhelo,bajo,,
2022.0,,Chiapas,Sitalá,Rosario El Anhelo,bajo,,
2022.0,,Chiapas,Sitalá,Rosario El Anhelo,bajo,,
2022.0,Cuauhtemoc Tenejapa,Chiapas,Tenejapa,El Retiro,alto,-92.458301,16.800303
2022.0,Cuauhtemoc Tenejapa,Chiapas,Tenejapa,El Retiro,bajo,-92.458301,16.800303
2022.0,Esc.  Prim. 16 de septiembre,Chiapas,Tenejapa,Jomanichim,bajo,-92.477159,16.886109
2022.0,Esc. Sec. Tec. #130,Chiapas,Tenejapa,Chacoma,medio,-92.646381,16.739215
2022.0,Josefa Ortiz de Dominguez,Chiapas,Tenejapa,Chulja,bajo,-92.486137,16.84759
2022.0,Prim. 24 de febrero,Chiapas,Tenejapa,Balun Canal,medio,-92.538547,16.96505
2022.0,Prim. 24 de febrero,Chiapas,Tenejapa,Balun Canal,bajo,-92.538547,16.96505
2022.0,Prim. 24 de febrero,Chiapas,Tenejapa,Balun Canal,bajo,-92.538547,16.96505
2022.0,Prim. Leona Vicario Fernández,Chiapas,Tenejapa ,Chixtontic,alto,-92.476517,16.83026
2022.0,Prim. Leona Vicario Fernández,Chiapas,Tenejapa ,Chixtontic,bajo,-92.476517,16.83026
2022.0,Prim. Leona Vicario Fernández,Chiapas,Tenejapa ,Chixtontic,medio,-92.476517,16.83026
2022.0,Esc. Prim. 20 de noviembre,Chiapas,Teopisca,Agua Escondida,bajo,-92.64515,16.740727
2022.0,Esc. Prim. 5 de Mayo,Chiapas,Teopisca,San Isidro Chijiltec,alto,-92.528554,16.558347
2022.0,Esc. Prim. 5 de Mayo,Chiapas,Teopisca,San Isidro Chijiltec,bajo,-92.528554,16.558347
2022.0,Esc. Prim. 5 de Mayo,Chiapas,Teopisca,San Isidro Chijiltec,bajo,-92.528554,16.558347
2022.0,Esc. Prim. Nicolás Bravo,Chiapas,Teopisca,Nuevo León,medio,-92.575994,16.488185
2022.0,Esc. Sec. #40,Chiapas,Teopisca,Teopisca,medio,-92.507007,16.580516
2022.0,Jose Maria Morelos y Pavon,Chiapas,Teopisca,Betania,bajo,-92.520528,16.611682
2022.0,Jose Maria Morelos y Pavon,Chiapas,Teopisca,Betania,bajo,-92.520528,16.611682
2022.0,Valentin Gomez Farias,Chiapas,Teopisca,Teopisca ,bajo,-92.506864,16.581976
2022.0,Valentin Gomez Farias,Chiapas,Teopisca,Teopisca ,bajo,-92.506864,16.581976
2022.0,,Chiapas,Trinitaria,Barrio el Alto,bajo,,
2022.0,,Chiapas,Trinitaria,San Diego,bajo,,
2022.0,,Chiapas,Trinitaria,Tzikumaltik,bajo,,
2022.0,Esc. Prim. Camilo Pintado Rincón,Chiapas,Tuxtla Gutierrez,Barrio Hidalgo,medio,-93.103155,16.756255
2022.0,Josefa Ortiz de Dominguez,Chiapas,Tuxtla Gutierrez,Penipak ,bajo,-93.138915,16.752602
2022.0,Raúl Isidro Burgos,Chiapas,Tuxtla Gutierrez,Plan de Ayala,bajo,-92.644971,16.740802
2022.0,Esc. Prim. Reforma Agraria,Chiapas,Venustiano Carranza,Guadalupe Victoria,medio,-92.549745,16.406227
2023.0,,Chiapas,Berriozábal,Danubio,bajo,,
2023.0,,Chiapas,Berriozábal,Berlín,bajo,,
2023.0,,Chiapas,Berriozábal,Vista Hermosa,bajo,,
2023.0,,Chiapas,Berriozábal,Amendú,bajo,,
2023.0,,Chiapas,Berriozábal,Joquín Miguel Gutierrez,bajo,,
2023.0,,Chiapas,Berriozábal,Ignacio Zaragoza,bajo,,
2023.0,,Chiapas,Berriozábal,El Divisadero,alto,,
2023.0,,Chiapas,Berriozábal,San Jose Paraiso,alto,,
2023.0,,Chiapas,Berriozábal,El Tirol,bajo,,
2023.0,,Chiapas,Berriozábal,Montebello,bajo,,
2023.0,,Chiapas,Berriozábal,San Isidro,bajo,,
2023.0,,Chiapas,Berriozábal,San Jerónimo,bajo,,
2023.0,,Chiapas,Berriozábal,Nuevo Montecristo,bajo,,
2023.0,,Chiapas,Chenalhó,Nuevo Yibeljoj,bajo,,
2023.0,,Chiapas,Chenalhó,Vayum Vakaxtik,medio,,
2023.0,Esc. Prim. Belisario Domínguez Palencia,Chiapas,Chenalhó,Usilucum,alto,-92.627767,16.887557
2023.0,Esc. Prim. Benito Juárez García,Chiapas,Chenalhó,Chenalhó,alto,-92.627043,16.88746
2023.0,,Chiapas,Chenalhó,Nuevo Yibeljoj,alto,,
2023.0,Esc. Prim. Nicolás Bravo Rueda,Chiapas,Jiquipilas,Quintana Roo,bajo,-93.596373,16.619818
2023.0,Esc. Prim. Fray Matias de Córdova y Ordóñez,Chiapas,San Juan Cancuc,Yanchen,alto,-92.371593,16.887329
2023.0,Esc. Sec. Tec. #154,Chiapas,San Juan Cancuc,Iwiltic,medio,-92.414026,16.995813
2023.0,Luis Echeverria Alvarez ,Chiapas,San Juan Cancuc,Chijil,bajo,-92.378054,16.942656
2023.0,Miguel Alvarez del Toro,Chiapas,San Juan Cancuc,K'analumtik,bajo,-92.398942,16.880674
2023.0,Cuauhtemoc Chamula,Chiapas,San Juan Chamula,Chicumtantic,bajo,-92.604941,16.866038
2023.0,Esc. Prim. Juan Sabines Gutiérrez,Chiapas,San Juan Chamula,Santa Ana,bajo,-92.722901,16.792536
2023.0,,Chiapas,Sitalá,La Palma,bajo,,
2023.0,,Chiapas,Sitalá,La Palma,bajo,,
2023.0,,Chiapas,Sitalá,La Palma,bajo,,
2023.0,,Chiapas,Sitalá,La Palma,bajo,,
2023.0,,Chiapas,Sitalá,El Diamante ,bajo,,
2023.0,,Chiapas,Sitalá,Trinidad,bajo,,
2023.0,,Chiapas,Sitalá,Guadalupe Jaguala,bajo,,
2023.0,,Chiapas,Sitalá,Guadalupe Jaguala,bajo,,
2023.0,,Chiapas,Sitalá,Guadalupe Peña Blanca,bajo,,
2023.0,,Chiapas,Sitalá,Ach Lum El suspiro,bajo,,
2023.0,,Chiapas,Sitalá,Rosario El Anhelo,bajo,,
2023.0,,Chiapas,Sitalá,Emiliano Zapata,bajo,,
2023.0,,Chiapas,Sitalá,Santa Cruz el Recreo,bajo,,
2023.0,,Chiapas,Sitalá,San Juan Shucail,alto,,
2023.0,,Chiapas,Sitalá,San Juan Shucail,alto,,
2023.0,Esc.  Prim. 16 de septiembre,Chiapas,Tenejapa,Jomanichim,bajo,-92.477159,16.886109
2023.0,Josefa Ortiz de Dominguez,Chiapas,Tenejapa,Chulja,bajo,-92.486137,16.84759
2023.0,,Chiapas,Tenejapa,Pat Ch'en,bajo,,
2023.0,,Chiapas,Tenejapa,Pat Ch'en,bajo,,
2023.0,,Chiapas,Tenejapa,Cañada chica,bajo,,
2023.0,Esc. Sec. #40,Chiapas,Teopisca,Teopisca,bajo,-92.507007,16.580516
2023.0,,Chiapas,Trinitaria,San Diego,bajo,,
2023.0,,Chiapas,Trinitaria,Tzicumaltik,bajo,,
2023.0,,Chiapas,Trinitaria,Nueva Esperanza,bajo,,
2023.0,,Chiapas,Trinitaria,Barrio el Alto,bajo,,
2023.0,Esc. Sec. Ignacio Manuel Altamirano,Chiapas,Villa Corzo,Revolución Mexicana,medio,-92.985083,16.268633
2023.0,,Chiapas,Berriozábal,San Isidro,nan,,
2023.0,JARDIN DE NIÑOS GIL GONZALEZ DE AVILA,CHIAPAS,SAN CRISTOBAL DE LAS CASAS,ALCANFORES,nan,,
2023.0,MI PATRIA ES PRIMERO,CHIAPAS,SAN CRISTOBAL DE LAS CASAS,QUINTA SAN MARTIN,nan,,
2023.0,ESC. PRIM. UNIDAD EDUCATIVA,CHIAPAS,SAN JUAN CANCUC,TZAMETAL,nan,,
2023.0,PRIM. MIGUEL ALVAREZ DEL TORO,CHIAPAS,SAN JUAN CANCUC,K'ANALUMTIK,nan,,
2023.0,,Chiapas,Chenalhó,Bachen Poconichim,nan,,
2024.0,ESC. SEC. IGNACIO MANUEL ALTAMIRANO,CHIAPAS,VILLA CORZO,REVOLUCION MEXICANA,nan,,
2023.0,,Chiapas,Tenejapa,Santa Cruz,nan,,
2023.0,-,Chiapas,Chalchiuhitán,Kanalumtik,nan,-,-
2023.0,-,Chiapas,Chenalhó,Bachen Poconichim,nan,-,-
2023.0,-,Chiapas,Chenalhó,Centropoconichim,nan,-,-
2023.0,-,Chiapas,Chenalhó,Las Limas,nan,,
2023.0,-,Chiapas,Chenalhó,Centro Poconichim,nan,,
2023.0,-,Chiapas,Sitalá,El Diamante,nan,,
2023.0,-,Chiapas,Sitalá,Emiliano Zapata,nan,,
2023.0,-,Chiapas,Berriozábal,El Danubio,nan,,
2023.0,,Chiapas,Berriozábal,Nuevo Montecristo,nan,,
2023.0,-,Chiapas,Berriozábal,Río Blanco,nan,,
2023.0,,Chiapas,Berriozábal,San Isidro,nan,,
2023.0,-,Chiapas,Berriozábal,Gracias a Dios,nan,,
2023.0,,Chiapas,Berriozábal,San Isidro,nan,,
2023.0,,Chiapas,Chenalhó,Centro Poconichim,nan,,
2023.0,,Chiapas,Tenejapa,Oc'och,nan,,
2023.0,,Chiapas,Tenejapa,Chixtontic,nan,,
2023.0,-,Chiapas,Chenalhó,Vayum Vakaxtik,nan,,
2023.0,,Chiapas,Chenalhó,Bech'en Poconichim,nan,,
2024.0,PRIM. 20 DE NOVIEMBRE,CHIAPAS,SAN CRISTOBAL DE LAS CASAS,EL ESCALON,nan,,
2024.0,PRIM. JOSE WEBER,CHIAPAS,SAN CRISTOBAL DE LAS CASAS,SAN CRISTOBAL DE LAS CASAS,nan,,
2024.0,PRIM. CONAFE,CHIAPAS,Chenalhó,VAYUNVAKAXTIK,nan,,
2024.0,COBACH 314,CHIAPAS,MITONTIC,MITONTIC,nan,,
2024.0,SEC. PRAXEDIS,CHIAPAS,PIJIJIAPAN,PIJIJIAPAN,nan,,
2024.0,SEC. CONSTITUCION MEXICANA,CHIAPAS,PIJIJIAPAN,NUEVA COAPA,nan,,
2024.0,PRIM. JUAN DE LA BARRERA,CHIAPAS,SITALA,POMILTIC,nan,,
2024.0,PRESC. HORACIO CASTELLANOS SOLORZANO,CHIAPAS,SAN CRISTOBAL DE LAS CASAS,SAN JOSE YASHTININ,nan,,
2024.0,PRIM. CUAUHTEMOC,CHIAPAS,SITALA,EMILIANO ZAPATA,nan,,
2024.0,,Chiapas,La Trinitaria,Los Carameros,nan,,
2024.0,,Chiapas,La Trinitaria,San Isidro,nan,,
2024.0,,Chiápas,Chenalhó,Naranjatik Alto,nan,,
2024.0,,Chiapas,La Trinitaria,Tzicumaltik,nan,,
2024.0,,Chiapas,La Trinitaria,Nueva Esperanza,nan,,
2024.0,-,Chiapas,Chenalhó,Vayum Vakaxtik,nan,,
2024.0,,Chiapas,La Trinitaria,Tzicumaltik,nan,,
2024.0,,Chiapas,Chenalhó,Naranjatik Alto,nan,,
2024.0,,Chiapas,La Trinitaria,San Isidro,nan,,
24.0,,Chiapas,La Trinitaria,Nueva Esperanza,nan,,
2024.0,,Chiapas,La Trinitaria,Los Caramelos,nan,,
2024.0,,Chiapas,Sitalá,Paraíso Chicotanil,nan,,
2024.0,,Chiapas,Sitalá,La Unión,nan,,
2024.0,,Chiapas,Sitalá,San José Terranova,nan,,
2024.0,,Chiapas,Chenalhó,Tzabalhó,nan,,
2024.0,,Chiapas,Tenejapa,Santa Cruz,nan,,
2024.0,,Chiapas,Sitalá,San Juan Shucail,nan,,
2024.0,,Chiapas,Berriozábal,El Mirador,nan,-,-
2024.0,,Chiapas,Berriozábal,El Divisadero,nan,-,-
2024.0,,Chiapas,Berriozábal,San José el Paraíso,nan,-,-
2024.0,,Chiapas,Berriozábal,Joaquín Miguel Gutierrez,nan,-,-
2024.0,,Chiapas,Berriozábal,Joaquín Miguel Gutiérrez,nan,-,-
2024.0,,Chiapas,Berriozábal,Joaquín Miguel Guetiérrez,nan,-,-
2024.0,,Chiapas,Berriozábal,Joaquín Miguel Guetiérrez,nan,-,-
2024.0,,Chipas,La Trinitaria,Nuevo Chapultepec,nan,,
2024.0,,Chiapas,Berriozábal,Emiliano Zapata,nan,,
2024.0,,Chiapas,Berriozábal,Gracias a Dios,nan,,
2024.0,,Chiapas,Berriozábal,Emiliano Zapata,nan,-,-
2024.0,,Chiapas,Berriozábal,Montebello,nan,,
2023.0,,Chiapas,Berriozábal,Ignacio Zaragoza,nan,,
2023.0,,Chiapas,Berriozábal,Ignacio Zaragoza,nan,,
2023.0,,Chiapas,Berriozábal,Benito Juárez,nan,,
2024.0,,Chiapas,sitalá,San Juan shucail,nan,,
2024.0,-,CHIAPAS,Tenejapa,SANTA CRUZ,nan,-,-
2024.0,-,Chiapas,Sitalá,La Unión,nan,-,-
2024.0,-,Chiapas,Chenalhó,Bach'en,nan,-,-
2024.0,-,Chiapas,Tenejapa,5 de Abril,nan,-,-
2024.0,-,Chiapas,Tenejapa,5 de Abril,nan,-,-
2024.0,-,Chiapas,Tenejapa,Balun Canal,nan,-,-
2024.0,-,Chiapas,Tenejapa,Balun canal,nan,-,-
2024.0,-,Chiapas,Tenejapa,El Retiro,nan,-,-
2024.0,-,Chiapas,Tenejapa,El Retiro,nan,-,-
2024.0,-,Chiapas,Chixtontic,Tenejapa,nan,-,-
2024.0,-,Chiapas,La Trinitaria,Tziculmatik,nan,-,-
2024.0,,Chiapas,La Trinitaria,San Isidro,nan,,
2024.0,,Chiapas,Sitalá,El Diamante,nan,,
2024.0,,Chiapas,Las Rosas,San Mateo,nan,-,-
2024.0,,Chiapas,La Trinitaria,San Diego,nan,-,-
2024.0,,Chiapas,La Trinitaria,Tzicumaltic,nan,-,-
2024.0,,Chiapas,Sitalá,San Juan Shucail,nan,-,-
2024.0,,Chiapas,Tenejapa,5 de abril,nan,-,-
2024.0,,Chiapas,Chenalhó,Bachen,nan,-,-
2024.0,,Chiapas,La Trinitaria,San Isidro,nan,-,-
2024.0,,Chiapas,La Trinitaria,San Isidro,nan,_,_
2022.0,PRIM. JOSE MA. MORELOS,CHIAPAS,AMATENANDO DEL VALLE,LA GRANDEZA,nan,,
2022.0,EMSAD 180,CHIAPAS,HUIXTAN,LOS POZOS,nan,,
2022.0,EMSAD 180,CHIAPAS,HUIXTAN,LOS POZOS,nan,,
2022.0,EMSAD 180,CHIAPAS,HUIXTAN,LOS POZOS,nan,,
2023.0,EMSAD 180,CHIAPAS,HUIXTAN,LOS POZOS,nan,,
2022.0,EMSAD 314,CHIAPAS,MITONTIC,MITONTIC,nan,,
2022.0,EMSAD 314,CHIAPAS,MITONTIC,MITONTIC,nan,,
2022.0,EMSAD 214,CHIAPAS,MITONTIC,MITONTIC,nan,,
2024.0,EMSAD 314,CHIAPAS,MITONTIC,MITONTIC,nan,,
2022.0,PRIM. JOSE CASTILLO TIELMANS,CHIAPAS,SCLC,SCLC,nan,,
2022.0,PRIM. JOSE CASTILLO TIELMANS,CHIAPAS,SCLC,SCLC,nan,,
2023.0,PRIM. JOSE CASTILLO TIELMANS,CHIAPAS,SAN CRISTOBAL DE LAS CASAS,PRUDENCIO MOSCOSO,nan,,
,PRIM. JAIME SABINES GUTIERREZ,CHIAPAS,SITALA,ACH LUM EL SUSPIRO,nan,,
2024.0,PRIM. CUAHUTEMOC,CHIAPAS,SITALA,EMILIANO ZAPATA,nan,,
2024.0,PRIM. 24 DE FEBRERO,CHIAPAS,TENEJAPA,BALUN CANAL,nan,,
2023.0,PRIM. 5 DE MAYO,CHIAPAS,TEOPISCA,SAN ISIDRO CHIJILTE,nan,,
2024.0,PRIM. BELISARIO DOINGUEZ PALENCIA,CHIAPAS,CHENALHO,LAS LIMAS,nan,,
2023.0,PRIM. XICOTENCATL,CHIAPAS,CHENALHO,CHOJOLHO,nan,,
2022.0,PRIM. IGNACIO ALLENDE Y UNZAGA,CHIAPAS,CHENALHO,BACHEN,nan,,
2024.0,PRIM. IGNACIO ALLENDE Y UNZAGA,CHIAPAS,CHENALHO,BACHEN,nan,,
2024.0,PRIM. VALENTIN GOMEZ FARIAS,CHIAPAS,CHENALHO,TZABALHO,nan,,
2024.0,CENTRO DE ATENCION MULTIPLE #1,CHIAPAS,SAN CRISTOBAL DE LAS CASAS,SAN CRISTOBAL DE LAS CASAS,nan,,
2023.0,GIL GONZALEZ DE AVILA,Chiapas,SAN CRISTOBAL DE LAS CASAS,LOS ALCANFORES,nan,,
2024.0,PREESCOLAR HORACIO CASTELLANOS SOLORZANO,CHIAPAS,SAN CRISTOBAL DE LAS CASAS,YASHTININ,nan,,
2024.0,MELCHOR OCAMPO,CHIAPAS,SAN CRISTOBAL DE LAS CASAS,EL AGUAJE,nan,,
2023.0,ESTADO DE CHIAPAS,CHIAPAS,SAN CRISTOBAL DE LAS CASAS,YASHTININ,nan,,
2024.0,IGNACIO MANUEL ALTAMIRANO,CHIAPAS,SAN CRISTOBAL DE LAS CASAS,MOLINO LOS ARCOS,nan,,
2024.0,JOSE WEBER,CHIAPAS,SAN CRISTOBAL DE LAS CASAS,BARRIO LA CALENDARIA,nan,,
2023.0,JOSEFA ORTIZ DE DOMINGUEZ,CHIAPAS,SAN CRISTOBAL DE LAS CASAS,SAN CRISTOBAL DE LAS CASAS,nan,,
2023.0,MI PATRIA ES PRIMERO,CHIAPAS,SAN CRISTOBAL DE LAS CASAS,QUINTA SAN MARTIN,nan,,
2023.0,MIGUEL HIDALGO Y COSTILLA,CHIAPAS,SAN CRISTOBAL DE LAS CASAS,GUADALUPE SHUNCALA,nan,,
2024.0,Esc. Sec. Tec. #66,CHIAPAS,SAN CRISTOBAL DE LAS CASAS,SAN CRISTOBAL DE LAS CASAS,nan,,
2024.0,Preescolar Quetzalcóatl,CHIAPAS,SAN CRISTOBAL DE LAS CASAS,SAN CRISTOBAL DE LAS CASAS,nan,,
2024.0,Juan de la Barrera,CHIAPAS,SITALA,POMILTIC,nan,,
2023.0,Cuauhtemoc Tenejapa,CHIAPAS,TENEJAPA,EL RETIRO,nan,,
2024.0,Cuauhtemoc Tenejapa,CHIAPAS,TENEJAPA,EL RETIRO,nan,,
2023.0,Jose Maria Morelos y Pavon,CHIAPAS,TEOPISCA,BETANIA,nan,,
2024.0,VALENTIN GOMEZ FARIAS,CHIAPAS,TEOPISCA,TEOPISCA,nan,,
2024.0,CONAFE,CHIAPAS,CHENALHO,VAYUNVAKAXTIK,nan,,
2023.0,COBACH 327,CHIAPAS,COMITAN DE DOMINGUEZ,LA FLORESTA,nan,,
2024.0,COBACH 327,CHIAPAS,COMITAN DE DOMINGUEZ,LA FLORESTA,nan,,
2023.0,COBACH 315,CHIAPAS,SAN JUAN CANCUC,IWILTIC,nan,,
2023.0,COBACH 315,CHIAPAS,SAN JUAN CANCUC,IWILTIC,nan,,
2024.0,COBACH 315,CHIAPAS,SAN JUAN CANCUC,IWILTIC,nan,,
2023.0,ESC. SEC. TEC. #154,CHIAPAS,SAN JUAN CANCUC,IWILTIC,nan,,
2024.0,ESC. SEC. TEC. #154,CHIAPAS,SAN JAN CANCUC,IWILTIC,nan,,
2023.0,PRIM. JACINTO PEREZ PAJARITO,CHIAPAS,SAN JUAN CHAMULA,EL POZO,nan,,
2024.0,PRIM. JACINTO PEREZ PAJARITO,CHIAPAS,SAN JUAN CHAMULA,EL POZO,nan,,
2023.0,PRIM. JAIME SABINES GUTIERREZ,CHIAPAS,SAN JUAN CHAMULA,SANTA ANA,nan,,
2024.0,PRIM. WALTER C. BUCHANAN,CHIAPAS,SAN JUAN CHAMULA,TZONTEHUITZ,nan,,
2023.0,ESC. SEC. TEC. #130,CHIAPAS,TENEJAPA,CHACOMA,nan,,
2024.0,ESC. SEC. TEC. #130,CHIAPAS,TENEJAPA,CHACOMA,nan,,
2023.0,ESC. SEC. #40,CHIAPAS,TEOPISCA,TEOPISCA,nan,,
2022.0,PRIM. ROSARIO CASTELLANOS FIGUEROA,CHIAPAS,BERRIOZABAL,SAN JERONIMO,nan,,
2023.0,PRIM. ROSARIO CASTELLANOS FIGUEROA,CHIAPAS,BERRIOZABAL,SAN JERONIMO,nan,,
2022.0,TELESECUANDARIA #1025,CHIAPAS,CHIAPILLA,LAZARO CARDENAS,nan,,
2023.0,TELESECUNDARIA #1025,CHIAPAS,CHIAPILLA,LAZARO CARDENAS,nan,,
2023.0,TELESEC. #909 ARMANDO DUVALIER,CHIAPAS,HUIXTAN,ADOLFO LOPEZ MATEOS,nan,,
2023.0,PRIM. NICOLAS BRAVO RUEDA,CHIAPAS,JIQUIPILAS,QUINTANA ROO,nan,,
2024.0,PRIM. NICOLAS BRAVO RUEDA,CHIAPAS,JIQUIPILAS,QUINTANA ROO,nan,,
2023.0,EST. #509 JUSTO SIERRA MENDEZ,CHIAPAS,MEZCALAPA,EL PROGRESO,nan,,
2023.0,PRIM. CUAHUTEMOC,CHIAPAS,SAN JUAN CHAMULA,CHICUMTANTIC,nan,,
2023.0,PRIM. BELISARIO DOMINGUEZ PALENCIA,CHIAPAS,TEOPISCA,MONTE LIBANO,nan,,
2024.0,PRIM. BELISARIO DOMINGUEZ PALENCIA,CHIAPAS,TEOPISCA,MONTE LIBANO,nan,,
2023.0,PRIM. JOSEFA ORTIZ DE DOMINGUEZ,CHIAPAS,TUXTLA GUTIERREZ,PENIPAK,nan,,
2023.0,PRIM. RAUL ISIDRO BURGOS,CHIAPAS,TUXTLA GUTIERREZ,PLAN DE AYALA,nan,,
2023.0,ESC. SEC. IGNACIO MANUEL ALTAMIRANO,CHIAPAS,VILLA CORZO,REVOLUCION MEXICANA,nan,,
2024.0,ESC. SEC. IGNACIO MANUEL ALTAMIRANO,CHIAPAS,VILLA CORZO,REVOLUCION MEXICANA,nan,,
2023.0,PRIM. EMILIANO ZAPATA,CHIAPAS,SAN JUAN CANCUC,RIO TANATEEL,nan,,
2023.0,PRIM. FRAY MATIAS DE CORDOVA,CHIAPAS,SAN JUAN CANCUC,YANCHEN,nan,,
2023.0,PRIM. JAIME SABINE SGUTIERREZ,CHIAPAS,SAN JUAN CANCUC,AXULTIC,nan,,
2023.0,MANUEL VELAZCO SUAREZ,CHIAPAS,SAN JUAN CANCUC,JUCNIL,nan,,
2024.0,MANUEL VELAZCO SUAREZ,CHIAPAS,SAN JUAN CANCUC,JUCNIL,nan,,
2023.0,PRIM. MIGUEL ALVAREZ DEL TORO,CHIAPAS,SAN JUAN CANCUC,K´ANALUMTIK,nan,,
2023.0,PRIM. PAZ Y PROGRESO,CHIAPAS,SAN JUAN CANCUC,CHACTE,nan,,
2023.0,PRIM. UNIDAD EDUCATIVA,CHIAPAS,SAN JUAN CANCUC,TZAMETAL,nan,,
2023.0,PRIM. VASCO DE QUIROGA,CHIAPAS,SAN JUAN CANCUC,CHOJCHOW,nan,,
2024.0,PRIM. VASCO DE QUIROGA,CHIAPAS,SAN JUAN CANCUC,CHOJCHOW,nan,,
2023.0,EST. #26,CHIAPAS,JIQUIPILAS,TILTEPEC,nan,,
2024.0,EST. #26,CHIAPAS,JIQUIPILAS,TILTEPEC,nan,,
2024.0,PRIM. 12 DE OCTUBRE,CHIAPAS,LAS ROSAS,SAN MATEO,nan,,
2023.0,PREESC. MARIA MONTESSORI,CHIAPAS,PIJIJIPAN,LOS CHORROS,nan,,
2024.0,PREESC. MARIA MONTESSORI,CHIAPAS,PIJIJIPAN,LOS CHORROS,nan,,
2023.0,PRIM. MIGUEL UTRILLA TRUJILLO,CHIAPAS,SAN CRISTOBAL DE LAS CASAS,RANCHO NUEVO,nan,,
2024.0,PRIM. MIGUEL UTRILLA TRUJILLO,CHIAPAS,SAN CRISTOBAL DE LAS CASAS,RANCHO NUEVO,nan,,
2023.0,PRIM. ADOLFO LOPEZ MATEOS,CHIAPAS,SAN CRISTOBAL DE LAS CASAS,LA ISLA,nan,,
2023.0,PRIM. DOROTEO ARANGO,CHIAPAS,SAN CRISTOBAL DE LAS CASAS,RIO ARCOTETE,nan,,
2024.0,PRIM. DOROTEO ARANGO,CHIAPAS,SAN CRISTOBAL DE LAS CASAS,RIO ARCOTETE,nan,,
2024.0,PRIM. DOROTEO ARANGO,CHIAPAS,SAN CRISTOBAL DE LAS CASAS,RIO ARCOTETE,nan,,
2023.0,TELESECUNDARIA #1253 NICOLAS BRAVO,CHIAPAS,SAN JUAN CANCUC,BAQUELCHAN,nan,,
2023.0,COBACH #299,CHIAPAS,SAN JUAN CHAMULA,PAJALTON BAJO,nan,,
2024.0,COBACH #299,CHIAPAS,SAN JUAN CHAMULA,PAJALTON BAJO,nan,,
2023.0,PRIM. VENUSTIANO CARRANZA GARZA,CHIAPAS,SAN JUAN CHAMULA,YALVANTE,nan,,
2024.0,PRIM. VENUSTIANO CARRANZA GARZA,CHIAPAS,SAN JUAN CHAMULA,YALVANTE,nan,,
2023.0,PRIM. LEONA VICARIO FERNANDEZ,CHIAPAS,ZINACANTAN,AJTETIC ALTO,nan,,
2024.0,PRIM. LEONA VICARIO FERNANDEZ,CHIAPAS,ZINACANTAN,AJTETIC ALTO,nan,,
2024.0,PRIM. 31 DE MARZO,CHIAPAS,SAN CRISTOBAL DE LAS CASAS,31 DE MARZO,nan,,
2023.0,PRIM. ENRIQUE C. REBSAMEN,CHIAPAS,SAN CRISTOBAL DE LAS CASAS,OCOTAL (HUITEPEC),nan,,
2023.0,PRIM. FCO. I. MADERO,CHIAPAS,SAN CRISTOBAL DE LAS CASAS,EJIDO PEDERNAL,nan,,
2024.0,PRIM. FCO. I. MADERO,CHIAPAS,SAN CRISTOBAL DE LAS CASAS,EJIDO PEDERNAL,nan,,
2023.0,PRIM. LA CAÑADA,CHIAPAS,SAN CRISTOBAL DE LAS CASAS,LAS PIEDRECITAS,nan,,
2024.0,TELESEC. #1410 MI PATRIA ES PRIMERO,CHIAPAS,SAN CRISTOBAL DE LAS CASAS,SAN JOSE BUENAVISTA,nan,,
2023.0,PRIM.NICOLAS BRAVO RUEDA,CHIAPAS,SITALA,SAN JUAN SHUCAIL,nan,,
2024.0,PRIM. ENRIQUE MARCELIN MARIN,CHIAPAS,TAPACHULA,TAPACHULA,nan,,
2024.0,PRIM. GUADALUPE VICTORIA,CHIAPAS,TAPACHULA,PUERTO MADERO,nan,,
2024.0,SEC. SOCONUSCO MATUTINA,CHIAPAS,TAPACHULA,TAPACHULA,nan,,
2024.0,SEC. SOCONUSCO VESPERTINA,CHIAPAS,TAPACHULA,TAPACHULA,nan,,
2024.0,PREESC. ALVARO OBREGON,CHIAPAS,TAPACHULA,ALVARO OBREGON,nan,,
2024.0,PRIM. CONAFE,CHIAPAS,TENEJAPA,5 DE ABRIL,nan,,
2023.0,PRIM. JOSEFA ORTIZ DE DOMINGUEZ,CHIAPAS,TEOPISCA,RANCHERIA NAZARETH,nan,,
2023.0,PRIM. PLAN DE AYALA,CHIAPAS,TEOPISCA,CHICHIHUISTAN,nan,,
2024.0,PRIM. PLAN DE AYALA,CHIAPAS,TEOPISCA,CHICHIHUISTAN,nan,,
2024.0,PREESC. NACIONES UNIDAD,CHIAPAS,TONALA,CABEZA DE TORO,nan,,
2024.0,PREESC. IGNACIO ALDAMA,CHIAPAS,TONALA,RANCHERIA LA LAGUNA,nan,,
2024.0,PREESC. VICTOR MARIA FLORES,CHIAPAS,TONALA,SAN FRANCISCO OCOTAL,nan,,
2024.0,PREESC. LEOPOLDO GOUT,CHIAPAS,TONALA,TONALA,nan,,
2024.0,TELESEC. #602,CHIAPAS,TONALA,MIGUEL HIDALGO,nan,,
2023.0,EST. #7,CHIAPAS,VILLA CORZO,VILLA CORZO,nan,,
2024.0,EST. #7,CHIAPAS,VILLA CORZO,VILLA CORZO,nan,,
2023.0,,Chiapas,Chenalhó,Bach'en Poconichim,nan,-,-
2023.0,,Chiapas,Chenalhó,Centro Poconichim,nan,-,-
2023.0,,Chiapas,Chenalhó,Las Limas,nan,-,-
2023.0,,Chiapas,Tenejapa,Santa Cruz,nan,-,-
2023.0,,Chiapas,Chalchihuitan,Kanalumtik,nan,-,-
2023.0,,Chiapas,Berriozábal,Benito Juarez,nan,-,-
2023.0,,Chiapas,Berriozábal,Benito Juarez,nan,-,-
2023.0,,Chiapas,Berriozábal,San Isidro,nan,-,-
2023.0,,Chiapas,Berriozábal,San Isidro,nan,-,-
2023.0,,Chiapas,Berriozábal,San Isidro,nan,-,-
2023.0,,Chiapas,Berriozábal,San Isidro,nan,-,-
2023.0,,Chiapas,Berriozábal,Berlín,nan,-,-
2023.0,,Chiapas,Berriozábal,Berlín,nan,-,-
2023.0,,Chiapas,Berriozábal,Danubio,nan,-,-
2023.0,,Chiapas,Berriozábal,Danubio,nan,-,-
2023.0,,Chiapas,Berriozábal,Caracol,nan,-,-
2023.0,,Chiapas,Berriozábal,Gracias a Dios,nan,-,-
2023.0,,Chiapas,Berriozábal,Gracias a Dios,nan,-,-
2023.0,,Chiapas,Berriozábal,Río Blanco,nan,-,-
2023.0,,Chiapas,Chenalhó,Bach'en Poconichim,nan,-,-
2023.0,,Chiapas,Chenalhó,Bajoveltik,nan,-,-
2023.0,,Chiapas,Chenalhó,Chimix,nan,-,-
2023.0,,Chiapas,Chenalhó,Chimix,nan,-,-
2023.0,,Chiapas,Chenalhó,Las Limas,nan,-,-
2023.0,,Chiapas,Chenalhó,Las Limas,nan,-,-
2023.0,,Chiapas,Chenalhó,Naranjatik Alto,nan,-,-
2023.0,,Chiapas,Chenalhó,Naranjatik Alto,nan,-,-
2023.0,,Chiapas,Chenalhó,Naranjatik Alto,nan,-,-
2023.0,,Chiapas,Chenalhó,Vayum Vakaxtik,nan,-,-
2023.0,,Chiapas,Chenalhó,Shunuch,nan,-,-
2023.0,,Chiapas,Chenalhó,Tzabalhó,nan,-,-
2023.0,,Chiapas,Chenalhó,Tzabalhó,nan,-,-
2023.0,,Chiapas,Tenejapa,2024-04-05 00:00:00,nan,-,-
2023.0,,Chiapas,Tenejapa,Balun Canal,nan,-,-
2023.0,,Chiapas,Tenejapa,Balun Canal,nan,-,-
2023.0,,Chiapas,Tenejapa,Bawits,nan,-,-
2023.0,,Chiapas,Tenejapa,Bawits,nan,-,-
2023.0,,Chiapas,Tenejapa,Cañada chica,nan,-,-
2023.0,,Chiapas,Tenejapa,Pat Ch'en,nan,-,-
2023.0,,Chiapas,Tenejapa,Chixtontik,nan,-,-
2023.0,,Chiapas,Tenejapa,Chixtontik,nan,-,-
2023.0,,Chiapas,Tenejapa,Chixtontik,nan,-,-
2023.0,,Chiapas,Tenejapa,Los Pinos,nan,-,-
2023.0,,Chiapas,Tenejapa,Los Pinos,nan,-,-
2023.0,,Chiapas,Tenejapa,El Retiro,nan,-,-
2023.0,,Chiapas,Tenejapa,El Retiro,nan,-,-
2023.0,,Chiapas,Tenejapa,El Retiro,nan,-,-
2023.0,,Chiapas,Tenejapa,Santa Cruz,nan,-,-
2023.0,,Chiapas,Tenejapa,Santa Cruz,nan,-,-
2023.0,,Chiapas,Sitalá,Guadalupe Jaguala,nan,-,-
2023.0,,Chiapas,Sitalá,Ach Lum El suspiro,nan,-,-
2023.0,,Chiapas,Sitalá,El Diamante,nan,-,-
2023.0,,Chiapas,Sitalá,El Diamante,nan,-,-
2023.0,,Chiapas,Sitalá,Emiliano Zapata,nan,-,-
2023.0,,Chiapas,Sitalá,Emiliano Zapata,nan,-,-
2023.0,,Chiapas,Sitalá,Emiliano Zapata,nan,-,-
2023.0,,Chiapas,Sitalá,La Unión,nan,-,-
2023.0,,Chiapas,Sitalá,La Unión,nan,-,-
2023.0,,Chiapas,Sitalá,Santa Cruz el Recreo,nan,-,-
2023.0,,Chiapas,Sitalá,Pomiltic,nan,-,-
2023.0,,Chiapas,Sitalá,San José Terranova,nan,-,-
2023.0,,Chiapas,Sitalá,San Juan Shucail,nan,-,-
2023.0,,Chiapas,Sitalá,San Juan Shucail,nan,-,-
2023.0,,Chiapas,Sitalá,Trinidad,nan,-,-
2023.0,,Chiapas,Sitalá,Trinidad,nan,-,-
2023.0,,Chiapas,La Trinitaria,Tzikumaltik,nan,-,-
2023.0,,Chiapas,Villa Las Rosas,San Mateo,nan,-,-
2024.0,Estado de Chiapas,Chiapas,San Cristobal de las Casas,San José Yashtinin,nan,-92.4428,16.6549
2024.0,Estado de Chiapas,Chiapas,San Cristobal de las Casas,San José Yashtinin,agua apta para uso y consumo humano,-92.4428,16.6549
2024.0,Estado de Chiapas,Chiapas,San Cristobal de las Casas,San José Yashtinin,agua ok,-92.4428,16.6549
2024.0,Preescolar Benito Juárez García,Chiapas,San Cristobal de las Casas,Napite,"los resultados obtenidos representan un problema para la salud derivado de la alta concentracion de e. coli presentes, se recomienda realizar un proceso de desinfeccion del agua",-92.3687,16.5569
2024.0,Prim. Bilingue 1 de septiembre,Chiapas,San Cristobal de las Casas,Napite,representa riesgo a la salud por la alta concentracion de e. coli determminada en la preba,-92.369,16.5576
2024.0,Telesecundaria 1278 Leonardo Da Vinci,Chiapas,San Cristobal de las Casas,Napite,nan,-92.3702,16.5545
2024.0,"Telebachillerato comunitario No. 201 ""Juan Escutia""",Chiapas,San Cristobal de las Casas,Napite,alto,-92.3691,16.5569
2024.0,Prim. Belisario Dominguez Palencia,Chiapas,Chamula,Cruz Quemada,bajo,-92.6936,16.8242
2024.0,Anexo Esc. Educación Indígena Felipe Carrillo Puerto,Chiapas,San Cristobal de las Casas,San Cristobal de las Casas,nan,-92.647,16.6735
2024.0,"Primaria ""Maria Angelina Flores Morales""",Chiapas,Teopisca,Rancheria Linda Vista,nan,-92.5244,16.5836
2024.0,Prim. Bilingüe Emiliano Zapata,Chiapas,Chamula,pajalton bajo,nan,-92.5505,16.8376
2024.0,Sec. del Estado Manuel Velasco Suarez,Chiapas,San Cristobal de las Casas,San Cristobal de las Casas,nan,-92.6212,16.744
2024.0,Prim. Rosario Castellanos Figueroa,Chiapas,San Cristobal de las Casas,San Cristobal de las Casas,nan,-92.6465,16.747
2024.0,"Telesecundaria 1251 ""Octavio Paz Lozano""",Chiapas,Chamula,pajalton bajo,nan,-92.5505,16.8376
2024.0,Telesecundaria 297 Juan Bosco Occhiena,Chiapas,San Cristobal de las Casas,San Cristobal de las Casas,nan,92.632,16.7133
2024.0,Prim. Bilingüe Ignacio José de Allende,Chiapas,Chenalhó,Guayabal,nan,-92.4839,16.9469
2024.0,Preescolar Bilingue Niños Heroes de Chapultepec,Chiapas,Chenalhó,Guayabal,nan,-92.4839,16.9469
2024.0,Preesco. Elvira Siles de Velasco Suárez,Chiapas,San Cristobal de las Casas,San Cristobal de las Casas,nan,-92.6291,16.7255
2024.0,Bach'en de Poconichim,Chiapas,Chenalhó,Bach'en de Poconichim,alto,-92.5114,16.9352
2024.0,Kanalumtic,Chiapas,Chalchihuitan,Chenmut,nan,-92.5624,16.9773
2024.0,Telesecundaria 509,Chiapas,Mezcalapa,El Progreso,nan,-93.5818,17.2395
2024.0,Telesecundaria 1025 Narcizo Mendoza,Chiapas,Chiapilla,LÁZARO CÁRDENAS,nan,-92.7652,16.5528
2024.0,Escuela Secundaria N. 40,Chiapas,Teopisca,Teopisca,nan,-92.4861,16.5588
2024.0,Benito Juárez,Chiapas,Berriozabal,Benito Juárez.,alto,-93.3611,16.962
,Siete barrios_Sistema San Isidro,Chiapas,La Trinitaria,Siete barrios_Sistema San Isidro,nan,-92.0562,16.1116
2024.0,Caracol,Chiapas,Berriozabal,El Caracol,alto,-93.3329,16.8925
2024.0,Caracol,Chiapas,Berriozabal,El Caracol,alto,-93.3329,16.8925
2024.0,Joaquín Miguel Gutiérrez,Chiapas,Berriozabal,Joaquín Miguel Gutiérrez,alto,-93.3488,16.9351
2024.0,Esc. Lazaro Cardenas Del Rio,Chiapas,Huixtan,Chilil,nan,-92.4889,16.6779
2024.0,Esc. Vasco De Quiroga,Chiapas,San Juan Cancúc,Barrio Chojchow,nan,-92.3523,16.9012
2024.0,Leona Vicario Fernandez,Chiapas,Tenejapa,Ch'ixtontik,nan,-92.4577,16.8904
2024.0,Escuela primaria 31 de marzo,Chiapas,San Cristobal de las Casas,San Cristobal de las Casas,nan,-92.6261,16.746
2024.0,Esc. Prim. 20 de Noviembre,Chiapas,Teopisca,Agua Escondida.,nan,-92.5297,16.6271
2024.0,Josefa Ortíz De Domínguez.,Chiapas,Tenejapa,Chuljá,nan,-92.4867,16.8657
2024.0,Esc. 16 De Septiembre,Chiapas,Tenejapa,Jomanichim,nan,-92.4725,16.9015
2024.0,COBACH 299,Chiapas,Chamula,pajalton bajo,nan,-92.5526,16.8373
2024.0,Primaria 12 de octubre,Chiapas,Las rosas,San Mateo,nan,-92.2999,16.3969
2024.0,Prim. Josefa Ortíz De Domínguez,Chiapas,Teopisca,Rancheria Nazareth,nan,-92.5327,16.5986
2024.0,Prim. La cañada,Chiapas,San Cristobal de las Casas,Las Piedrecitas,nan,-92.5878,16.7464
2024.0,Kanalumtic,Chiapas,Chalchihuitan,Chenmut,los resultados de coliformes totales y e. colí indica que el agua hay presencia de bacterias y se recomienda potabilizar el agua antes para su consumo humano.,-92.5624,16.9773
2024.0,Emiliano Zapata,Chiapas,Berriozabal,Emiliano Zapata,los resultados de coliformes totales y e. colí indican que el agua esta limpia y apta para su consumo humano.,-93.3168,16.8814
2024.0,Montebello,Chiapas,Berriozabal,Montebello,los resultados de coliformes totales y e. colí indican que el agua es apta para su consumo humano y se recomienda que sigan fortaleciendo las buenas prácticas.,-93.3217,16.8718
2024.0,El Mirador,Chiapas,Berriozabal,El Mirador,bajo,-93.356,16.8659
2024.0,El Tirol,Chiapas,Berriozabal,El Tirol,bajo,-93.3232,16.8823
2024.0,Caracol,Chiapas,Berriozabal,El Caracol,alto,-93.3329,16.8925
2024.0,Nueva Esperanza,Chiapas,La Trinitaria,Nueva esperanza el ocotal,bajo,-91.5071,16.1377
2024.0,Tzicumaltic,Chiapas,La Trinitaria,Anexo Tzicumaltik,alto,-91.816,16.0675
2024.0,Siete barrios_Sistema San Isidro,Chiapas,La Trinitaria,Siete barrios_Sistema San Isidro,bajo,-92.0562,16.1116
2024.0,El Danubio,Chiapas,Berriozabal,El Danubio,alto,-93.3577,16.9579
2024.0,Prim. Federal Venustiano Carranza Garza,Chiapas,Teopisca,Belén Lluvia de Gracia,nan,-92.5073,16.5851
2024.0,CEMSaD 197,Chiapas,Tenejapa,Sibanilja Pocolum,nan,-92.4606,16.8758
2024.0,Secundaria Técnica # 26,Chiapas,Jiquipilas,Tiltepec,bajo,-93.8678,16.3917
2024.0,Esc. Telesecundaria 602 (Emergencia),Chiapas,Tonalá,Miguel Hidalgo,bajo,-93.8134,15.9524
2024.0,Preescolar Naciones Unidas,Chiapas,Tonalá,Cabeza de toro,bajo,-93.7792,15.9344
2024.0,Monte Cristo,Chiapas,Berriozabal,Monte Cristo,alto,-93.3073,16.9377
2024.0,San Juan Shucail,Chiapas,Sitalá,San Juan Shucail,alto,-92.3747,17.0213
2024.0,Preescolar Victor Maria Flores,Chiapas,Tonalá,San Francisco el Ocotal,bajo,-93.8028,16.1332
2024.0,Preescolar Ignacio Aldama,Chiapas,Tonalá,Rancheria laguna,bajo,-93.8101,15.9982
2024.0,Escuela secundaria técnica 128,Chiapas,San Cristobal de las Casas,San Felipe Ecatepec,nan,-92.6664,16.7276
2024.0,Sec. Constitucion,Chiapas,Pijijiapan,Nueva Coapa,bajo,-93.1656,15.6278
2024.0,Sec. Praxedis Gilberto Guerrero,Chiapas,Pijijiapan,Pijijiapan,"agua si  riesgo sanitario, agua apta para consumo",-93.2025,15.6802
2024.0,Preescolar Alvaro Obregon,Chiapas,Tapachula,Colonia Alvaro Obregón,bajo,-92.3766,14.9198
2024.0,Esc. Prim. Enrique Marcelin Marin,Chiapas,Tapachula,Tapachula,bajo,-92.2591,14.8991
2024.0,Prim. Francisco Ignacio Madero Gonzales,Chiapas,San Cristobal de las Casas,Ejido Pedernal,nan,-92.4542,16.6646
2024.0,Prim. Juan Sabines Gutierrez,Chiapas,Chamula,Santa Ana,nan,-92.7373,16.8076
2024.0,Ignacio Zaragoza,Chiapas,Berriozabal,Ignacio Zaragoza,alto,-93.3457,16.9771
2024.0,Benito Juárez,Chiapas,Berriozabal,Benito Juárez.,medio,-93.3611,16.962
2024.0,Paso Limón,Chiapas,Berriozabal,Paso Limón,bajo,-93.3613,17.0254
2024.0,Las Maravillas,Chiapas,Berriozabal,Las Maravillas,alto,-93.3206,16.9578
2024.0,Ch'ixtontic,Chiapas,Tenejapa,Ch'ixtontik,bajo,-92.459,16.8899
2025.0,Miguel Álvarez del Toro,Chiapas,San Juan Cancúc,K'analumtik (San Juan Cancuc),nan,-92.3988,16.8806
2025.0,Venustiano Carranza Garza,Chiapas,Chamula,Yalvante,nan,-92.7795,16.8081
2025.0,Casa del agua/Encuentro,Chiapas,San Cristobal de las Casas,San Cristobal de las Casas,no aplica,0,0
2025.0,Casa del agua/Encuentro,Chiapas,San Cristobal de las Casas,San Cristobal de las Casas,no aplica,0,0
2024.0,Poconichim centro,Chiapas,Chenalhó,Poconichim centro,medio,-92.5178,16.9315
2024.0,Vayúm Vakaxtik,Chiapas,Chenalhó,Vayum Vakaxtik,medio,-92.5936,16.9355
2024.0,Tzabalhó,Chiapas,Chenalhó,Tzabalhó,bajo,-92.6199,16.9394
2025.0,San Isidro,Chiapas,Berriozabal,San Isidro,bajo,-93.2749,16.7271
2025.0,Ranchería Gracias a Dios,Chiapas,Berriozabal,Gracias a Dios (La Rinconada),"el resultado de la prueba puede influir que no se dejo salir suficiente agua antes de colectar la muestra, agua de riesgo sanitario no sano",-93.2705,16.7364
2025.0,Esc. Plan De Ayala,Chiapas,Teopisca,Chichihuistan,nan,-92.5662,16.5968
2025.0,Esc. Prim. Belisario Dominguez Palencia,Chiapas,Teopisca,Monte Libano,nan,-92.5259,16.6
2025.0,María Montessori,Chiapas,Pijijiapan,Ejido Miguel Utrilla los chorros,nan,-93.2886,15.7798
2025.0,Esc. Benito Juarez Garcia,Chiapas,Chenalhó,Barrio Centro,nan,-92.6265,16.8876
2025.0,Francisco I. Madero,Chiapas,Chenalhó,Chimix Centro (Chimix tres),nan,-92.5167,17.0045
2025.0,16 De Noviembre De 1997,Chiapas,Chenalhó,Nuevo Yibeljoj,nan,-92.5166,16.957
2025.0,Fray Matias De Cordova,Chiapas,San Juan Cancúc,Yanchen,nan,-92.3699,16.8843
2025.0,Prim. Bilingüe Doroteo Arango,Chiapas,San Cristobal de las Casas,Loc. Rio Arcotete,nan,-92.59,16.7317
2025.0,Prim. Enrique C. Rebsamen,Chiapas,San Cristobal de las Casas,Huitepec Ocotal,nan,-92.6925,16.7346
2025.0,Prim. Rosario Castellanos Figueroa,Chiapas,San Cristobal de las Casas,San Cristobal de las Casas,nan,-92.6465,16.747
2025.0,Prim. Bilingue 1 de septiembre,Chiapas,San Cristobal de las Casas,Napite,nan,-92.369,16.5576
2025.0,Telesecundaria 1278 Leonardo Da Vinci,Chiapas,San Cristobal de las Casas,Napite,nan,-92.3702,16.5545
2025.0,Prim. Belisario Dominguez Palencia,Chiapas,Chamula,Cruz Quemada,nan,-92.6936,16.8242
2025.0,Primaria Nicolas Bravo Ruedas,Chiapas,Sitalá,San Juan Shucail,nan,-92.3747,17.0213
2025.0,San Isidro,Chiapas,Berriozabal,San Isidro,bajo,-93.2749,16.7271
2025.0,Ranchería Gracias a Dios,Chiapas,Berriozabal,Gracias a Dios (La Rinconada),bajo,-93.2705,16.7364
2025.0,Nuevo Montecristo,Chiapas,Berriozabal,Nuevo Montecristo,alto,-93.3077,16.9373
2025.0,El Danubio,Chiapas,Berriozabal,El Danubio,bajo,-93.3577,16.9579
2025.0,Chimix Primera,Chiapas,Chenalhó,Chimix Primera,nan,-92.526,17.0086
2025.0,Chimix Primera,Chiapas,Chenalhó,Chimix Primera,nan,-92.526,17.0086
2025.0,Chimix Primera,Chiapas,Chenalhó,Chimix Primera,nan,-92.526,17.0086
2025.0,Chimix Primera,Chiapas,Chenalhó,Chimix Primera,nan,-92.526,17.0086
2025.0,Nueva Esperanza,Chiapas,La Trinitaria,Nueva esperanza el ocotal,medio,-91.5071,16.1377
2025.0,San Diego,Chiapas,La Trinitaria,San Diego,bajo,-91.9617,16.1129
2025.0,Siete barrios_Sistema San Isidro,Chiapas,La Trinitaria,Siete barrios_Sistema San Isidro,alto,-92.0562,16.1116
2025.0,Tzabalhó,Chiapas,Chenalhó,Tzabalhó,nan,-92.6199,16.9394
2025.0,Prim. Federal Venustiano Carranza Garza,Chiapas,Teopisca,Belén Lluvia de Gracia,nan,-92.5073,16.5851
2025.0,Escuela secundaria técnica 128,Chiapas,San Cristobal de las Casas,San Felipe Ecatepec,nan,-92.6664,16.7276
2025.0,Prim. Bilingüe Emiliano Zapata,Chiapas,Chamula,pajalton bajo,nan,-92.5505,16.8376
2025.0,"Telesecundaria 1251 ""Octavio Paz Lozano""",Chiapas,Chamula,pajalton bajo,nan,-92.5505,16.8376
2025.0,5 de Abril,Chiapas,Tenejapa,5 de Abril,bajo,-92.5057,16.8159
2025.0,Preescolar Alvaro Obregon,Chiapas,Tapachula,Colonia Alvaro Obregón,bajo,-92.3766,14.9198
2025.0,Sec. Constitucion,Chiapas,Pijijiapan,Nueva Coapa,alto,-93.1656,15.6278
2025.0,Sec. Praxedis Gilberto Guerrero,Chiapas,Pijijiapan,Pijijiapan,bajo,-93.2025,15.6802
2025.0,Preescolar Victor Maria Flores,Chiapas,Tonalá,San Francisco el Ocotal,bajo,-93.8028,16.1332
2025.0,Esc. Telesecundaria 602 (Emergencia),Chiapas,Tonalá,Miguel Hidalgo,"realizar cambio de filtros, agua no segura para consumo",-93.8134,15.9524
2025.0,Preescolar Naciones Unidas,Chiapas,Tonalá,Cabeza de toro,alto,-93.7792,15.9344
2025.0,Secundaria Técnica # 26,Chiapas,Jiquipilas,Tiltepec,bajo,-93.8678,16.3917
2025.0,Prim. Walter C. Buchanan,Chiapas,Chamula,Tzontehuitz,na,-92.5795,16.8326
2025.0,Escuela primaria 31 de marzo,Chiapas,San Cristobal de las Casas,San Cristobal de las Casas,na,-92.6261,16.746
2025.0,COBACH 327,Chiapas,Comitán de Dominguez,La floresta,na,-92.3122,16.5086
2025.0,Esc. Prim. Jacinto Pèrez Pajarito,Chiapas,Chamula,El pozo,na,-92.5734,16.8506
2025.0,Prim. Josefa Ortíz De Domínguez,Chiapas,Teopisca,Rancheria Nazareth,na,-92.5327,16.5986
2025.0,Esc. Lazaro Cardenas Del Rio,Chiapas,Huixtan,Chilil,na,-92.4889,16.6779
2025.0,Primaria 12 de octubre,Chiapas,Las rosas,San Mateo,nan,-92.2999,16.3969
2025.0,Técnica Núm. 7,Chiapas,Villa Corzo,Villa Corzo,nan,-93.2645,16.187
2025.0,20 de novjembre,Chiapas,San Cristobal de las Casas,El escalón,nan,-92.5178,16.7067
2025.0,Luis Echeverria Alvarez,Chiapas,San Juan Cancúc,Chijil,na,-92.4014,16.9487
2025.0,Chimix Primera,Chiapas,Chenalhó,Chimix Primera,medio,-92.526,17.0086
2025.0,Chimix Primera,Chiapas,Chenalhó,Chimix Primera,medio,-92.526,17.0086
2025.0,Chimix Primera,Chiapas,Chenalhó,Chimix Primera,medio,-92.526,17.0086
2025.0,Chimix Primera,Chiapas,Chenalhó,Chimix Primera,alto,-92.526,17.0086
2025.0,Chimix Primera,Chiapas,Chenalhó,Chimix Primera,medio,-92.526,17.0086
2025.0,Chimix Primera,Chiapas,Chenalhó,Chimix Primera,alto,-92.526,17.0086
2025.0,Chimix Primera,Chiapas,Chenalhó,Chimix Primera,alto,-92.526,17.0086
2025.0,Chimix Primera,Chiapas,Chenalhó,Chimix Primera,alto,-92.526,17.0086
2025.0,Chimix Primera,Chiapas,Chenalhó,Chimix Primera,bajo,-92.526,17.0086
2025.0,Tzabalhó,Chiapas,Chenalhó,Tzabalhó,bajo,-92.6199,16.9394
2025.0,Ch'ixtontic,Chiapas,Tenejapa,Ch'ixtontik,bajo,-92.459,16.8899
2025.0,"Leona Vicario Fernandez,",Chiapas,Zinacantan,Ajtetic Alto,nan,-92.8259,16.7039
2025.0,20 de novjembre,Chiapas,San Cristobal de las Casas,El escalón,nan,-92.5178,16.7067
2025.0,Venustiano Carranza Garza,Chiapas,Chamula,Yalvante,nan,-92.7795,16.8081
2025.0,Prim. Belisario Dominguez Palencia,Chiapas,Chamula,Cruz Quemada,nan,-92.6936,16.8242
2025.0,Prim. Bilingüe Doroteo Arango,Chiapas,San Cristobal de las Casas,Loc. Rio Arcotete,nan,-92.59,16.7317
2025.0,Prim. Bilingue 1 de septiembre,Chiapas,San Cristobal de las Casas,Napite,na,-92.369,16.5576
2025.0,Telesecundaria 1278 Leonardo Da Vinci,Chiapas,San Cristobal de las Casas,Napite,na,-92.3702,16.5545
2025.0,Escuela CONAFE,Chiapas,Tenejapa,5 de Abril,na,-92.4814,16.8464
2025.0,Primaria Juan Escutia Martínez,Chiapas,Tenejapa,Bajwits,na,-92.4881,16.8721
2025.0,CEMSaD 197,Chiapas,Tenejapa,Sibanilja Pocolum,na,-92.4606,16.8758
2025.0,Ch'ixtontic,Chiapas,Tenejapa,Ch'ixtontik,bajo,-92.459,16.8899
2026.0,Ch'ixtontic,Chiapas,Tenejapa,Ch'ixtontik,nan,-92.459,16.8899
2026.0,María Montessori,Chiapas,Pijijiapan,Ejido Miguel Utrilla los chorros,nan,-93.2886,15.7798
2026.0,La libertad,Chiapas,Tenejapa,La libertad,medio,0,0
2024.0,Santa Cruz,Chiapas,Tenejapa,Santa Cruz,alto,-92.4819,16.8458
2024.0,Santa Cruz,Chiapas,Tenejapa,Santa Cruz,alto,-92.4819,16.8458
2024.0,Porfirio Encinos,Chiapas,Sitalá,Porfirio Encino,medio,-92.3628,17.0279
2024.0,Porfirio Encinos,Chiapas,Sitalá,Porfirio Encino,alto,-92.3628,17.0279
2024.0,Centro Nuevo Yibeljoj,Chiapas,Chenalhó,Centro Nuevo Yibeljoj,alto,-92.5166,16.9564
2024.0,Naranjatik Alto,Chiapas,Chenalhó,Naranjatik Alto,alto,-92.5227,16.9425
2024.0,Yanch´en,Chiapas,Tenejapa,Yanch´en,alto,-92.4754,16.8213
2024.0,Bajchen 1,Chiapas,Chenalhó,Bajchen 1,alto,0,0
2025.0,San francisco,Chiapas,Tenejapa,San francisco,medio,-92.4949,16.8074
2025.0,San francisco,Chiapas,Tenejapa,San francisco,medio,-92.4949,16.8074
2025.0,Las manzanas,Chiapas,Tenejapa,Las manzanas,alto,-92.5377,16.7934
2025.0,Las manzanas,Chiapas,Tenejapa,Las manzanas,alto,-92.5377,16.7934
2025.0,Cañada Chica,Chiapas,Tenejapa,Cañada Chica,alto,-92.5177,16.8146
2025.0,Santo Ch'en,Chiapas,Chenalhó,Santo ch'en,medio,-92.5163,16.9577
2025.0,Santo Ch'en,Chiapas,Chenalhó,Santo ch'en,alto,-92.5163,16.9577
2025.0,Secundaria Técnica Agropecuaria 117,Chiapas,Tenejapa,Sibanilja Pocolum,nan,-92.4606,16.8758
2025.0,María Montesori,Chiapas,Chamula,Ukumtik,nan,-92.7307,16.7908
2025.0,María Montesori,Chiapas,Chamula,Ukumtik,na,-92.7307,16.7908
2025.0,Primaria Nicolás Bravo Rueda,Chiapas,Tenejapa,Las manzanas,nan,-92.5377,16.7934
2025.0,Primaria Juan Escutia Martínez,Chiapas,Tenejapa,Bajwits,nan,-92.4881,16.8721
2025.0,Ch'uchtic,Chiapas,Chenalhó,Ch'uchtic,alto,0,0
2025.0,El Tzac,Chiapas,Chenalhó,El Tzac,alto,0,0
2025.0,El Tzac,Chiapas,Chenalhó,El Tzac,alto,0,0
2025.0,Golonchan viejo,Chiapas,Sitalá,Golonchan viejo,medio,0,0
2025.0,EST 80,Chiapas,San Cristobal de las Casas,San Cristobal de las Casas,nan,0,0
2025.0,Tres Cerros,Chiapas,Tenejapa,Tres  Cerros,medio,0,0
2025.0,Tzabalhó,Chiapas,Chenalhó,Tzabalhó,medio,-92.6199,16.9394
2025.0,Shunuch,Chiapas,Chenalhó,Shunuch,alto,-92.5844,16.9073
2025.0,Nuevo Yibeljo,Chiapas,Chenalhó,Nuevo Yibeljoj,medio,-92.5166,16.9564
2025.0,EST #116,Chiapas,Santiago el pinar,Santiago el pinar,alto,0,0
2025.0,EST 133,Chiapas,Chamula,Tentic,nan,0,0
2025.0,Voz del pueblo,Chiapas,San Cristobal de las Casas,Rancheria San jose buena vista,na,0,0
2025.0,Tecnológico de la selva,Chiapas,Ocosingo,Ocosingo,na,0,0
2025.0,EST 48,Chiapas,Chenalhó,Chenalho,na,0,0
2025.0,JN Gabilondo Soler,Chiapas,San Cristobal de las Casas,Ranchería vista hermosa huitepec,na,0,0
2025.0,Benito Juárez García,Chiapas,Chenalhó,Canolal,na,0,0
2025.0,El Retiro,Chiapas,Tenejapa,El Retiro,alto,-92.4582,16.8002
2025.0,Bajwits,Chiapas,Tenejapa,Bajwits,bajo,0,0
2025.0,Naranjatik Alto,Chiapas,Chenalhó,Naranjatik Alto,alto,-92.5227,16.9425
2025.0,Las Limas,Chiapas,Chenalhó,Las limas,alto,-92.5952,16.9472
2025.0,Vayúm Vakaxtik,Chiapas,Chenalhó,Vayum Vakaxtik,alto,-92.5936,16.9355
2025.0,Santa Cruz,Chiapas,Tenejapa,Santa Cruz,alto,-92.4819,16.8458
2025.0,Ococh,Chiapas,Tenejapa,Ococh,medio,-92.4751,16.8381
2025.0,Ch'ixtontic,Chiapas,Tenejapa,Ch'ixtontik,alto,-92.459,16.8899
2025.0,Ch'ixtontic,Chiapas,Tenejapa,Ch'ixtontik,alto,-92.459,16.8899
2025.0,La Unión,Chiapas,Sitalá,La Union,medio,-92.3652,17.0118
2025.0,Bach'en de Poconichim,Chiapas,Chenalhó,Bach'en de Poconichim,alto,-92.5114,16.9352
2025.0,Poconichim centro,Chiapas,Chenalhó,Poconichim centro,alto,-92.5178,16.9315
2025.0,Santa Cruz el Recreo,Chiapas,Sitalá,Santa Cruz el recreo,alto,-92.3337,17.0303
2025.0,Guadalupe el Rodeo,Chiapas,Sitalá,Guadalupe el Rodeo,medio,-92.3467,17.0205
2025.0,La Palma,Chiapas,Sitalá,La palma,alto,-92.3345,17.016
2025.0,Ach'Lum el Suspiro,Chiapas,Sitalá,Ach Lum el suspiro,medio,-92.3364,17.0534
2025.0,San Juan Shucail,Chiapas,Sitalá,San Juan Shucail,alto,-92.3747,17.0213
2025.0,San Juan Shucail,Chiapas,Sitalá,San Juan Shucail,alto,-92.3747,17.0213
2025.0,Niños Heroes de Chapultepec,Chiapas,San Cristobal de las Casas,San Cristobal de las Casas,na,0,0
2025.0,Secundaria Técnica No. 100,Chiapas,Chenalhó,Takiukum Primera Fracción,na,0,0
2025.0,Prim. Bilingue 13 de septiembre,Chiapas,Tenejapa,Winiktón,na,0,0
2025.0,Escuela Secundaria Técnica 141,Chiapas,Chenalhó,Belisario Dominguez,na,0,0
2025.0,Escuela Secundaria Técnica 141,Chiapas,Chenalhó,Belisario Dominguez,na,0,0
2025.0,Escuela Secundaria Técnica 141,Chiapas,Chenalhó,Belisario Dominguez,na,0,0
2024.0,San Jeronimo (Solidaridad),Chiapas,Berriozabal,San Jerónimo,alto,-93.2613,16.7694
2024.0,El Divisadero,Chiapas,Berriozabal,El Divisadero,alto,-93.3841,16.9004
2024.0,Río Blanco,Chiapas,Berriozabal,Río Blanco,alto,-93.309,16.9381
2024.0,Santa Cruz el Recreo,Chiapas,Sitalá,Santa Cruz el recreo,bajo,-92.3337,17.0303
2024.0,San José Terranova,Chiapas,Sitalá,San José Terranova,alto,-92.3403,17.0284
2025.0,Porfirio Encinos,Chiapas,Sitalá,Porfirio Encino,medio,-92.3628,17.0279
2025.0,Las Maravillas,Chiapas,Berriozabal,Las Maravillas,bajo,-93.3206,16.9578
2025.0,Río Blanco,Chiapas,Berriozabal,Río Blanco,medio,-93.309,16.9381
2025.0,Joaquín Miguel Gutiérrez,Chiapas,Berriozabal,Joaquín Miguel Gutiérrez,alto,-93.3488,16.9351
2025.0,Ignacio Zaragoza,Chiapas,Berriozabal,Ignacio Zaragoza,medio,-93.3457,16.9771
2025.0,Paso Limón,Chiapas,Berriozabal,Paso Limón,medio,-93.3613,17.0254
2025.0,Benito Juárez,Chiapas,Berriozabal,Benito Juárez.,alto,-93.3611,16.962
2025.0,Berlín,Chiapas,Berriozabal,Berlín,alto,-93.3478,16.8223
2025.0,San Jeronimo (Solidaridad),Chiapas,Berriozabal,San Jerónimo,alto,-93.2613,16.7694
2025.0,El Divisadero,Chiapas,Berriozabal,El Divisadero,alto,-93.3841,16.9004
2025.0,Caracol,Chiapas,Berriozabal,El Caracol,medio,-93.3329,16.8925
2025.0,Montebello,Chiapas,Berriozabal,Montebello,bajo,-93.3217,16.8718
2025.0,El Tirol,Chiapas,Berriozabal,El Tirol,alto,-93.3232,16.8823
2025.0,Emiliano Zapata,Chiapas,Berriozabal,Emiliano Zapata,alto,-93.3168,16.8814
2025.0,San José el Paraíso,Chiapas,Berriozabal,San José El Paraíso,medio,-93.3814,16.8928
2024.0,San José el Paraíso,Chiapas,Berriozabal,San José El Paraíso,medio,-93.3814,16.8928
2024.0,Berlín,Chiapas,Berriozabal,Berlín,alto,-93.3478,16.8223
2024.0,La Unión,Chiapas,Sitalá,La Union,bajo,-92.3652,17.0118
2024.0,Santa Cruz,Chiapas,Tenejapa,Santa Cruz,nan,-92.4819,16.8458
2024.0,Santa Cruz,Chiapas,Tenejapa,Santa Cruz,nan,-92.4819,16.8458
2025.0,La Unión,Chiapas,Sitalá,La Union,medio,-92.3652,17.0118
2025.0,5 de Abril,Chiapas,Tenejapa,5 de Abril,bajo,-92.5057,16.8159
2025.0,San Lorenzo,Chiapas,La Trinitaria,San Lorenzo,alto,-91.8288,16.1572
2025.0,Tzicumaltic,Chiapas,La Trinitaria,Anexo Tzicumaltik,alto,-91.816,16.0675
2026.0,San francisco,Chiapas,Tenejapa,San francisco,bajo,-92.4949,16.8074
2026.0,San francisco,Chiapas,Tenejapa,San francisco,alto,-92.4949,16.8074
2026.0,San francisco,Chiapas,Tenejapa,San francisco,alto,-92.4949,16.8074
2026.0,Santa Cruz,Chiapas,Tenejapa,Santa Cruz,nan,-92.4819,16.8458
2026.0,El Retiro,Chiapas,Tenejapa,El Retiro,medio,-92.4582,16.8002
2026.0,Santa Cruz el Recreo,Chiapas,Sitalá,Santa Cruz el recreo,alto,-92.3337,17.0303
2026.0,San José Terranova,Chiapas,Sitalá,San José Terranova,bajo,-92.3403,17.0284
2026.0,San José Terranova,Chiapas,Sitalá,San José Terranova,alto,-92.3403,17.0284
2026.0,San José Terranova,Chiapas,Sitalá,San José Terranova,alto,-92.3403,17.0284
2026.0,Ach'Lum el Suspiro,Chiapas,Sitalá,Ach Lum el suspiro,medio,-92.3364,17.0534
2026.0,Ach'Lum el Suspiro,Chiapas,Sitalá,Ach Lum el suspiro,bajo,-92.3364,17.0534
2026.0,Ach'Lum el Suspiro,Chiapas,Sitalá,Ach Lum el suspiro,bajo,-92.3364,17.0534
2026.0,Porfirio Encinos,Chiapas,Sitalá,Porfirio Encino,alto,-92.3628,17.0279
2026.0,Porfirio Encinos,Chiapas,Sitalá,Porfirio Encino,alto,-92.3628,17.0279
2026.0,Porfirio Encinos,Chiapas,Sitalá,Porfirio Encino,alto,-92.3628,17.0279
2026.0,Golonchan viejo,Chiapas,Sitalá,Golonchan viejo,alto,0,0
2026.0,Golonchan viejo,Chiapas,Sitalá,Golonchan viejo,medio,0,0
2026.0,Golonchan viejo,Chiapas,Sitalá,Golonchan viejo,alto,0,0
,,,,,nan,,
,,,,,nan,,
,,,,,nan,,
,,,,,nan,,
,,,,,nan,,
,,,,,nan,,
,,,,,nan,,
,,,,,nan,,
,,,,,nan,,
,,,,,nan,,
,,,,,nan,,
,,,,,nan,,
,,,,,nan,,
,,,,,nan,,
,,,,,nan,,
,,,,,nan,,
,,,,,nan,,
,,,,,nan,,
,,,,,nan,,
,,,,,nan,,
,,,,,nan,,
,,,,,nan,,
,,,,,nan,,
,,,,,nan,,
,,,,,nan,,
,,,,,nan,,
,,,,,nan,,
,,,,,nan,,
,,,,,nan,,
,,,,,nan,,
,,,,,nan,,
,,,,,nan,,
,,,,,nan,,
,,,,,nan,,
,,,,,nan,,
,,,,,nan,,
,,,,,nan,,
,,,,,nan,,
,,,,,nan,,
,,,,,nan,,
,,,,,nan,,
,,,,,nan,,
,,,,,nan,,
,,,,,nan,,
,,,,,nan,,
,,,,,nan,,
,,,,,nan,,
,,,,,nan,,
,,,,,nan,,
,,,,,nan,,
,,,,,nan,,
,,,,,nan,,
,,,,,nan,,
,,,,,nan,,
,,,,,nan,,
,,,,,nan,,
,,,,,nan,,
,,,,,nan,,
,,,,,nan,,
,,,,,nan,,
,,,,,nan,,
,,,,,nan,,
,,,,,nan,,
,,,,,nan,,
,,,,,nan,,
,,,,,nan,,
,,,,,nan,,
,,,,,nan,,
,,,,,nan,,
,,,,,nan,,
,,,,,nan,,
,,,,,nan,,
,,,,,nan,,
,,,,,nan,,
,,,,,nan,,
,,,,,nan,,
,,,,,nan,,
,,,,,nan,,
,,,,,nan,,
,,,,,nan,,
,,,,,nan,,
,,,,,nan,,
,,,,,nan,,
,,,,,nan,,
,,,,,nan,,
,,,,,nan,,
,,,,,nan,,
,,,,,nan,,
,,,,,nan,,
,,,,,nan,,
,,,,,nan,,
,,,,,nan,,
,,,,,nan,,
,,,,,nan,,
,,,,,nan,,
,,,,,nan,,
,,,,,nan,,
,,,,,nan,,
,,,,,nan,,
,,,,,nan,,
,,,,,nan,,
,,,,,nan,,
,,,,,nan,,
,,,,,nan,,
,,,,,nan,,
,,,,,nan,,
,,,,,nan,,
,,,,,nan,,
,,,,,nan,,
,,,,,nan,,
,,,,,nan,,
,,,,,nan,,
,,,,,nan,,
,,,,,nan,,
,,,,,nan,,
,,,,,nan,,
,,,,,nan,,
,,,,,nan,,
,,,,,nan,,
,,,,,nan,,
,,,,,nan,,
,,,,,nan,,
,,,,,nan,,
,,,,,nan,,
,,,,,nan,,
,,,,,nan,,
,,,,,nan,,
,,,,,nan,,
,,,,,nan,,
,,,,,nan,,
,,,,,nan,,
,,,,,nan,,
,,,,,nan,,
,,,,,nan,,
,,,,,nan,,
,,,,,nan,,
,,,,,nan,,
,,,,,nan,,
,,,,,nan,,
,,,,,nan,,
,,,,,nan,,
,,,,,nan,,
,,,,,nan,,
,,,,,nan,,
,,,,,nan,,
,,,,,nan,,
,,,,,nan,,
,,,,,nan,,
,,,,,nan,,
,,,,,nan,,
,,,,,nan,,
,,,,,nan,,
,,,,,nan,,
,,,,,nan,,
,,,,,nan,,
,,,,,nan,,
,,,,,nan,,
,,,,,nan,,
,,,,,nan,,
,,,,,nan,,
,,,,,nan,,
,,,,,nan,,
,,,,,nan,,
,,,,,nan,,
,,,,,nan,,
,,,,,nan,,
,,,,,nan,,
,,,,,nan,,
,,,,,nan,,
,,,,,nan,,
,,,,,nan,,
,,,,,nan,,
,,,,,nan,,
,,,,,nan,,
,,,,,nan,,
,,,,,nan,,
,,,,,nan,,
,,,,,nan,,
,,,,,nan,,
,,,,,nan,,
,,,,,nan,,
,,,,,nan,,
,,,,,nan,,
,,,,,nan,,
,,,,,nan,,
,,,,,nan,,
,,,,,nan,,
,,,,,nan,,
,,,,,nan,,
,,,,,nan,,
,,,,,nan,,
,,,,,nan,,
,,,,,nan,,
,,,,,nan,,
,,,,,nan,,
,,,,,nan,,
,,,,,nan,,
,,,,,nan,,
,,,,,nan,,
,,,,,nan,,
,,,,,nan,,
,,,,,nan,,
,,,,,nan,,
,,,,,nan,,
,,,,,nan,,
,,,,,nan,,
,,,,,nan,,
,,,,,nan,,
,,,,,nan,,
,,,,,nan,,
,,,,,nan,,
,,,,,nan,,
,,,,,nan,,
,,,,,nan,,
,,,,,nan,,
,,,,,nan,,
,,,,,nan,,
,,,,,nan,,
,,,,,nan,,
,,,,,nan,,
,,,,,nan,,
,,,,,nan,,
,,,,,nan,,
,,,,,nan,,
,,,,,nan,,
,,,,,nan,,
,,,,,nan,,
,,,,,nan,,
,,,,,nan,,
,,,,,nan,,
,,,,,nan,,
,,,,,nan,,
,,,,,nan,,
,,,,,nan,,
,,,,,nan,,
,,,,,nan,,
,,,,,nan,,
,,,,,nan,,
,,,,,nan,,
,,,,,nan,,
,,,,,nan,,
,,,,,nan,,
,,,,,nan,,
,,,,,nan,,
,,,,,nan,,
,,,,,nan,,
,,,,,nan,,
,,,,,nan,,
,,,,,nan,,
,,,,,nan,,
,,,,,nan,,
,,,,,nan,,
,,,,,nan,,
,,,,,nan,,
,,,,,nan,,
,,,,,nan,,
,,,,,nan,,
,,,,,nan,,
,,,,,nan,,
,,,,,nan,,
,,,,,nan,,
,,,,,nan,,
,,,,,nan,,
,,,,,nan,,
,,,,,nan,,
,,,,,nan,,
,,,,,nan,,
,,,,,nan,,
,,,,,nan,,
,,,,,nan,,
,,,,,nan,,
,,,,,nan,,
,,,,,nan,,
,,,,,nan,,
,,,,,nan,,
,,,,,nan,,
,,,,,nan,,
,,,,,nan,,
,,,,,nan,,
,,,,,nan,,
,,,,,nan,,
,,,,,nan,,
,,,,,nan,,
,,,,,nan,,
,,,,,nan,,
,,,,,nan,,
,,,,,nan,,
,,,,,nan,,
,,,,,nan,,
,,,,,nan,,
,,,,,nan,,
,,,,,nan,,
,,,,,nan,,
,,,,,nan,,
,,,,,nan,,
,,,,,nan,,
,,,,,nan,,
,,,,,nan,,
,,,,,nan,,
,,,,,nan,,
,,,,,nan,,
,,,,,nan,,
,,,,,nan,,
,,,,,nan,,
,,,,,nan,,
,,,,,nan,,
,,,,,nan,,
,,,,,nan,,
,,,,,nan,,
,,,,,nan,,
,,,,,nan,,
,,,,,nan,,
,,,,,nan,,
,,,,,nan,,
,,,,,nan,,
,,,,,nan,,
,,,,,nan,,
,,,,,nan,,
,,,,,nan,,
,,,,,nan,,
,,,,,nan,,
,,,,,nan,,
,,,,,nan,,
,,,,,nan,,
,,,,,nan,,
,,,,,nan,,
,,,,,nan,,
,,,,,nan,,
,,,,,nan,,
,,,,,nan,,
,,,,,nan,,
,,,,,nan,,
,,,,,nan,,
,,,,,nan,,
,,,,,nan,,
,,,,,nan,,
,,,,,nan,,
,,,,,nan,,
,,,,,nan,,
,,,,,nan,,
,,,,,nan,,
,,,,,nan,,
,,,,,nan,,
,,,,,nan,,
,,,,,nan,,
,,,,,nan,,
,,,,,nan,,
,,,,,nan,,
,,,,,nan,,
,,,,,nan,,
,,,,,nan,,
,,,,,nan,,
,,,,,nan,,
,,,,,nan,,
,,,,,nan,,
,,,,,nan,,
,,,,,nan,,
,,,,,nan,,
,,,,,nan,,
,,,,,nan,,
,,,,,nan,,
,,,,,nan,,
,,,,,nan,,
,,,,,nan,,
,,,,,nan,,
,,,,,nan,,
,,,,,nan,,
,,,,,nan,,
,,,,,nan,,
,,,,,nan,,
,,,,,nan,,
,,,,,nan,,
,,,,,nan,,
,,,,,nan,,
,,,,,nan,,
,,,,,nan,,
,,,,,nan,,
,,,,,nan,,
,,,,,nan,,
,,,,,nan,,
,,,,,nan,,
,,,,,nan,,
,,,,,nan,,
,,,,,nan,,
,,,,,nan,,
,,,,,nan,,
,,,,,nan,,
,,,,,nan,,
,,,,,nan,,
,,,,,nan,,
,,,,,nan,,
,,,,,nan,,
,,,,,nan,,
,,,,,nan,,
,,,,,nan,,
,,,,,nan,,
,,,,,nan,,
,,,,,nan,,
,,,,,nan,,
,,,,,nan,,
,,,,,nan,,
,,,,,nan,,
,,,,,nan,,
,,,,,nan,,
,,,,,nan,,
,,,,,nan,,
,,,,,nan,,
,,,,,nan,,
,,,,,nan,,
,,,,,nan,,
,,,,,nan,,
,,,,,nan,,
,,,,,nan,,
,,,,,nan,,
,,,,,nan,,
,,,,,nan,,
,,,,,nan,,
,,,,,nan,,
,,,,,nan,,
,,,,,nan,,
,,,,,nan,,
,,,,,nan,,
,,,,,nan,,
,,,,,nan,,
,,,,,nan,,
,,,,,nan,,
,,,,,nan,,
,,,,,nan,,
,,,,,nan,,
,,,,,nan,,
,,,,,nan,,
,,,,,nan,,
,,,,,nan,,
,,,,,nan,,
,,,,,nan,,
,,,,,nan,,
,,,,,nan,,
,,,,,nan,,
,,,,,nan,,
,,,,,nan,,
,,,,,nan,,
,,,,,nan,,
,,,,,nan,,
,,,,,nan,,
,,,,,nan,,
,,,,,nan,,
,,,,,nan,,
,,,,,nan,,
,,,,,nan,,
,,,,,nan,,
,,,,,nan,,
,,,,,nan,,
,,,,,nan,,
,,,,,nan,,
,,,,,nan,,
,,,,,nan,,
,,,,,nan,,
,,,,,nan,,
,,,,,nan,,
,,,,,nan,,
,,,,,nan,,
,,,,,nan,,
,,,,,nan,,
,,,,,nan,,
,,,,,nan,,
,,,,,nan,,
,,,,,nan,,
,,,,,nan,,
,,,,,nan,,
,,,,,nan,,
,,,,,nan,,
,,,,,nan,,
,,,,,nan,,
,,,,,nan,,
,,,,,nan,,
,,,,,nan,,
,,,,,nan,,
,,,,,nan,,
,,,,,nan,,
,,,,,nan,,
,,,,,nan,,
,,,,,nan,,
,,,,,nan,,
,,,,,nan,,
,,,,,nan,,
,,,,,nan,,
,,,,,nan,,
,,,,,nan,,
,,,,,nan,,
,,,,,nan,,
,,,,,nan,,
,,,,,nan,,
,,,,,nan,,
,,,,,nan,,
,,,,,nan,,
,,,,,nan,,
,,,,,nan,,
,,,,,nan,,
,,,,,nan,,
,,,,,nan,,
,,,,,nan,,
,,,,,nan,,
,,,,,nan,,
,,,,,nan,,
,,,,,nan,,
,,,,,nan,,
,,,,,nan,,
,,,,,nan,,
,,,,,nan,,
,,,,,nan,,
,,,,,nan,,
,,,,,nan,,
,,,,,nan,,
,,,,,nan,,
,,,,,nan,,
,,,,,nan,,
,,,,,nan,,
,,,,,nan,,
,,,,,nan,,
,,,,,nan,,
,,,,,nan,,
,,,,,nan,,
,,,,,nan,,
,,,,,nan,,
,,,,,nan,,
,,,,,nan,,
,,,,,nan,,
,,,,,nan,,
,,,,,nan,,
,,,,,nan,,
,,,,,nan,,
,,,,,nan,,
,,,,,nan,,
,,,,,nan,,
,,,,,nan,,
,,,,,nan,,
,,,,,nan,,
,,,,,nan,,
,,,,,nan,,
,,,,,nan,,
,,,,,nan,,
,,,,,nan,,
,,,,,nan,,
,,,,,nan,,
,,,,,nan,,
,,,,,nan,,
,,,,,nan,,
,,,,,nan,,
,,,,,nan,,
,,,,,nan,,
,,,,,nan,,
,,,,,nan,,
,,,,,nan,,
,,,,,nan,,
,,,,,nan,,
,,,,,nan,,
,,,,,nan,,
,,,,,nan,,
,,,,,nan,,
,,,,,nan,,
,,,,,nan,,
,,,,,nan,,
,,,,,nan,,
,,,,,nan,,
,,,,,nan,,
,,,,,nan,,
,,,,,nan,,
,,,,,nan,,
,,,,,nan,,
,,,,,nan,,
,,,,,nan,,
,,,,,nan,,
,,,,,nan,,
,,,,,nan,,
,,,,,nan,,
,,,,,nan,,
,,,,,nan,,
,,,,,nan,,
,,,,,nan,,
,,,,,nan,,
,,,,,nan,,
,,,,,nan,,
,,,,,nan,,
,,,,,nan,,
,,,,,nan,,
,,,,,nan,,
,,,,,nan,,
,,,,,nan,,
,,,,,nan,,
,,,,,nan,,
,,,,,nan,,
,,,,,nan,,
,,,,,nan,,
,,,,,nan,,
,,,,,nan,,
,,,,,nan,,
,,,,,nan,,
,,,,,nan,,
,,,,,nan,,
,,,,,nan,,
,,,,,nan,,
,,,,,nan,,
,,,,,nan,,
,,,,,nan,,
,,,,,nan,,
,,,,,nan,,
,,,,,nan,,
,,,,,nan,,
,,,,,nan,,
,,,,,nan,,
,,,,,nan,,
,,,,,nan,,
,,,,,nan,,
,,,,,nan,,
,,,,,nan,,
,,,,,nan,,
,,,,,nan,,
,,,,,nan,,
,,,,,nan,,
,,,,,nan,,
,,,,,nan,,
,,,,,nan,,
,,,,,nan,,
,,,,,nan,,
,,,,,nan,,
,,,,,nan,,
,,,,,nan,,
,,,,,nan,,
,,,,,nan,,
,,,,,nan,,
,,,,,nan,,
,,,,,nan,,
,,,,,nan,,
,,,,,nan,,
,,,,,nan,,
,,,,,nan,,
,,,,,nan,,
,,,,,nan,,
,,,,,nan,,
,,,,,nan,,
,,,,,nan,,
,,,,,nan,,
,,,,,nan,,
,,,,,nan,,
,,,,,nan,,
,,,,,nan,,
,,,,,nan,,
,,,,,nan,,
,,,,,nan,,
,,,,,nan,,
,,,,,nan,,
,,,,,nan,,
,,,,,nan,,
,,,,,nan,,
,,,,,nan,,
,,,,,nan,,
,,,,,nan,,
,,,,,nan,,
,,,,,nan,,
,,,,,nan,,
,,,,,nan,,
,,,,,nan,,
,,,,,nan,,
,,,,,nan,,
,,,,,nan,,
,,,,,nan,,
,,,,,nan,,
,,,,,nan,,
,,,,,nan,,
,,,,,nan,,
,,,,,nan,,
,,,,,nan,,
,,,,,nan,,
,,,,,nan,,
,,,,,nan,,
,,,,,nan,,
,,,,,nan,,
,,,,,nan,,
,,,,,nan,,
,,,,,nan,,
,,,,,nan,,
,,,,,nan,,
,,,,,nan,,
,,,,,nan,,
,,,,,nan,,
,,,,,nan,,
,,,,,nan,,
,,,,,nan,,
,,,,,nan,,
,,,,,nan,,
,,,,,nan,,
,,,,,nan,,
,,,,,nan,,
,,,,,nan,,
,,,,,nan,,
,,,,,nan,,
,,,,,nan,,
,,,,,nan,,
,,,,,nan,,
,,,,,nan,,
,,,,,nan,,
,,,,,nan,,
,,,,,nan,,
,,,,,nan,,
,,,,,nan,,
,,,,,nan,,
,,,,,nan,,
,,,,,nan,,
,,,,,nan,,
,,,,,nan,,
,,,,,nan,,
,,,,,nan,,
,,,,,nan,,
,,,,,nan,,
,,,,,nan,,
,,,,,nan,,
,,,,,nan,,
,,,,,nan,,
,,,,,nan,,
,,,,,nan,,
,,,,,nan,,
,,,,,nan,,
,,,,,nan,,
,,,,,nan,,
,,,,,nan,,
,,,,,nan,,
,,,,,nan,,
,,,,,nan,,
,,,,,nan,,
,,,,,nan,,
,,,,,nan,,
,,,,,nan,,
,,,,,nan,,
,,,,,nan,,
,,,,,nan,,
,,,,,nan,,
,,,,,nan,,
,,,,,nan,,
,,,,,nan,,
,,,,,nan,,
,,,,,nan,,
,,,,,nan,,
,,,,,nan,,
,,,,,nan,,
,,,,,nan,,
,,,,,nan,,
,,,,,nan,,
,,,,,nan,,
,,,,,nan,,
,,,,,nan,,
,,,,,nan,,
,,,,,nan,,
,,,,,nan,,
,,,,,nan,,
,,,,,nan,,
,,,,,nan,,
,,,,,nan,,
,,,,,nan,,
,,,,,nan,,
,,,,,nan,,
,,,,,nan,,
,,,,,nan,,
,,,,,nan,,
,,,,,nan,,
,,,,,nan,,
,,,,,nan,,
,,,,,nan,,
,,,,,nan,,
,,,,,nan,,
,,,,,nan,,
,,,,,nan,,
,,,,,nan,,
,,,,,nan,,
,,,,,nan,,
,,,,,nan,,
,,,,,nan,,
,,,,,nan,,
,,,,,nan,,
,,,,,nan,,
,,,,,nan,,
,,,,,nan,,
,,,,,nan,,
,,,,,nan,,
,,,,,nan,,
,,,,,nan,,
,,,,,nan,,
,,,,,nan,,
,,,,,nan,,
,,,,,nan,,
,,,,,nan,,
,,,,,nan,,
,,,,,nan,,
,,,,,nan,,
,,,,,nan,,
,,,,,nan,,
,,,,,nan,,
,,,,,nan,,
,,,,,nan,,
,,,,,nan,,
,,,,,nan,,
,,,,,nan,,
,,,,,nan,,
,,,,,nan,,
,,,,,nan,,
,,,,,nan,,
,,,,,nan,,
,,,,,nan,,
,,,,,nan,,
,,,,,nan,,
,,,,,nan,,
,,,,,nan,,
,,,,,nan,,
,,,,,nan,,
,,,,,nan,,
,,,,,nan,,
,,,,,nan,,
,,,,,nan,,
,,,,,nan,,
,,,,,nan,,
,,,,,nan,,
,,,,,nan,,
,,,,,nan,,
,,,,,nan,,
,,,,,nan,,
,,,,,nan,,
,,,,,nan,,
,,,,,nan,,
,,,,,nan,,
,,,,,nan,,
,,,,,nan,,
,,,,,nan,,
,,,,,nan,,
,,,,,nan,,
,,,,,nan,,
,,,,,nan,,
,,,,,nan,,
,,,,,nan,,
,,,,,nan,,
,,,,,nan,,
,,,,,nan,,
,,,,,nan,,
,,,,,nan,,
,,,,,nan,,
,,,,,nan,,
,,,,,nan,,
,,,,,nan,,
,,,,,nan,,
,,,,,nan,,
,,,,,nan,,
,,,,,nan,,
,,,,,nan,,
,,,,,nan,,
,,,,,nan,,
,,,,,nan,,
,,,,,nan,,
,,,,,nan,,
,,,,,nan,,
,,,,,nan,,
,,,,,nan,,
,,,,,nan,,
,,,,,nan,,
,,,,,nan,,
,,,,,nan,,
,,,,,nan,,
,,,,,nan,,
,,,,,nan,,
,,,,,nan,,
,,,,,nan,,
,,,,,nan,,
,,,,,nan,,
,,,,,nan,,
,,,,,nan,,
,,,,,nan,,
,,,,,nan,,
,,,,,nan,,
,,,,,nan,,
,,,,,nan,,
,,,,,nan,,
,,,,,nan,,
,,,,,nan,,
,,,,,nan,,
,,,,,nan,,
,,,,,nan,,
,,,,,nan,,
,,,,,nan,,
,,,,,nan,,
,,,,,nan,,
,,,,,nan,,
,,,,,nan,,
,,,,,nan,,
,,,,,nan,,
,,,,,nan,,
,,,,,nan,,
,,,,,nan,,
,,,,,nan,,
,,,,,nan,,
,,,,,nan,,
,,,,,nan,,
,,,,,nan,,
,,,,,nan,,
,,,,,nan,,
,,,,,nan,,
,,,,,nan,,
,,,,,nan,,
,,,,,nan,,
,,,,,nan,,
,,,,,nan,,
,,,,,nan,,
,,,,,nan,,
,,,,,nan,,
,,,,,nan,,
,,,,,nan,,
,,,,,nan,,
,,,,,nan,,
,,,,,nan,,
,,,,,nan,,
,,,,,nan,,
,,,,,nan,,
,,,,,nan,,
,,,,,nan,,
,,,,,nan,,
,,,,,nan,,
,,,,,nan,,
,,,,,nan,,
,,,,,nan,,
,,,,,nan,,
,,,,,nan,,
,,,,,nan,,
,,,,,nan,,
,,,,,nan,,
,,,,,nan,,
,,,,,nan,,
,,,,,nan,,
,,,,,nan,,
,,,,,nan,,
,,,,,nan,,
,,,,,nan,,
,,,,,nan,,
,,,,,nan,,
,,,,,nan,,
,,,,,nan,,
,,,,,nan,,
,,,,,nan,,
,,,,,nan,,
,,,,,nan,,
,,,,,nan,,
,,,,,nan,,
,,,,,nan,,
,,,,,nan,,
,,,,,nan,,
,,,,,nan,,
,,,,,nan,,
,,,,,nan,,
,,,,,nan,,
,,,,,nan,,
,,,,,nan,,
,,,,,nan,,
,,,,,nan,,
,,,,,nan,,
,,,,,nan,,
,,,,,nan,,
,,,,,nan,,
,,,,,nan,,
,,,,,nan,,
,,,,,nan,,
,,,,,nan,,
,,,,,nan,,
,,,,,nan,,
,,,,,nan,,
,,,,,nan,,
,,,,,nan,,
,,,,,nan,,
,,,,,nan,,
,,,,,nan,,
,,,,,nan,,
,,,,,nan,,
,,,,,nan,,
,,,,,nan,,
,,,,,nan,,
,,,,,nan,,
,,,,,nan,,
,,,,,nan,,
,,,,,nan,,
,,,,,nan,,
,,,,,nan,,
,,,,,nan,,
,,,,,nan,,
,,,,,nan,,
,,,,,nan,,
,,,,,nan,,
,,,,,nan,,
,,,,,nan,,
,,,,,nan,,
,,,,,nan,,
,,,,,nan,,
,,,,,nan,,
,,,,,nan,,
,,,,,nan,,
,,,,,nan,,
,,,,,nan,,
,,,,,nan,,
,,,,,nan,,
,,,,,nan,,
,,,,,nan,,
,,,,,nan,,
,,,,,nan,,
,,,,,nan,,
,,,,,nan,,
,,,,,nan,,
,,,,,nan,,
,,,,,nan,,
,,,,,nan,,
,,,,,nan,,
,,,,,nan,,
,,,,,nan,,
,,,,,nan,,
,,,,,nan,,
,,,,,nan,,
,,,,,nan,,
,,,,,nan,,
,,,,,nan,,
,,,,,nan,,
,,,,,nan,,
,,,,,nan,,
,,,,,nan,,
,,,,,nan,,
,,,,,nan,,
,,,,,nan,,
,,,,,nan,,
,,,,,nan,,
,,,,,nan,,
,,,,,nan,,
,,,,,nan,,
,,,,,nan,,
,,,,,nan,,
,,,,,nan,,
,,,,,nan,,
,,,,,nan,,
,,,,,nan,,
,,,,,nan,,
,,,,,nan,,
,,,,,nan,,
,,,,,nan,,
,,,,,nan,,
,,,,,nan,,
,,,,,nan,,
,,,,,nan,,
,,,,,nan,,
,,,,,nan,,
,,,,,nan,,
,,,,,nan,,
,,,,,nan,,
,,,,,nan,,
,,,,,nan,,
,,,,,nan,,
,,,,,nan,,
,,,,,nan,,
,,,,,nan,,
,,,,,nan,,
,,,,,nan,,
,,,,,nan,,
,,,,,nan,,
,,,,,nan,,
,,,,,nan,,
,,,,,nan,,
,,,,,nan,,
,,,,,nan,,
,,,,,nan,,
,,,,,nan,,
,,,,,nan,,
,,,,,nan,,
,,,,,nan,,
,,,,,nan,,
,,,,,nan,,
,,,,,nan,,
,,,,,nan,,
,,,,,nan,,
,,,,,nan,,
,,,,,nan,,
,,,,,nan,,
,,,,,nan,,
,,,,,nan,,
,,,,,nan,,
,,,,,nan,,
,,,,,nan,,
,,,,,nan,,
,,,,,nan,,
,,,,,nan,,
,,,,,nan,,
,,,,,nan,,
,,,,,nan,,
,,,,,nan,,
,,,,,nan,,
,,,,,nan,,
,,,,,nan,,
,,,,,nan,,
,,,,,nan,,
,,,,,nan,,
,,,,,nan,,
,,,,,nan,,
,,,,,nan,,
,,,,,nan,,
,,,,,nan,,
,,,,,nan,,
,,,,,nan,,
,,,,,nan,,
,,,,,nan,,
,,,,,nan,,
,,,,,nan,,
,,,,,nan,,
,,,,,nan,,
,,,,,nan,,
,,,,,nan,,
,,,,,nan,,
,,,,,nan,,
,,,,,nan,,
,,,,,nan,,
,,,,,nan,,
,,,,,nan,,
,,,,,nan,,
,,,,,nan,,
,,,,,nan,,
,,,,,nan,,
,,,,,nan,,
,,,,,nan,,
,,,,,nan,,
,,,,,nan,,
,,,,,nan,,
,,,,,nan,,
,,,,,nan,,
,,,,,nan,,
,,,,,nan,,
,,,,,nan,,
,,,,,nan,,
,,,,,nan,,
,,,,,nan,,
,,,,,nan,,
,,,,,nan,,
,,,,,nan,,
,,,,,nan,,
,,,,,nan,,
,,,,,nan,,
,,,,,nan,,
,,,,,nan,,
,,,,,nan,,
,,,,,nan,,
,,,,,nan,,
,,,,,nan,,
,,,,,nan,,
,,,,,nan,,
,,,,,nan,,
,,,,,nan,,
,,,,,nan,,
,,,,,nan,,
,,,,,nan,,
,,,,,nan,,
,,,,,nan,,
,,,,,nan,,
,,,,,nan,,
,,,,,nan,,
,,,,,nan,,
,,,,,nan,,
,,,,,nan,,
,,,,,nan,,
,,,,,nan,,
,,,,,nan,,
,,,,,nan,,
,,,,,nan,,
,,,,,nan,,
,,,,,nan,,
,,,,,nan,,
,,,,,nan,,
,,,,,nan,,
,,,,,nan,,
,,,,,nan,,
,,,,,nan,,
,,,,,nan,,
,,,,,nan,,
,,,,,nan,,
,,,,,nan,,
,,,,,nan,,
,,,,,nan,,
,,,,,nan,,
,,,,,nan,,
,,,,,nan,,
,,,,,nan,,
,,,,,nan,,
,,,,,nan,,
,,,,,nan,,
,,,,,nan,,
,,,,,nan,,
,,,,,nan,,
,,,,,nan,,
,,,,,nan,,
,,,,,nan,,
,,,,,nan,,
,,,,,nan,,
,,,,,nan,,
,,,,,nan,,
,,,,,nan,,
,,,,,nan,,
,,,,,nan,,
,,,,,nan,,
,,,,,nan,,
,,,,,nan,,
,,,,,nan,,
,,,,,nan,,
,,,,,nan,,
,,,,,nan,,
,,,,,nan,,
,,,,,nan,,
,,,,,nan,,
,,,,,nan,,
,,,,,nan,,
,,,,,nan,,
,,,,,nan,,
,,,,,nan,,
,,,,,nan,,
,,,,,nan,,
,,,,,nan,,
,,,,,nan,,
,,,,,nan,,
,,,,,nan,,
,,,,,nan,,
,,,,,nan,,
,,,,,nan,,
,,,,,nan,,
,,,,,nan,,
,,,,,nan,,
,,,,,nan,,
,,,,,nan,,
,,,,,nan,,
,,,,,nan,,
,,,,,nan,,
,,,,,nan,,
,,,,,nan,,
,,,,,nan,,
,,,,,nan,,
,,,,,nan,,
,,,,,nan,,
,,,,,nan,,
,,,,,nan,,
,,,,,nan,,
,,,,,nan,,
,,,,,nan,,
,,,,,nan,,
,,,,,nan,,
,,,,,nan,,
,,,,,nan,,
,,,,,nan,,
,,,,,nan,,
,,,,,nan,,
,,,,,nan,,
,,,,,nan,,
,,,,,nan,,
,,,,,nan,,
,,,,,nan,,
,,,,,nan,,
,,,,,nan,,
,,,,,nan,,
,,,,,nan,,
,,,,,nan,,
,,,,,nan,,
,,,,,nan,,
,,,,,nan,,
,,,,,nan,,
,,,,,nan,,
,,,,,nan,,
,,,,,nan,,
,,,,,nan,,
,,,,,nan,,
,,,,,nan,,
,,,,,nan,,
,,,,,nan,,
,,,,,nan,,
,,,,,nan,,
,,,,,nan,,
,,,,,nan,,
,,,,,nan,,
,,,,,nan,,
,,,,,nan,,
,,,,,nan,,
,,,,,nan,,
,,,,,nan,,
,,,,,nan,,
,,,,,nan,,
,,,,,nan,,
,,,,,nan,,
,,,,,nan,,
,,,,,nan,,
,,,,,nan,,
,,,,,nan,,
,,,,,nan,,
,,,,,nan,,
,,,,,nan,,
,,,,,nan,,
,,,,,nan,,
,,,,,nan,,
,,,,,nan,,
,,,,,nan,,
,,,,,nan,,
,,,,,nan,,
,,,,,nan,,
,,,,,nan,,
,,,,,nan,,
,,,,,nan,,
,,,,,nan,,
,,,,,nan,,
,,,,,nan,,
,,,,,nan,,
,,,,,nan,,
,,,,,nan,,
,,,,,nan,,
,,,,,nan,,
,,,,,nan,,
,,,,,nan,,
,,,,,nan,,
,,,,,nan,,
,,,,,nan,,
,,,,,nan,,
,,,,,nan,,
,,,,,nan,,
,,,,,nan,,
,,,,,nan,,
,,,,,nan,,
,,,,,nan,,
,,,,,nan,,
,,,,,nan,,
,,,,,nan,,
,,,,,nan,,
,,,,,nan,,
,,,,,nan,,
,,,,,nan,,
,,,,,nan,,
,,,,,nan,,
,,,,,nan,,
,,,,,nan,,
,,,,,nan,,
,,,,,nan,,
,,,,,nan,,
,,,,,nan,,
,,,,,nan,,
,,,,,nan,,
,,,,,nan,,
,,,,,nan,,
,,,,,nan,,
,,,,,nan,,
,,,,,nan,,
,,,,,nan,,
,,,,,nan,,
,,,,,nan,,
,,,,,nan,,
,,,,,nan,,
,,,,,nan,,
,,,,,nan,,
,,,,,nan,,
,,,,,nan,,
,,,,,nan,,
,,,,,nan,,
,,,,,nan,,
,,,,,nan,,
,,,,,nan,,
,,,,,nan,,
,,,,,nan,,
,,,,,nan,,
,,,,,nan,,
,,,,,nan,,
,,,,,nan,,
,,,,,nan,,
,,,,,nan,,
,,,,,nan,,
,,,,,nan,,
,,,,,nan,,
,,,,,nan,,
,,,,,nan,,
,,,,,nan,,
,,,,,nan,,
,,,,,nan,,
,,,,,nan,,
,,,,,nan,,
,,,,,nan,,
,,,,,nan,,
,,,,,nan,,
,,,,,nan,,
,,,,,nan,,
,,,,,nan,,
,,,,,nan,,
,,,,,nan,,
,,,,,nan,,
,,,,,nan,,
,,,,,nan,,
,,,,,nan,,
,,,,,nan,,
,,,,,nan,,
,,,,,nan,,
,,,,,nan,,
,,,,,nan,,
,,,,,nan,,
,,,,,nan,,
,,,,,nan,,
,,,,,nan,,
,,,,,nan,,
,,,,,nan,,
,,,,,nan,,
,,,,,nan,,
,,,,,nan,,
,,,,,nan,,
,,,,,nan,,
,,,,,nan,,
,,,,,nan,,
,,,,,nan,,
,,,,,nan,,
,,,,,nan,,
,,,,,nan,,
,,,,,nan,,
,,,,,nan,,
,,,,,nan,,
,,,,,nan,,
,,,,,nan,,
,,,,,nan,,
,,,,,nan,,
,,,,,nan,,
,,,,,nan,,
,,,,,nan,,
,,,,,nan,,
,,,,,nan,,
,,,,,nan,,
,,,,,nan,,
,,,,,nan,,
,,,,,nan,,
,,,,,nan,,
,,,,,nan,,
,,,,,nan,,
,,,,,nan,,
,,,,,nan,,
,,,,,nan,,
,,,,,nan,,
,,,,,nan,,
,,,,,nan,,
,,,,,nan,,
,,,,,nan,,
,,,,,nan,,
,,,,,nan,,
,,,,,nan,,
,,,,,nan,,
,,,,,nan,,
,,,,,nan,,
,,,,,nan,,
,,,,,nan,,
,,,,,nan,,
,,,,,nan,,
,,,,,nan,,
,,,,,nan,,
,,,,,nan,,
,,,,,nan,,
,,,,,nan,,
,,,,,nan,,
,,,,,nan,,
,,,,,nan,,
,,,,,nan,,
,,,,,nan,,
,,,,,nan,,
,,,,,nan,,
,,,,,nan,,
,,,,,nan,,
,,,,,nan,,
,,,,,nan,,
,,,,,nan,,
,,,,,nan,,
,,,,,nan,,
,,,,,nan,,
,,,,,nan,,
,,,,,nan,,
,,,,,nan,,
,,,,,nan,,
,,,,,nan,,
,,,,,nan,,
,,,,,nan,,
,,,,,nan,,
,,,,,nan,,
,,,,,nan,,
,,,,,nan,,
,,,,,nan,,
,,,,,nan,,
,,,,,nan,,
,,,,,nan,,
,,,,,nan,,
,,,,,nan,,
,,,,,nan,,
,,,,,nan,,
,,,,,nan,,
,,,,,nan,,
,,,,,nan,,
,,,,,nan,,
,,,,,nan,,
,,,,,nan,,
,,,,,nan,,
,,,,,nan,,
,,,,,nan,,
,,,,,nan,,
,,,,,nan,,
,,,,,nan,,
,,,,,nan,,
,,,,,nan,,
,,,,,nan,,
,,,,,nan,,
,,,,,nan,,
,,,,,nan,,
,,,,,nan,,
,,,,,nan,,
,,,,,nan,,
,,,,,nan,,
,,,,,nan,,
,,,,,nan,,
,,,,,nan,,
,,,,,nan,,
,,,,,nan,,
,,,,,nan,,
,,,,,nan,,
,,,,,nan,,
,,,,,nan,,
,,,,,nan,,
,,,,,nan,,
,,,,,nan,,
,,,,,nan,,
,,,,,nan,,
,,,,,nan,,
,,,,,nan,,
,,,,,nan,,
,,,,,nan,,
,,,,,nan,,
,,,,,nan,,
,,,,,nan,,
,,,,,nan,,
,,,,,nan,,
,,,,,nan,,
,,,,,nan,,
,,,,,nan,,
,,,,,nan,,
,,,,,nan,,
,,,,,nan,,
,,,,,nan,,
,,,,,nan,,
,,,,,nan,,
,,,,,nan,,
,,,,,nan,,
,,,,,nan,,
,,,,,nan,,
,,,,,nan,,
,,,,,nan,,
,,,,,nan,,
,,,,,nan,,
,,,,,nan,,
,,,,,nan,,
,,,,,nan,,
,,,,,nan,,
,,,,,nan,,
,,,,,nan,,
,,,,,nan,,
,,,,,nan,,
,,,,,nan,,
,,,,,nan,,
,,,,,nan,,
,,,,,nan,,
,,,,,nan,,
,,,,,nan,,
,,,,,nan,,
,,,,,nan,,
,,,,,nan,,
,,,,,nan,,
,,,,,nan,,
,,,,,nan,,
,,,,,nan,,
,,,,,nan,,
,,,,,nan,,
,,,,,nan,,
,,,,,nan,,
,,,,,nan,,
,,,,,nan,,
,,,,,nan,,
,,,,,nan,,
,,,,,nan,,
,,,,,nan,,
,,,,,nan,,
,,,,,nan,,
,,,,,nan,,
,,,,,nan,,
,,,,,nan,,
,,,,,nan,,
,,,,,nan,,
,,,,,nan,,
,,,,,nan,,
,,,,,nan,,
,,,,,nan,,
,,,,,nan,,
,,,,,nan,,
,,,,,nan,,
,,,,,nan,,
,,,,,nan,,
,,,,,nan,,
,,,,,nan,,
,,,,,nan,,
,,,,,nan,,
,,,,,nan,,
,,,,,nan,,
,,,,,nan,,
,,,,,nan,,
,,,,,nan,,
,,,,,nan,,
,,,,,nan,,
,,,,,nan,,
,,,,,nan,,
,,,,,nan,,
,,,,,nan,,
,,,,,nan,,
,,,,,nan,,
,,,,,nan,,
,,,,,nan,,
,,,,,nan,,
,,,,,nan,,
,,,,,nan,,
,,,,,nan,,
,,,,,nan,,
,,,,,nan,,
,,,,,nan,,
,,,,,nan,,
,,,,,nan,,
,,,,,nan,,
,,,,,nan,,
,,,,,nan,,
,,,,,nan,,
,,,,,nan,,
,,,,,nan,,
,,,,,nan,,
,,,,,nan,,
,,,,,nan,,
,,,,,nan,,
,,,,,nan,,
,,,,,nan,,
,,,,,nan,,
,,,,,nan,,
,,,,,nan,,
,,,,,nan,,
,,,,,nan,,
,,,,,nan,,
,,,,,nan,,
,,,,,nan,,
,,,,,nan,,
,,,,,nan,,
,,,,,nan,,
,,,,,nan,,
,,,,,nan,,
,,,,,nan,,
,,,,,nan,,
,,,,,nan,,
,,,,,nan,,
,,,,,nan,,
,,,,,nan,,
,,,,,nan,,
,,,,,nan,,
,,,,,nan,,
,,,,,nan,,
,,,,,nan,,
,,,,,nan,,
,,,,,nan,,
,,,,,nan,,
,,,,,nan,,
,,,,,nan,,
,,,,,nan,,
,,,,,nan,,
,,,,,nan,,
,,,,,nan,,
,,,,,nan,,
,,,,,nan,,
,,,,,nan,,
,,,,,nan,,
,,,,,nan,,
,,,,,nan,,
,,,,,nan,,
,,,,,nan,,
,,,,,nan,,
,,,,,nan,,
,,,,,nan,,
,,,,,nan,,
,,,,,nan,,
,,,,,nan,,
,,,,,nan,,
,,,,,nan,,
,,,,,nan,,
,,,,,nan,,
,,,,,nan,,
,,,,,nan,,
,,,,,nan,,
,,,,,nan,,
,,,,,nan,,
,,,,,nan,,
,,,,,nan,,
,,,,,nan,,
,,,,,nan,,
,,,,,nan,,
,,,,,nan,,
,,,,,nan,,
,,,,,nan,,
,,,,,nan,,
,,,,,nan,,
,,,,,nan,,
,,,,,nan,,
,,,,,nan,,
,,,,,nan,,
,,,,,nan,,
,,,,,nan,,
,,,,,nan,,
,,,,,nan,,
,,,,,nan,,
,,,,,nan,,
,,,,,nan,,
,,,,,nan,,
,,,,,nan,,
,,,,,nan,,
,,,,,nan,,
,,,,,nan,,
,,,,,nan,,
,,,,,nan,,
,,,,,nan,,
,,,,,nan,,
,,,,,nan,,
,,,,,nan,,
,,,,,nan,,
,,,,,nan,,
,,,,,nan,,
,,,,,nan,,
,,,,,nan,,
,,,,,nan,,
,,,,,nan,,
,,,,,nan,,
,,,,,nan,,
,,,,,nan,,
,,,,,nan,,
,,,,,nan,,
,,,,,nan,,
,,,,,nan,,
,,,,,nan,,
,,,,,nan,,
,,,,,nan,,
,,,,,nan,,
,,,,,nan,,
,,,,,nan,,
,,,,,nan,,
,,,,,nan,,
,,,,,nan,,
,,,,,nan,,
,,,,,nan,,
,,,,,nan,,
,,,,,nan,,
,,,,,nan,,
,,,,,nan,,
,,,,,nan,,
,,,,,nan,,
,,,,,nan,,
,,,,,nan,,
,,,,,nan,,
,,,,,nan,,
,,,,,nan,,
,,,,,nan,,
,,,,,nan,,
,,,,,nan,,
,,,,,nan,,
,,,,,nan,,
,,,,,nan,,
,,,,,nan,,
,,,,,nan,,
,,,,,nan,,
,,,,,nan,,
,,,,,nan,,
,,,,,nan,,
,,,,,nan,,
,,,,,nan,,
,,,,,nan,,
,,,,,nan,,
,,,,,nan,,
,,,,,nan,,
,,,,,nan,,
,,,,,nan,,
,,,,,nan,,
,,,,,nan,,
,,,,,nan,,
,,,,,nan,,
,,,,,nan,,
,,,,,nan,,
,,,,,nan,,
,,,,,nan,,
,,,,,nan,,
,,,,,nan,,
,,,,,nan,,
,,,,,nan,,
,,,,,nan,,
,,,,,nan,,
,,,,,nan,,
,,,,,nan,,
,,,,,nan,,
,,,,,nan,,
,,,,,nan,,
,,,,,nan,,
,,,,,nan,,
,,,,,nan,,
,,,,,nan,,
,,,,,nan,,
,,,,,nan,,
,,,,,nan,,
,,,,,nan,,
,,,,,nan,,
,,,,,nan,,
,,,,,nan,,
,,,,,nan,,
,,,,,nan,,
,,,,,nan,,
,,,,,nan,,
,,,,,nan,,
,,,,,nan,,
,,,,,nan,,
,,,,,nan,,
,,,,,nan,,
,,,,,nan,,
,,,,,nan,,
,,,,,nan,,
,,,,,nan,,
,,,,,nan,,
,,,,,nan,,
,,,,,nan,,
,,,,,nan,,
,,,,,nan,,
,,,,,nan,,
,,,,,nan,,
,,,,,nan,,
,,,,,nan,,
,,,,,nan,,
,,,,,nan,,
,,,,,nan,,
,,,,,nan,,
,,,,,nan,,
,,,,,nan,,
,,,,,nan,,
,,,,,nan,,
,,,,,nan,,
,,,,,nan,,
,,,,,nan,,
,,,,,nan,,
,,,,,nan,,
,,,,,nan,,
,,,,,nan,,
,,,,,nan,,
,,,,,nan,,
,,,,,nan,,
,,,,,nan,,
,,,,,nan,,
,,,,,nan,,
,,,,,nan,,
,,,,,nan,,
,,,,,nan,,
,,,,,nan,,
,,,,,nan,,
,,,,,nan,,
,,,,,nan,,
,,,,,nan,,
,,,,,nan,,
,,,,,nan,,
,,,,,nan,,
,,,,,nan,,
,,,,,nan,,
,,,,,nan,,
,,,,,nan,,
,,,,,nan,,
,,,,,nan,,
,,,,,nan,,
,,,,,nan,,
,,,,,nan,,
,,,,,nan,,
,,,,,nan,,
,,,,,nan,,
,,,,,nan,,
,,,,,nan,,
,,,,,nan,,
,,,,,nan,,
,,,,,nan,,
,,,,,nan,,
,,,,,nan,,
,,,,,nan,,
,,,,,nan,,
,,,,,nan,,
,,,,,nan,,
,,,,,nan,,
,,,,,nan,,
,,,,,nan,,
,,,,,nan,,
,,,,,nan,,
,,,,,nan,,
,,,,,nan,,
,,,,,nan,,
,,,,,nan,,
,,,,,nan,,
,,,,,nan,,
,,,,,nan,,
,,,,,nan,,
,,,,,nan,,
,,,,,nan,,
,,,,,nan,,
,,,,,nan,,
,,,,,nan,,
,,,,,nan,,
,,,,,nan,,
,,,,,nan,,
,,,,,nan,,
,,,,,nan,,
,,,,,nan,,
,,,,,nan,,
,,,,,nan,,
,,,,,nan,,
,,,,,nan,,
,,,,,nan,,
,,,,,nan,,
,,,,,nan,,
,,,,,nan,,
,,,,,nan,,
,,,,,nan,,
,,,,,nan,,
,,,,,nan,,
,,,,,nan,,
,,,,,nan,,
,,,,,nan,,
,,,,,nan,,
,,,,,nan,,
,,,,,nan,,
,,,,,nan,,
,,,,,nan,,
,,,,,nan,,
,,,,,nan,,
,,,,,nan,,
,,,,,nan,,
,,,,,nan,,
,,,,,nan,,
,,,,,nan,,
,,,,,nan,,
,,,,,nan,,
,,,,,nan,,
,,,,,nan,,
,,,,,nan,,
,,,,,nan,,
,,,,,nan,,
,,,,,nan,,
,,,,,nan,,
,,,,,nan,,
,,,,,nan,,
,,,,,nan,,
,,,,,nan,,
,,,,,nan,,
,,,,,nan,,
,,,,,nan,,
,,,,,nan,,
,,,,,nan,,
,,,,,nan,,
,,,,,nan,,
,,,,,nan,,
,,,,,nan,,
,,,,,nan,,
,,,,,nan,,
,,,,,nan,,
,,,,,nan,,
,,,,,nan,,
,,,,,nan,,
,,,,,nan,,
,,,,,nan,,
,,,,,nan,,
,,,,,nan,,
,,,,,nan,,
,,,,,nan,,
,,,,,nan,,
,,,,,nan,,
,,,,,nan,,
,,,,,nan,,
,,,,,nan,,
,,,,,nan,,
,,,,,nan,,
,,,,,nan,,
,,,,,nan,,
,,,,,nan,,
,,,,,nan,,
,,,,,nan,,
,,,,,nan,,
,,,,,nan,,
,,,,,nan,,
,,,,,nan,,
,,,,,nan,,
,,,,,nan,,
,,,,,nan,,
,,,,,nan,,
,,,,,nan,,
,,,,,nan,,
,,,,,nan,,
,,,,,nan,,
,,,,,nan,,
,,,,,nan,,
,,,,,nan,,
,,,,,nan,,
,,,,,nan,,
,,,,,nan,,
,,,,,nan,,
,,,,,nan,,
,,,,,nan,,
,,,,,nan,,
,,,,,nan,,
,,,,,nan,,
,,,,,nan,,
,,,,,nan,,
,,,,,nan,,
,,,,,nan,,
,,,,,nan,,
,,,,,nan,,
,,,,,nan,,
,,,,,nan,,
,,,,,nan,,
,,,,,nan,,
,,,,,nan,,
,,,,,nan,,
,,,,,nan,,
,,,,,nan,,
,,,,,nan,,
,,,,,nan,,
,,,,,nan,,
,,,,,nan,,
,,,,,nan,,
,,,,,nan,,
,,,,,nan,,
,,,,,nan,,
,,,,,nan,,
,,,,,nan,,
,,,,,nan,,
,,,,,nan,,
,,,,,nan,,
,,,,,nan,,
,,,,,nan,,
,,,,,nan,,
,,,,,nan,,
,,,,,nan,,
,,,,,nan,,
,,,,,nan,,
,,,,,nan,,
,,,,,nan,,
,,,,,nan,,
,,,,,nan,,
,,,,,nan,,
,,,,,nan,,
,,,,,nan,,
,,,,,nan,,
,,,,,nan,,
,,,,,nan,,
,,,,,nan,,
,,,,,nan,,
,,,,,nan,,
,,,,,nan,,
,,,,,nan,,
,,,,,nan,,
,,,,,nan,,
,,,,,nan,,
,,,,,nan,,
,,,,,nan,,
,,,,,nan,,
,,,,,nan,,
,,,,,nan,,
,,,,,nan,,
,,,,,nan,,
,,,,,nan,,
,,,,,nan,,
,,,,,nan,,
,,,,,nan,,
,,,,,nan,,
,,,,,nan,,
,,,,,nan,,
,,,,,nan,,
,,,,,nan,,
,,,,,nan,,
,,,,,nan,,
,,,,,nan,,
,,,,,nan,,
,,,,,nan,,
,,,,,nan,,
,,,,,nan,,
,,,,,nan,,
,,,,,nan,,
,,,,,nan,,
,,,,,nan,,
,,,,,nan,,
,,,,,nan,,
,,,,,nan,,
,,,,,nan,,
,,,,,nan,,
,,,,,nan,,
,,,,,nan,,
,,,,,nan,,
,,,,,nan,,
,,,,,nan,,
,,,,,nan,,
,,,,,nan,,
,,,,,nan,,
,,,,,nan,,
,,,,,nan,,
,,,,,nan,,
,,,,,nan,,
,,,,,nan,,
,,,,,nan,,
,,,,,nan,,
,,,,,nan,,
,,,,,nan,,
,,,,,nan,,
,,,,,nan,,
,,,,,nan,,
,,,,,nan,,
,,,,,nan,,
,,,,,nan,,
,,,,,nan,,
,,,,,nan,,
,,,,,nan,,
,,,,,nan,,
,,,,,nan,,
,,,,,nan,,
,,,,,nan,,
,,,,,nan,,
,,,,,nan,,
,,,,,nan,,
,,,,,nan,,
,,,,,nan,,
,,,,,nan,,
,,,,,nan,,
,,,,,nan,,
,,,,,nan,,
,,,,,nan,,
,,,,,nan,,
,,,,,nan,,
,,,,,nan,,
,,,,,nan,,
,,,,,nan,,
,,,,,nan,,
,,,,,nan,,
,,,,,nan,,
,,,,,nan,,
,,,,,nan,,
,,,,,nan,,
,,,,,nan,,
,,,,,nan,,
,,,,,nan,,
,,,,,nan,,
,,,,,nan,,
,,,,,nan,,
,,,,,nan,,
,,,,,nan,,
,,,,,nan,,
,,,,,nan,,
,,,,,nan,,
,,,,,nan,,
,,,,,nan,,
,,,,,nan,,
,,,,,nan,,
,,,,,nan,,
,,,,,nan,,
,,,,,nan,,
,,,,,nan,,
,,,,,nan,,
,,,,,nan,,
,,,,,nan,,
,,,,,nan,,
,,,,,nan,,
,,,,,nan,,
,,,,,nan,,
,,,,,nan,,
,,,,,nan,,
,,,,,nan,,
,,,,,nan,,
,,,,,nan,,
,,,,,nan,,
,,,,,nan,,
,,,,,nan,,
,,,,,nan,,
,,,,,nan,,
,,,,,nan,,
,,,,,nan,,
,,,,,nan,,
,,,,,nan,,
,,,,,nan,,
,,,,,nan,,
,,,,,nan,,
,,,,,nan,,
,,,,,nan,,
,,,,,nan,,
,,,,,nan,,
,,,,,nan,,
,,,,,nan,,
,,,,,nan,,
,,,,,nan,,
,,,,,nan,,
,,,,,nan,,
,,,,,nan,,
,,,,,nan,,
,,,,,nan,,
,,,,,nan,,
,,,,,nan,,
,,,,,nan,,
,,,,,nan,,
,,,,,nan,,
,,,,,nan,,
,,,,,nan,,
,,,,,nan,,
,,,,,nan,,
,,,,,nan,,
,,,,,nan,,
,,,,,nan,,
,,,,,nan,,
,,,,,nan,,
,,,,,nan,,
,,,,,nan,,
,,,,,nan,,
,,,,,nan,,
,,,,,nan,,
,,,,,nan,,
,,,,,nan,,
,,,,,nan,,
,,,,,nan,,
,,,,,nan,,
,,,,,nan,,
,,,,,nan,,
,,,,,nan,,
,,,,,nan,,
,,,,,nan,,
,,,,,nan,,
,,,,,nan,,
,,,,,nan,,
,,,,,nan,,
,,,,,nan,,
,,,,,nan,,
,,,,,nan,,
,,,,,nan,,
,,,,,nan,,
,,,,,nan,,
,,,,,nan,,
,,,,,nan,,
,,,,,nan,,
,,,,,nan,,
,,,,,nan,,
,,,,,nan,,
,,,,,nan,,
,,,,,nan,,
,,,,,nan,,
,,,,,nan,,
,,,,,nan,,
,,,,,nan,,
,,,,,nan,,
,,,,,nan,,
,,,,,nan,,
,,,,,nan,,
,,,,,nan,,
,,,,,nan,,
,,,,,nan,,
,,,,,nan,,
,,,,,nan,,
,,,,,nan,,
,,,,,nan,,
,,,,,nan,,
,,,,,nan,,
,,,,,nan,,
,,,,,nan,,
,,,,,nan,,
,,,,,nan,,
,,,,,nan,,
,,,,,nan,,
,,,,,nan,,
,,,,,nan,,
,,,,,nan,,
,,,,,nan,,
,,,,,nan,,
,,,,,nan,,
,,,,,nan,,
,,,,,nan,,
,,,,,nan,,
,,,,,nan,,
,,,,,nan,,
,,,,,nan,,
,,,,,nan,,
,,,,,nan,,
,,,,,nan,,
,,,,,nan,,
,,,,,nan,,
,,,,,nan,,
,,,,,nan,,
,,,,,nan,,
,,,,,nan,,
,,,,,nan,,
,,,,,nan,,
,,,,,nan,,
,,,,,nan,,
,,,,,nan,,
,,,,,nan,,
,,,,,nan,,
,,,,,nan,,
,,,,,nan,,
,,,,,nan,,
,,,,,nan,,
,,,,,nan,,
,,,,,nan,,
,,,,,nan,,
,,,,,nan,,
,,,,,nan,,
,,,,,nan,,
,,,,,nan,,
,,,,,nan,,
,,,,,nan,,
,,,,,nan,,
,,,,,nan,,
,,,,,nan,,
,,,,,nan,,
,,,,,nan,,
,,,,,nan,,
,,,,,nan,,
,,,,,nan,,
,,,,,nan,,
,,,,,nan,,
,,,,,nan,,
,,,,,nan,,
,,,,,nan,,
,,,,,nan,,
,,,,,nan,,
,,,,,nan,,
,,,,,nan,,
,,,,,nan,,
,,,,,nan,,
,,,,,nan,,
,,,,,nan,,
,,,,,nan,,
,,,,,nan,,
,,,,,nan,,
,,,,,nan,,
,,,,,nan,,
,,,,,nan,,
,,,,,nan,,
,,,,,nan,,
,,,,,nan,,
,,,,,nan,,
,,,,,nan,,
,,,,,nan,,
,,,,,nan,,
,,,,,nan,,
,,,,,nan,,
,,,,,nan,,
,,,,,nan,,
,,,,,nan,,
,,,,,nan,,
,,,,,nan,,
,,,,,nan,,
,,,,,nan,,
,,,,,nan,,
,,,,,nan,,
,,,,,nan,,
,,,,,nan,,
,,,,,nan,,
,,,,,nan,,
,,,,,nan,,
,,,,,nan,,
,,,,,nan,,
,,,,,nan,,
,,,,,nan,,
,,,,,nan,,
,,,,,nan,,
,,,,,nan,,
,,,,,nan,,
,,,,,nan,,
,,,,,nan,,
,,,,,nan,,
,,,,,nan,,
,,,,,nan,,
,,,,,nan,,
,,,,,nan,,
,,,,,nan,,
,,,,,nan,,
,,,,,nan,,
,,,,,nan,,
,,,,,nan,,
,,,,,nan,,
,,,,,nan,,
,,,,,nan,,
,,,,,nan,,
,,,,,nan,,
,,,,,nan,,
,,,,,nan,,
,,,,,nan,,
,,,,,nan,,
,,,,,nan,,
,,,,,nan,,
,,,,,nan,,
,,,,,nan,,
,,,,,nan,,
,,,,,nan,,
,,,,,nan,,
,,,,,nan,,
,,,,,nan,,
,,,,,nan,,
,,,,,nan,,
,,,,,nan,,
,,,,,nan,,
,,,,,nan,,
,,,,,nan,,
,,,,,nan,,
,,,,,nan,,
,,,,,nan,,
,,,,,nan,,
,,,,,nan,,
,,,,,nan,,
,,,,,nan,,
,,,,,nan,,
,,,,,nan,,
,,,,,nan,,
,,,,,nan,,
,,,,,nan,,
,,,,,nan,,
,,,,,nan,,
,,,,,nan,,
,,,,,nan,,
,,,,,nan,,
,,,,,nan,,
,,,,,nan,,
,,,,,nan,,
,,,,,nan,,
,,,,,nan,,
,,,,,nan,,
,,,,,nan,,
,,,,,nan,,
,,,,,nan,,
,,,,,nan,,
,,,,,nan,,
,,,,,nan,,
,,,,,nan,,
,,,,,nan,,
,,,,,nan,,
,,,,,nan,,
,,,,,nan,,
,,,,,nan,,
,,,,,nan,,
,,,,,nan,,
,,,,,nan,,
,,,,,nan,,
,,,,,nan,,
,,,,,nan,,
,,,,,nan,,
,,,,,nan,,
,,,,,nan,,
,,,,,nan,,
,,,,,nan,,
,,,,,nan,,
,,,,,nan,,
,,,,,nan,,
,,,,,nan,,
,,,,,nan,,
,,,,,nan,,
,,,,,nan,,
,,,,,nan,,
,,,,,nan,,
,,,,,nan,,
,,,,,nan,,
,,,,,nan,,
,,,,,nan,,
,,,,,nan,,
,,,,,nan,,
,,,,,nan,,
,,,,,nan,,
,,,,,nan,,
,,,,,nan,,
,,,,,nan,,
,,,,,nan,,
,,,,,nan,,
,,,,,nan,,
,,,,,nan,,
,,,,,nan,,
,,,,,nan,,
,,,,,nan,,
,,,,,nan,,
,,,,,nan,,
,,,,,nan,,
,,,,,nan,,
,,,,,nan,,
,,,,,nan,,
,,,,,nan,,
,,,,,nan,,
,,,,,nan,,
,,,,,nan,,
,,,,,nan,,
,,,,,nan,,
,,,,,nan,,
,,,,,nan,,
,,,,,nan,,
,,,,,nan,,
,,,,,nan,,
,,,,,nan,,
,,,,,nan,,
,,,,,nan,,
,,,,,nan,,
,,,,,nan,,
,,,,,nan,,
,,,,,nan,,
,,,,,nan,,
,,,,,nan,,
,,,,,nan,,
,,,,,nan,,
,,,,,nan,,
,,,,,nan,,
,,,,,nan,,
,,,,,nan,,
,,,,,nan,,
,,,,,nan,,
,,,,,nan,,
,,,,,nan,,
,,,,,nan,,
,,,,,nan,,
,,,,,nan,,
,,,,,nan,,
,,,,,nan,,
,,,,,nan,,
,,,,,nan,,
,,,,,nan,,
,,,,,nan,,
,,,,,nan,,
,,,,,nan,,
,,,,,nan,,
,,,,,nan,,
,,,,,nan,,
,,,,,nan,,
,,,,,nan,,
,,,,,nan,,
,,,,,nan,,
,,,,,nan,,
,,,,,nan,,
,,,,,nan,,
,,,,,nan,,
,,,,,nan,,
,,,,,nan,,
,,,,,nan,,
,,,,,nan,,
,,,,,nan,,
,,,,,nan,,
,,,,,nan,,
,,,,,nan,,
,,,,,nan,,
,,,,,nan,,
,,,,,nan,,
,,,,,nan,,
,,,,,nan,,
,,,,,nan,,
,,,,,nan,,
,,,,,nan,,
,,,,,nan,,
,,,,,nan,,
,,,,,nan,,
,,,,,nan,,
,,,,,nan,,
,,,,,nan,,
,,,,,nan,,
,,,,,nan,,
,,,,,nan,,
,,,,,nan,,
,,,,,nan,,
,,,,,nan,,
,,,,,nan,,
,,,,,nan,,
,,,,,nan,,
,,,,,nan,,
,,,,,nan,,
,,,,,nan,,
,,,,,nan,,
,,,,,nan,,
,,,,,nan,,
,,,,,nan,,
,,,,,nan,,
,,,,,nan,,
,,,,,nan,,
,,,,,nan,,
,,,,,nan,,
,,,,,nan,,
,,,,,nan,,
,,,,,nan,,
,,,,,nan,,
,,,,,nan,,
,,,,,nan,,
,,,,,nan,,
,,,,,nan,,
,,,,,nan,,
,,,,,nan,,
,,,,,nan,,
,,,,,nan,,
,,,,,nan,,
,,,,,nan,,
,,,,,nan,,
,,,,,nan,,
,,,,,nan,,
,,,,,nan,,
,,,,,nan,,
,,,,,nan,,
,,,,,nan,,
,,,,,nan,,
,,,,,nan,,
,,,,,nan,,
,,,,,nan,,
,,,,,nan,,
,,,,,nan,,
,,,,,nan,,
,,,,,nan,,
,,,,,nan,,
,,,,,nan,,
,,,,,nan,,
,,,,,nan,,
,,,,,nan,,
,,,,,nan,,
,,,,,nan,,
,,,,,nan,,
,,,,,nan,,
,,,,,nan,,
,,,,,nan,,
,,,,,nan,,
,,,,,nan,,
,,,,,nan,,
,,,,,nan,,
,,,,,nan,,
,,,,,nan,,
,,,,,nan,,
,,,,,nan,,
,,,,,nan,,
,,,,,nan,,
,,,,,nan,,
,,,,,nan,,
,,,,,nan,,
,,,,,nan,,
,,,,,nan,,
,,,,,nan,,
,,,,,nan,,
,,,,,nan,,
,,,,,nan,,
,,,,,nan,,
,,,,,nan,,
,,,,,nan,,
,,,,,nan,,
,,,,,nan,,
,,,,,nan,,
,,,,,nan,,
,,,,,nan,,
,,,,,nan,,
,,,,,nan,,
,,,,,nan,,
,,,,,nan,,
,,,,,nan,,
,,,,,nan,,
,,,,,nan,,
,,,,,nan,,
,,,,,nan,,
,,,,,nan,,
,,,,,nan,,
,,,,,nan,,
,,,,,nan,,
,,,,,nan,,
,,,,,nan,,
,,,,,nan,,
,,,,,nan,,
,,,,,nan,,
,,,,,nan,,
,,,,,nan,,
,,,,,nan,,
,,,,,nan,,
,,,,,nan,,
,,,,,nan,,
,,,,,nan,,
,,,,,nan,,
,,,,,nan,,
,,,,,nan,,
,,,,,nan,,
,,,,,nan,,
,,,,,nan,,
,,,,,nan,,
,,,,,nan,,
,,,,,nan,,
,,,,,nan,,
,,,,,nan,,
,,,,,nan,,
,,,,,nan,,
,,,,,nan,,
,,,,,nan,,
,,,,,nan,,
,,,,,nan,,
,,,,,nan,,
,,,,,nan,,
,,,,,nan,,
,,,,,nan,,
,,,,,nan,,
,,,,,nan,,
,,,,,nan,,
,,,,,nan,,
,,,,,nan,,
,,,,,nan,,
,,,,,nan,,
,,,,,nan,,
,,,,,nan,,
,,,,,nan,,
,,,,,nan,,
,,,,,nan,,
,,,,,nan,,
,,,,,nan,,
,,,,,nan,,
,,,,,nan,,
,,,,,nan,,
,,,,,nan,,
,,,,,nan,,
,,,,,nan,,
,,,,,nan,,
,,,,,nan,,
,,,,,nan,,
,,,,,nan,,
,,,,,nan,,
,,,,,nan,,
,,,,,nan,,
,,,,,nan,,
,,,,,nan,,
,,,,,nan,,
,,,,,nan,,
,,,,,nan,,
,,,,,nan,,
,,,,,nan,,
,,,,,nan,,
,,,,,nan,,
,,,,,nan,,
,,,,,nan,,
,,,,,nan,,
,,,,,nan,,
,,,,,nan,,
,,,,,nan,,
,,,,,nan,,
,,,,,nan,,
,,,,,nan,,
,,,,,nan,,
,,,,,nan,,
,,,,,nan,,
,,,,,nan,,
,,,,,nan,,
,,,,,nan,,
,,,,,nan,,
,,,,,nan,,
,,,,,nan,,
,,,,,nan,,
,,,,,nan,,
,,,,,nan,,
,,,,,nan,,
,,,,,nan,,
,,,,,nan,,
,,,,,nan,,
,,,,,nan,,
,,,,,nan,,
,,,,,nan,,
,,,,,nan,,
,,,,,nan,,
,,,,,nan,,
,,,,,nan,,
,,,,,nan,,
,,,,,nan,,
,,,,,nan,,
,,,,,nan,,
,,,,,nan,,
,,,,,nan,,
,,,,,nan,,
,,,,,nan,,
,,,,,nan,,
,,,,,nan,,
,,,,,nan,,
,,,,,nan,,
,,,,,nan,,
,,,,,nan,,
,,,,,nan,,
,,,,,nan,,
,,,,,nan,,
,,,,,nan,,
,,,,,nan,,
,,,,,nan,,
,,,,,nan,,
,,,,,nan,,
,,,,,nan,,
,,,,,nan,,
,,,,,nan,,
,,,,,nan,,
,,,,,nan,,
,,,,,nan,,
,,,,,nan,,
,,,,,nan,,
,,,,,nan,,
,,,,,nan,,
,,,,,nan,,
,,,,,nan,,
,,,,,nan,,
,,,,,nan,,
,,,,,nan,,
,,,,,nan,,
,,,,,nan,,
,,,,,nan,,
,,,,,nan,,
,,,,,nan,,
,,,,,nan,,
,,,,,nan,,
,,,,,nan,,
,,,,,nan,,
,,,,,nan,,
,,,,,nan,,
,,,,,nan,,
,,,,,nan,,
,,,,,nan,,
,,,,,nan,,
,,,,,nan,,
,,,,,nan,,
,,,,,nan,,
,,,,,nan,,
,,,,,nan,,
,,,,,nan,,
,,,,,nan,,
,,,,,nan,,
,,,,,nan,,
,,,,,nan,,
,,,,,nan,,
,,,,,nan,,
,,,,,nan,,
,,,,,nan,,
,,,,,nan,,
,,,,,nan,,
,,,,,nan,,
,,,,,nan,,
,,,,,nan,,
,,,,,nan,,
,,,,,nan,,
,,,,,nan,,
,,,,,nan,,
,,,,,nan,,
,,,,,nan,,
,,,,,nan,,
,,,,,nan,,
,,,,,nan,,
,,,,,nan,,
,,,,,nan,,
,,,,,nan,,
,,,,,nan,,
,,,,,nan,,
,,,,,nan,,
,,,,,nan,,
,,,,,nan,,
,,,,,nan,,
,,,,,nan,,
,,,,,nan,,
,,,,,nan,,
,,,,,nan,,
,,,,,nan,,
,,,,,nan,,
,,,,,nan,,
,,,,,nan,,
,,,,,nan,,
,,,,,nan,,
,,,,,nan,,
,,,,,nan,,
,,,,,nan,,
,,,,,nan,,
,,,,,nan,,
,,,,,nan,,
,,,,,nan,,
,,,,,nan,,
,,,,,nan,,
,,,,,nan,,
,,,,,nan,,
,,,,,nan,,
,,,,,nan,,
,,,,,nan,,
,,,,,nan,,
,,,,,nan,,
,,,,,nan,,
,,,,,nan,,
,,,,,nan,,
,,,,,nan,,
,,,,,nan,,
,,,,,nan,,
,,,,,nan,,
,,,,,nan,,
,,,,,nan,,
,,,,,nan,,
,,,,,nan,,
,,,,,nan,,
,,,,,nan,,
,,,,,nan,,
,,,,,nan,,
,,,,,nan,,
,,,,,nan,,
,,,,,nan,,
,,,,,nan,,
,,,,,nan,,
,,,,,nan,,
,,,,,nan,,
,,,,,nan,,
,,,,,nan,,
,,,,,nan,,
,,,,,nan,,
,,,,,nan,,
,,,,,nan,,
,,,,,nan,,
,,,,,nan,,
,,,,,nan,,
,,,,,nan,,
,,,,,nan,,
,,,,,nan,,
,,,,,nan,,
,,,,,nan,,
,,,,,nan,,
,,,,,nan,,
,,,,,nan,,
,,,,,nan,,
,,,,,nan,,
,,,,,nan,,
,,,,,nan,,
,,,,,nan,,
,,,,,nan,,
,,,,,nan,,
,,,,,nan,,
,,,,,nan,,
,,,,,nan,,
,,,,,nan,,
,,,,,nan,,
,,,,,nan,,
,,,,,nan,,
,,,,,nan,,
,,,,,nan,,
,,,,,nan,,
,,,,,nan,,
,,,,,nan,,
,,,,,nan,,
,,,,,nan,,
,,,,,nan,,
,,,,,nan,,
,,,,,nan,,
,,,,,nan,,
,,,,,nan,,
,,,,,nan,,
,,,,,nan,,
,,,,,nan,,
,,,,,nan,,
,,,,,nan,,
,,,,,nan,,
,,,,,nan,,
,,,,,nan,,
,,,,,nan,,
,,,,,nan,,
,,,,,nan,,
,,,,,nan,,
,,,,,nan,,
,,,,,nan,,
,,,,,nan,,
,,,,,nan,,
,,,,,nan,,
,,,,,nan,,
,,,,,nan,,
,,,,,nan,,
,,,,,nan,,
,,,,,nan,,
,,,,,nan,,
,,,,,nan,,
,,,,,nan,,
,,,,,nan,,
,,,,,nan,,
,,,,,nan,,
,,,,,nan,,
,,,,,nan,,
,,,,,nan,,
,,,,,nan,,
,,,,,nan,,
,,,,,nan,,
,,,,,nan,,
,,,,,nan,,
,,,,,nan,,
,,,,,nan,,
,,,,,nan,,
,,,,,nan,,
,,,,,nan,,
,,,,,nan,,
,,,,,nan,,
,,,,,nan,,
,,,,,nan,,
,,,,,nan,,
,,,,,nan,,
,,,,,nan,,
,,,,,nan,,
,,,,,nan,,
,,,,,nan,,
,,,,,nan,,
,,,,,nan,,
,,,,,nan,,
,,,,,nan,,
,,,,,nan,,
,,,,,nan,,
,,,,,nan,,
,,,,,nan,,
,,,,,nan,,
,,,,,nan,,
,,,,,nan,,
,,,,,nan,,
,,,,,nan,,
,,,,,nan,,
,,,,,nan,,
,,,,,nan,,
,,,,,nan,,
,,,,,nan,,
,,,,,nan,,
,,,,,nan,,
,,,,,nan,,
,,,,,nan,,
,,,,,nan,,
,,,,,nan,,
,,,,,nan,,
,,,,,nan,,
,,,,,nan,,
,,,,,nan,,
,,,,,nan,,
,,,,,nan,,
,,,,,nan,,
,,,,,nan,,
,,,,,nan,,
,,,,,nan,,
,,,,,nan,,
,,,,,nan,,
,,,,,nan,,
,,,,,nan,,
,,,,,nan,,
,,,,,nan,,
,,,,,nan,,
,,,,,nan,,
,,,,,nan,,
,,,,,nan,,
,,,,,nan,,
,,,,,nan,,
,,,,,nan,,
,,,,,nan,,
,,,,,nan,,
,,,,,nan,,
,,,,,nan,,
,,,,,nan,,
,,,,,nan,,
,,,,,nan,,
,,,,,nan,,
,,,,,nan,,
,,,,,nan,,
,,,,,nan,,
,,,,,nan,,
,,,,,nan,,
,,,,,nan,,
,,,,,nan,,
,,,,,nan,,
,,,,,nan,,
,,,,,nan,,
,,,,,nan,,
,,,,,nan,,
,,,,,nan,,
,,,,,nan,,
,,,,,nan,,
,,,,,nan,,
,,,,,nan,,
,,,,,nan,,
,,,,,nan,,
,,,,,nan,,
,,,,,nan,,
,,,,,nan,,
,,,,,nan,,
,,,,,nan,,
,,,,,nan,,
,,,,,nan,,
,,,,,nan,,
,,,,,nan,,
,,,,,nan,,
,,,,,nan,,
,,,,,nan,,
,,,,,nan,,
,,,,,nan,,
,,,,,nan,,
,,,,,nan,,
,,,,,nan,,
,,,,,nan,,
,,,,,nan,,
,,,,,nan,,
,,,,,nan,,
,,,,,nan,,
,,,,,nan,,
,,,,,nan,,
,,,,,nan,,
,,,,,nan,,
,,,,,nan,,
,,,,,nan,,
,,,,,nan,,
,,,,,nan,,
,,,,,nan,,
,,,,,nan,,
,,,,,nan,,
,,,,,nan,,
,,,,,nan,,
,,,,,nan,,
,,,,,nan,,
,,,,,nan,,
,,,,,nan,,
,,,,,nan,,
,,,,,nan,,
,,,,,nan,,
,,,,,nan,,
,,,,,nan,,
,,,,,nan,,
,,,,,nan,,
,,,,,nan,,
,,,,,nan,,
,,,,,nan,,
,,,,,nan,,
,,,,,nan,,
,,,,,nan,,
,,,,,nan,,
,,,,,nan,,
,,,,,nan,,
,,,,,nan,,
,,,,,nan,,
,,,,,nan,,
,,,,,nan,,
,,,,,nan,,
,,,,,nan,,
,,,,,nan,,
,,,,,nan,,
,,,,,nan,,
,,,,,nan,,
,,,,,nan,,
,,,,,nan,,
,,,,,nan,,
,,,,,nan,,
,,,,,nan,,
,,,,,nan,,
,,,,,nan,,
,,,,,nan,,
,,,,,nan,,
,,,,,nan,,
,,,,,nan,,
,,,,,nan,,
,,,,,nan,,
,,,,,nan,,
,,,,,nan,,
,,,,,nan,,
,,,,,nan,,
,,,,,nan,,
,,,,,nan,,
,,,,,nan,,
,,,,,nan,,
,,,,,nan,,
,,,,,nan,,
,,,,,nan,,
,,,,,nan,,
,,,,,nan,,
,,,,,nan,,
,,,,,nan,,
,,,,,nan,,
,,,,,nan,,
,,,,,nan,,
,,,,,nan,,
,,,,,nan,,
,,,,,nan,,
,,,,,nan,,
,,,,,nan,,
,,,,,nan,,
,,,,,nan,,
,,,,,nan,,
,,,,,nan,,
,,,,,nan,,
,,,,,nan,,
,,,,,nan,,
,,,,,nan,,
,,,,,nan,,
,,,,,nan,,
,,,,,nan,,
,,,,,nan,,
,,,,,nan,,
,,,,,nan,,
,,,,,nan,,
,,,,,nan,,
,,,,,nan,,
,,,,,nan,,
,,,,,nan,,
,,,,,nan,,
,,,,,nan,,
,,,,,nan,,
,,,,,nan,,
,,,,,nan,,
,,,,,nan,,
,,,,,nan,,
,,,,,nan,,
,,,,,nan,,
,,,,,nan,,
,,,,,nan,,
,,,,,nan,,
,,,,,nan,,
,,,,,nan,,
,,,,,nan,,
,,,,,nan,,
,,,,,nan,,
,,,,,nan,,
,,,,,nan,,
,,,,,nan,,
,,,,,nan,,
,,,,,nan,,
,,,,,nan,,
,,,,,nan,,
,,,,,nan,,
,,,,,nan,,
,,,,,nan,,
,,,,,nan,,
,,,,,nan,,
,,,,,nan,,
,,,,,nan,,
,,,,,nan,,
,,,,,nan,,
,,,,,nan,,
,,,,,nan,,
,,,,,nan,,
,,,,,nan,,
,,,,,nan,,
,,,,,nan,,
,,,,,nan,,
,,,,,nan,,
,,,,,nan,,
,,,,,nan,,
,,,,,nan,,
,,,,,nan,,
,,,,,nan,,
,,,,,nan,,
,,,,,nan,,
,,,,,nan,,
,,,,,nan,,
,,,,,nan,,
,,,,,nan,,
,,,,,nan,,
,,,,,nan,,
,,,,,nan,,
,,,,,nan,,
,,,,,nan,,
,,,,,nan,,
,,,,,nan,,
,,,,,nan,,
,,,,,nan,,
,,,,,nan,,
,,,,,nan,,
,,,,,nan,,
,,,,,nan,,
,,,,,nan,,
,,,,,nan,,
,,,,,nan,,
,,,,,nan,,
,,,,,nan,,
,,,,,nan,,
,,,,,nan,,
,,,,,nan,,
,,,,,nan,,
,,,,,nan,,
,,,,,nan,,
,,,,,nan,,
,,,,,nan,,
,,,,,nan,,
,,,,,nan,,
,,,,,nan,,
,,,,,nan,,
,,,,,nan,,
,,,,,nan,,
,,,,,nan,,
,,,,,nan,,
,,,,,nan,,
,,,,,nan,,
,,,,,nan,,
,,,,,nan,,
,,,,,nan,,
,,,,,nan,,
,,,,,nan,,
,,,,,nan,,
,,,,,nan,,
,,,,,nan,,
,,,,,nan,,
,,,,,nan,,
,,,,,nan,,
,,,,,nan,,
,,,,,nan,,
,,,,,nan,,
,,,,,nan,,
,,,,,nan,,
,,,,,nan,,
,,,,,nan,,
,,,,,nan,,
,,,,,nan,,
,,,,,nan,,
,,,,,nan,,
,,,,,nan,,
,,,,,nan,,
,,,,,nan,,
,,,,,nan,,
,,,,,nan,,
,,,,,nan,,
,,,,,nan,,
,,,,,nan,,
,,,,,nan,,
,,,,,nan,,
,,,,,nan,,
,,,,,nan,,
,,,,,nan,,
,,,,,nan,,
,,,,,nan,,
,,,,,nan,,
,,,,,nan,,
,,,,,nan,,
,,,,,nan,,
,,,,,nan,,
,,,,,nan,,
,,,,,nan,,
,,,,,nan,,
,,,,,nan,,
,,,,,nan,,
,,,,,nan,,
,,,,,nan,,
,,,,,nan,,
,,,,,nan,,
,,,,,nan,,
,,,,,nan,,
,,,,,nan,,
,,,,,nan,,
,,,,,nan,,
,,,,,nan,,
,,,,,nan,,
,,,,,nan,,
,,,,,nan,,
,,,,,nan,,
,,,,,nan,,
,,,,,nan,,
,,,,,nan,,
,,,,,nan,,
,,,,,nan,,
,,,,,nan,,
,,,,,nan,,
,,,,,nan,,
,,,,,nan,,
,,,,,nan,,
,,,,,nan,,
,,,,,nan,,
,,,,,nan,,
,,,,,nan,,
,,,,,nan,,
,,,,,nan,,
,,,,,nan,,
,,,,,nan,,
,,,,,nan,,
,,,,,nan,,
,,,,,nan,,
,,,,,nan,,
,,,,,nan,,
,,,,,nan,,
,,,,,nan,,
,,,,,nan,,
,,,,,nan,,
,,,,,nan,,
,,,,,nan,,
,,,,,nan,,
,,,,,nan,,
,,,,,nan,,
,,,,,nan,,
,,,,,nan,,
,,,,,nan,,
,,,,,nan,,
,,,,,nan,,
,,,,,nan,,
,,,,,nan,,
,,,,,nan,,
,,,,,nan,,
,,,,,nan,,
,,,,,nan,,
,,,,,nan,,
,,,,,nan,,
,,,,,nan,,
,,,,,nan,,
,,,,,nan,,
,,,,,nan,,
,,,,,nan,,
,,,,,nan,,
,,,,,nan,,
,,,,,nan,,
,,,,,nan,,
,,,,,nan,,
,,,,,nan,,
,,,,,nan,,
,,,,,nan,,
,,,,,nan,,
,,,,,nan,,
,,,,,nan,,
,,,,,nan,,
,,,,,nan,,
,,,,,nan,,
,,,,,nan,,
,,,,,nan,,
,,,,,nan,,
,,,,,nan,,
,,,,,nan,,
,,,,,nan,,
,,,,,nan,,
,,,,,nan,,
,,,,,nan,,
,,,,,nan,,
,,,,,nan,,
,,,,,nan,,
,,,,,nan,,
,,,,,nan,,
,,,,,nan,,
,,,,,nan,,
,,,,,nan,,
,,,,,nan,,
,,,,,nan,,
,,,,,nan,,
,,,,,nan,,
,,,,,nan,,
,,,,,nan,,
,,,,,nan,,
,,,,,nan,,
,,,,,nan,,
,,,,,nan,,
,,,,,nan,,
,,,,,nan,,
,,,,,nan,,
,,,,,nan,,
,,,,,nan,,
,,,,,nan,,
,,,,,nan,,
,,,,,nan,,
,,,,,nan,,
,,,,,nan,,
,,,,,nan,,
,,,,,nan,,
,,,,,nan,,
,,,,,nan,,
,,,,,nan,,
,,,,,nan,,
,,,,,nan,,
,,,,,nan,,
,,,,,nan,,
,,,,,nan,,
,,,,,nan,,
,,,,,nan,,
,,,,,nan,,
,,,,,nan,,
,,,,,nan,,
,,,,,nan,,
,,,,,nan,,
,,,,,nan,,
,,,,,nan,,
,,,,,nan,,
,,,,,nan,,
,,,,,nan,,
,,,,,nan,,
,,,,,nan,,
,,,,,nan,,
,,,,,nan,,
,,,,,nan,,
,,,,,nan,,
,,,,,nan,,
,,,,,nan,,
,,,,,nan,,
,,,,,nan,,
,,,,,nan,,
,,,,,nan,,
,,,,,nan,,
,,,,,nan,,
,,,,,nan,,
,,,,,nan,,
,,,,,nan,,
,,,,,nan,,
,,,,,nan,,
,,,,,nan,,
,,,,,nan,,
,,,,,nan,,
,,,,,nan,,
,,,,,nan,,
,,,,,nan,,
,,,,,nan,,
,,,,,nan,,
,,,,,nan,,
,,,,,nan,,
,,,,,nan,,
,,,,,nan,,
,,,,,nan,,
,,,,,nan,,
,,,,,nan,,
,,,,,nan,,
,,,,,nan,,
,,,,,nan,,
,,,,,nan,,
,,,,,nan,,
,,,,,nan,,
,,,,,nan,,
,,,,,nan,,
,,,,,nan,,
,,,,,nan,,
,,,,,nan,,
,,,,,nan,,
,,,,,nan,,
,,,,,nan,,
,,,,,nan,,
,,,,,nan,,
,,,,,nan,,
,,,,,nan,,
,,,,,nan,,
,,,,,nan,,
,,,,,nan,,
,,,,,nan,,
,,,,,nan,,
,,,,,nan,,
,,,,,nan,,
,,,,,nan,,
,,,,,nan,,
,,,,,nan,,
,,,,,nan,,
,,,,,nan,,
,,,,,nan,,
,,,,,nan,,
,,,,,nan,,
,,,,,nan,,
,,,,,nan,,
,,,,,nan,,
,,,,,nan,,
,,,,,nan,,
,,,,,nan,,
,,,,,nan,,
,,,,,nan,,
,,,,,nan,,
,,,,,nan,,
,,,,,nan,,
,,,,,nan,,
,,,,,nan,,
,,,,,nan,,
,,,,,nan,,
,,,,,nan,,
,,,,,nan,,
,,,,,nan,,
,,,,,nan,,
,,,,,nan,,
,,,,,nan,,
,,,,,nan,,
,,,,,nan,,
,,,,,nan,,
,,,,,nan,,
,,,,,nan,,
,,,,,nan,,
,,,,,nan,,
,,,,,nan,,
,,,,,nan,,
,,,,,nan,,
,,,,,nan,,
,,,,,nan,,
,,,,,nan,,
,,,,,nan,,
,,,,,nan,,
,,,,,nan,,
,,,,,nan,,
,,,,,nan,,
,,,,,nan,,
,,,,,nan,,
,,,,,nan,,
,,,,,nan,,
,,,,,nan,,
,,,,,nan,,
,,,,,nan,,
,,,,,nan,,
,,,,,nan,,
,,,,,nan,,
,,,,,nan,,
,,,,,nan,,
,,,,,nan,,
,,,,,nan,,
,,,,,nan,,
,,,,,nan,,
,,,,,nan,,
,,,,,nan,,
,,,,,nan,,
,,,,,nan,,
,,,,,nan,,
,,,,,nan,,
,,,,,nan,,
,,,,,nan,,
,,,,,nan,,
,,,,,nan,,
,,,,,nan,,
,,,,,nan,,
,,,,,nan,,
,,,,,nan,,
,,,,,nan,,
,,,,,nan,,
,,,,,nan,,
,,,,,nan,,
,,,,,nan,,
,,,,,nan,,
,,,,,nan,,
,,,,,nan,,
,,,,,nan,,
,,,,,nan,,
,,,,,nan,,
,,,,,nan,,
,,,,,nan,,
,,,,,nan,,
,,,,,nan,,
,,,,,nan,,
,,,,,nan,,
,,,,,nan,,
,,,,,nan,,
,,,,,nan,,
,,,,,nan,,
,,,,,nan,,
,,,,,nan,,
,,,,,nan,,
,,,,,nan,,
,,,,,nan,,
,,,,,nan,,
,,,,,nan,,
,,,,,nan,,
,,,,,nan,,
,,,,,nan,,
,,,,,nan,,
,,,,,nan,,
,,,,,nan,,
,,,,,nan,,
,,,,,nan,,
,,,,,nan,,
,,,,,nan,,
,,,,,nan,,
,,,,,nan,,
,,,,,nan,,
,,,,,nan,,
,,,,,nan,,
,,,,,nan,,
,,,,,nan,,
,,,,,nan,,
,,,,,nan,,
,,,,,nan,,
,,,,,nan,,
,,,,,nan,,
,,,,,nan,,
,,,,,nan,,
,,,,,nan,,
,,,,,nan,,
,,,,,nan,,
,,,,,nan,,
,,,,,nan,,
,,,,,nan,,
,,,,,nan,,
,,,,,nan,,
,,,,,nan,,
,,,,,nan,,
,,,,,nan,,
,,,,,nan,,
,,,,,nan,,
,,,,,nan,,
,,,,,nan,,
,,,,,nan,,
,,,,,nan,,
,,,,,nan,,
,,,,,nan,,
,,,,,nan,,
,,,,,nan,,
,,,,,nan,,
,,,,,nan,,
,,,,,nan,,
,,,,,nan,,
,,,,,nan,,
,,,,,nan,,
,,,,,nan,,
,,,,,nan,,
,,,,,nan,,
,,,,,nan,,
,,,,,nan,,
,,,,,nan,,
,,,,,nan,,
,,,,,nan,,
,,,,,nan,,
,,,,,nan,,
,,,,,nan,,
,,,,,nan,,
,,,,,nan,,
,,,,,nan,,
,,,,,nan,,
,,,,,nan,,
,,,,,nan,,
,,,,,nan,,
,,,,,nan,,
,,,,,nan,,
,,,,,nan,,
,,,,,nan,,
,,,,,nan,,
,,,,,nan,,
,,,,,nan,,
,,,,,nan,,
,,,,,nan,,
,,,,,nan,,
,,,,,nan,,
,,,,,nan,,
,,,,,nan,,
,,,,,nan,,
,,,,,nan,,
,,,,,nan,,
,,,,,nan,,
,,,,,nan,,
,,,,,nan,,
,,,,,nan,,
,,,,,nan,,
,,,,,nan,,
,,,,,nan,,
,,,,,nan,,
,,,,,nan,,
,,,,,nan,,
,,,,,nan,,
,,,,,nan,,
,,,,,nan,,
,,,,,nan,,
,,,,,nan,,
,,,,,nan,,
,,,,,nan,,
,,,,,nan,,
,,,,,nan,,
,,,,,nan,,
,,,,,nan,,
,,,,,nan,,
,,,,,nan,,
,,,,,nan,,
,,,,,nan,,
,,,,,nan,,
,,,,,nan,,
,,,,,nan,,
,,,,,nan,,
,,,,,nan,,
,,,,,nan,,
,,,,,nan,,
,,,,,nan,,
,,,,,nan,,
,,,,,nan,,
,,,,,nan,,
,,,,,nan,,
,,,,,nan,,
,,,,,nan,,
,,,,,nan,,
,,,,,nan,,
,,,,,nan,,
,,,,,nan,,
,,,,,nan,,
,,,,,nan,,
,,,,,nan,,
,,,,,nan,,
,,,,,nan,,
,,,,,nan,,
,,,,,nan,,
,,,,,nan,,
,,,,,nan,,
,,,,,nan,,
,,,,,nan,,
,,,,,nan,,
,,,,,nan,,
,,,,,nan,,
,,,,,nan,,
,,,,,nan,,
,,,,,nan,,
,,,,,nan,,
,,,,,nan,,
,,,,,nan,,
,,,,,nan,,
,,,,,nan,,
,,,,,nan,,
,,,,,nan,,
,,,,,nan,,
,,,,,nan,,
,,,,,nan,,
,,,,,nan,,
,,,,,nan,,
,,,,,nan,,
,,,,,nan,,
,,,,,nan,,
,,,,,nan,,
,,,,,nan,,
,,,,,nan,,
,,,,,nan,,
,,,,,nan,,
,,,,,nan,,
,,,,,nan,,
,,,,,nan,,
,,,,,nan,,
,,,,,nan,,
,,,,,nan,,
,,,,,nan,,
,,,,,nan,,
,,,,,nan,,
,,,,,nan,,
,,,,,nan,,
,,,,,nan,,
,,,,,nan,,
,,,,,nan,,
,,,,,nan,,
,,,,,nan,,
,,,,,nan,,
,,,,,nan,,
,,,,,nan,,
,,,,,nan,,
,,,,,nan,,
,,,,,nan,,
,,,,,nan,,
,,,,,nan,,
,,,,,nan,,
,,,,,nan,,
,,,,,nan,,
,,,,,nan,,
,,,,,nan,,
,,,,,nan,,
,,,,,nan,,
,,,,,nan,,
,,,,,nan,,
,,,,,nan,,
,,,,,nan,,
,,,,,nan,,
,,,,,nan,,
,,,,,nan,,
,,,,,nan,,
,,,,,nan,,
,,,,,nan,,
,,,,,nan,,
,,,,,nan,,
,,,,,nan,,
,,,,,nan,,
,,,,,nan,,
,,,,,nan,,
,,,,,nan,,
,,,,,nan,,
,,,,,nan,,
,,,,,nan,,
,,,,,nan,,
,,,,,nan,,
,,,,,nan,,
,,,,,nan,,
,,,,,nan,,
,,,,,nan,,
,,,,,nan,,
,,,,,nan,,
,,,,,nan,,
,,,,,nan,,
,,,,,nan,,
,,,,,nan,,
,,,,,nan,,
,,,,,nan,,
,,,,,nan,,
,,,,,nan,,
,,,,,nan,,
,,,,,nan,,
,,,,,nan,,
,,,,,nan,,
,,,,,nan,,
,,,,,nan,,
,,,,,nan,,
,,,,,nan,,
,,,,,nan,,
,,,,,nan,,
,,,,,nan,,
,,,,,nan,,
,,,,,nan,,
,,,,,nan,,
,,,,,nan,,
,,,,,nan,,
,,,,,nan,,
,,,,,nan,,
,,,,,nan,,
,,,,,nan,,
,,,,,nan,,
,,,,,nan,,
,,,,,nan,,
,,,,,nan,,
,,,,,nan,,
,,,,,nan,,
,,,,,nan,,
,,,,,nan,,
,,,,,nan,,
,,,,,nan,,
,,,,,nan,,
,,,,,nan,,
,,,,,nan,,
,,,,,nan,,
,,,,,nan,,
,,,,,nan,,
,,,,,nan,,
,,,,,nan,,
,,,,,nan,,
,,,,,nan,,
,,,,,nan,,
,,,,,nan,,
,,,,,nan,,
,,,,,nan,,
,,,,,nan,,
,,,,,nan,,
,,,,,nan,,
,,,,,nan,,
,,,,,nan,,
,,,,,nan,,
,,,,,nan,,
,,,,,nan,,
,,,,,nan,,
,,,,,nan,,
,,,,,nan,,
,,,,,nan,,
,,,,,nan,,
,,,,,nan,,
,,,,,nan,,
,,,,,nan,,
,,,,,nan,,
,,,,,nan,,
,,,,,nan,,
,,,,,nan,,
,,,,,nan,,
,,,,,nan,,
,,,,,nan,,
,,,,,nan,,
,,,,,nan,,
,,,,,nan,,
,,,,,nan,,
,,,,,nan,,
,,,,,nan,,
,,,,,nan,,
,,,,,nan,,
,,,,,nan,,
,,,,,nan,,
,,,,,nan,,
,,,,,nan,,
,,,,,nan,,
,,,,,nan,,
,,,,,nan,,
,,,,,nan,,
,,,,,nan,,
,,,,,nan,,
,,,,,nan,,
,,,,,nan,,
,,,,,nan,,
,,,,,nan,,
,,,,,nan,,
,,,,,nan,,
,,,,,nan,,
,,,,,nan,,
,,,,,nan,,
,,,,,nan,,
,,,,,nan,,
,,,,,nan,,
,,,,,nan,,
,,,,,nan,,
,,,,,nan,,
,,,,,nan,,
,,,,,nan,,
,,,,,nan,,
,,,,,nan,,
,,,,,nan,,
,,,,,nan,,
,,,,,nan,,
,,,,,nan,,
,,,,,nan,,
,,,,,nan,,
,,,,,nan,,
,,,,,nan,,
,,,,,nan,,
,,,,,nan,,
,,,,,nan,,
,,,,,nan,,
,,,,,nan,,
,,,,,nan,,
,,,,,nan,,
,,,,,nan,,
,,,,,nan,,
,,,,,nan,,
,,,,,nan,,
,,,,,nan,,
,,,,,nan,,
,,,,,nan,,
,,,,,nan,,
,,,,,nan,,
,,,,,nan,,
,,,,,nan,,
,,,,,nan,,
,,,,,nan,,
,,,,,nan,,
,,,,,nan,,
,,,,,nan,,
,,,,,nan,,
,,,,,nan,,
,,,,,nan,,
,,,,,nan,,
,,,,,nan,,
,,,,,nan,,
,,,,,nan,,
,,,,,nan,,
,,,,,nan,,
,,,,,nan,,
,,,,,nan,,
,,,,,nan,,
,,,,,nan,,
,,,,,nan,,
,,,,,nan,,
,,,,,nan,,
,,,,,nan,,
,,,,,nan,,
,,,,,nan,,
,,,,,nan,,
,,,,,nan,,
,,,,,nan,,
,,,,,nan,,
,,,,,nan,,
,,,,,nan,,
,,,,,nan,,
,,,,,nan,,
,,,,,nan,,
,,,,,nan,,
,,,,,nan,,
,,,,,nan,,
,,,,,nan,,
,,,,,nan,,
,,,,,nan,,
,,,,,nan,,
,,,,,nan,,
,,,,,nan,,
,,,,,nan,,
,,,,,nan,,
,,,,,nan,,
,,,,,nan,,
,,,,,nan,,
,,,,,nan,,
,,,,,nan,,
,,,,,nan,,
,,,,,nan,,
,,,,,nan,,
,,,,,nan,,
,,,,,nan,,
,,,,,nan,,
,,,,,nan,,
,,,,,nan,,
,,,,,nan,,
,,,,,nan,,
,,,,,nan,,
,,,,,nan,,
,,,,,nan,,
,,,,,nan,,
,,,,,nan,,
,,,,,nan,,
,,,,,nan,,
,,,,,nan,,
,,,,,nan,,
,,,,,nan,,
,,,,,nan,,
,,,,,nan,,
,,,,,nan,,
,,,,,nan,,
,,,,,nan,,
,,,,,nan,,
,,,,,nan,,
,,,,,nan,,
,,,,,nan,,
,,,,,nan,,
,,,,,nan,,
,,,,,nan,,
,,,,,nan,,
,,,,,nan,,
,,,,,nan,,
,,,,,nan,,
,,,,,nan,,
,,,,,nan,,
,,,,,nan,,
,,,,,nan,,
,,,,,nan,,
,,,,,nan,,
,,,,,nan,,
,,,,,nan,,
,,,,,nan,,
,,,,,nan,,
,,,,,nan,,
,,,,,nan,,
,,,,,nan,,
,,,,,nan,,
,,,,,nan,,
,,,,,nan,,
,,,,,nan,,
,,,,,nan,,
,,,,,nan,,
,,,,,nan,,
,,,,,nan,,
,,,,,nan,,
,,,,,nan,,
,,,,,nan,,
,,,,,nan,,
,,,,,nan,,
,,,,,nan,,
,,,,,nan,,
,,,,,nan,,
,,,,,nan,,
,,,,,nan,,
,,,,,nan,,
,,,,,nan,,
,,,,,nan,,
,,,,,nan,,
,,,,,nan,,
,,,,,nan,,
,,,,,nan,,
,,,,,nan,,
,,,,,nan,,
,,,,,nan,,
,,,,,nan,,
,,,,,nan,,
,,,,,nan,,
,,,,,nan,,
,,,,,nan,,
,,,,,nan,,
,,,,,nan,,
,,,,,nan,,
,,,,,nan,,
,,,,,nan,,
,,,,,nan,,
,,,,,nan,,
,,,,,nan,,
,,,,,nan,,
,,,,,nan,,
,,,,,nan,,
,,,,,nan,,
,,,,,nan,,
,,,,,nan,,
,,,,,nan,,
,,,,,nan,,
,,,,,nan,,
,,,,,nan,,
,,,,,nan,,
,,,,,nan,,
,,,,,nan,,
,,,,,nan,,
,,,,,nan,,
,,,,,nan,,
,,,,,nan,,
,,,,,nan,,
,,,,,nan,,
,,,,,nan,,
,,,,,nan,,
,,,,,nan,,
,,,,,nan,,
,,,,,nan,,
,,,,,nan,,
,,,,,nan,,
,,,,,nan,,
,,,,,nan,,
,,,,,nan,,
,,,,,nan,,
,,,,,nan,,
,,,,,nan,,
,,,,,nan,,
,,,,,nan,,
,,,,,nan,,
,,,,,nan,,
,,,,,nan,,
,,,,,nan,,
,,,,,nan,,
,,,,,nan,,
,,,,,nan,,
,,,,,nan,,
,,,,,nan,,
,,,,,nan,,
,,,,,nan,,
,,,,,nan,,
,,,,,nan,,
,,,,,nan,,
,,,,,nan,,
,,,,,nan,,
,,,,,nan,,
,,,,,nan,,
,,,,,nan,,
,,,,,nan,,
,,,,,nan,,
,,,,,nan,,
,,,,,nan,,
,,,,,nan,,
,,,,,nan,,
,,,,,nan,,
,,,,,nan,,
,,,,,nan,,
,,,,,nan,,
,,,,,nan,,
,,,,,nan,,
,,,,,nan,,
,,,,,nan,,
,,,,,nan,,
,,,,,nan,,
,,,,,nan,,
,,,,,nan,,
,,,,,nan,,
,,,,,nan,,
,,,,,nan,,
,,,,,nan,,
,,,,,nan,,
,,,,,nan,,
,,,,,nan,,
,,,,,nan,,
,,,,,nan,,
,,,,,nan,,
,,,,,nan,,
,,,,,nan,,
,,,,,nan,,
,,,,,nan,,
,,,,,nan,,
,,,,,nan,,
,,,,,nan,,
,,,,,nan,,
,,,,,nan,,
,,,,,nan,,
,,,,,nan,,
,,,,,nan,,
,,,,,nan,,
,,,,,nan,,
,,,,,nan,,
,,,,,nan,,
,,,,,nan,,
,,,,,nan,,
,,,,,nan,,
,,,,,nan,,
,,,,,nan,,
,,,,,nan,,
,,,,,nan,,
,,,,,nan,,
,,,,,nan,,
,,,,,nan,,
,,,,,nan,,
,,,,,nan,,
,,,,,nan,,
,,,,,nan,,
,,,,,nan,,
,,,,,nan,,
,,,,,nan,,
,,,,,nan,,
,,,,,nan,,
,,,,,nan,,
,,,,,nan,,
,,,,,nan,,
,,,,,nan,,
,,,,,nan,,
,,,,,nan,,
,,,,,nan,,
,,,,,nan,,
,,,,,nan,,
,,,,,nan,,
,,,,,nan,,
,,,,,nan,,
,,,,,nan,,
,,,,,nan,,
,,,,,nan,,
,,,,,nan,,
,,,,,nan,,
,,,,,nan,,
,,,,,nan,,
,,,,,nan,,
,,,,,nan,,
,,,,,nan,,
,,,,,nan,,
,,,,,nan,,
,,,,,nan,,
,,,,,nan,,
,,,,,nan,,
,,,,,nan,,
,,,,,nan,,
,,,,,nan,,
,,,,,nan,,
,,,,,nan,,
,,,,,nan,,
,,,,,nan,,
,,,,,nan,,
,,,,,nan,,
,,,,,nan,,
,,,,,nan,,
,,,,,nan,,
,,,,,nan,,
,,,,,nan,,
,,,,,nan,,
,,,,,nan,,
,,,,,nan,,
,,,,,nan,,
,,,,,nan,,
,,,,,nan,,
,,,,,nan,,
,,,,,nan,,
,,,,,nan,,
,,,,,nan,,
,,,,,nan,,
,,,,,nan,,
,,,,,nan,,
,,,,,nan,,
,,,,,nan,,
,,,,,nan,,
,,,,,nan,,
,,,,,nan,,
,,,,,nan,,
,,,,,nan,,
,,,,,nan,,
,,,,,nan,,
,,,,,nan,,
,,,,,nan,,
,,,,,nan,,
,,,,,nan,,
,,,,,nan,,
,,,,,nan,,
,,,,,nan,,
,,,,,nan,,
,,,,,nan,,
,,,,,nan,,
,,,,,nan,,
,,,,,nan,,
,,,,,nan,,
,,,,,nan,,
,,,,,nan,,
,,,,,nan,,
,,,,,nan,,
,,,,,nan,,
,,,,,nan,,
,,,,,nan,,
,,,,,nan,,
,,,,,nan,,
,,,,,nan,,
,,,,,nan,,
,,,,,nan,,
,,,,,nan,,
,,,,,nan,,
,,,,,nan,,
,,,,,nan,,
,,,,,nan,,
,,,,,nan,,
,,,,,nan,,
,,,,,nan,,
,,,,,nan,,
,,,,,nan,,
,,,,,nan,,
,,,,,nan,,
,,,,,nan,,
,,,,,nan,,
,,,,,nan,,
,,,,,nan,,
,,,,,nan,,
,,,,,nan,,
,,,,,nan,,
,,,,,nan,,
,,,,,nan,,
,,,,,nan,,
,,,,,nan,,
,,,,,nan,,
,,,,,nan,,
,,,,,nan,,
,,,,,nan,,
,,,,,nan,,
,,,,,nan,,
,,,,,nan,,
,,,,,nan,,
,,,,,nan,,
,,,,,nan,,
,,,,,nan,,
,,,,,nan,,
,,,,,nan,,
,,,,,nan,,
,,,,,nan,,
,,,,,nan,,
,,,,,nan,,
,,,,,nan,,
,,,,,nan,,
,,,,,nan,,
,,,,,nan,,
,,,,,nan,,
,,,,,nan,,
,,,,,nan,,
,,,,,nan,,
,,,,,nan,,
,,,,,nan,,
,,,,,nan,,
,,,,,nan,,
,,,,,nan,,
,,,,,nan,,
,,,,,nan,,
,,,,,nan,,
,,,,,nan,,
,,,,,nan,,
,,,,,nan,,
,,,,,nan,,
,,,,,nan,,
,,,,,nan,,
,,,,,nan,,
,,,,,nan,,
,,,,,nan,,
,,,,,nan,,
,,,,,nan,,
,,,,,nan,,
,,,,,nan,,
,,,,,nan,,
,,,,,nan,,
,,,,,nan,,
,,,,,nan,,
,,,,,nan,,
,,,,,nan,,
,,,,,nan,,
,,,,,nan,,
,,,,,nan,,
,,,,,nan,,
,,,,,nan,,
,,,,,nan,,
,,,,,nan,,
,,,,,nan,,
,,,,,nan,,
,,,,,nan,,
,,,,,nan,,
,,,,,nan,,
,,,,,nan,,
,,,,,nan,,
,,,,,nan,,
,,,,,nan,,
,,,,,nan,,
,,,,,nan,,
,,,,,nan,,
,,,,,nan,,
,,,,,nan,,
,,,,,nan,,
,,,,,nan,,
,,,,,nan,,
,,,,,nan,,
,,,,,nan,,
,,,,,nan,,
,,,,,nan,,
,,,,,nan,,
,,,,,nan,,
,,,,,nan,,
,,,,,nan,,
,,,,,nan,,
,,,,,nan,,
,,,,,nan,,
,,,,,nan,,
,,,,,nan,,
,,,,,nan,,
,,,,,nan,,
,,,,,nan,,
,,,,,nan,,
,,,,,nan,,
,,,,,nan,,
,,,,,nan,,
,,,,,nan,,
,,,,,nan,,
,,,,,nan,,
,,,,,nan,,
,,,,,nan,,
,,,,,nan,,
,,,,,nan,,
,,,,,nan,,
,,,,,nan,,
,,,,,nan,,
,,,,,nan,,
,,,,,nan,,
,,,,,nan,,
,,,,,nan,,
,,,,,nan,,
,,,,,nan,,
,,,,,nan,,
,,,,,nan,,
,,,,,nan,,
,,,,,nan,,
,,,,,nan,,
,,,,,nan,,
,,,,,nan,,
,,,,,nan,,
,,,,,nan,,
,,,,,nan,,
,,,,,nan,,
,,,,,nan,,
,,,,,nan,,
,,,,,nan,,
,,,,,nan,,
,,,,,nan,,
,,,,,nan,,
,,,,,nan,,
,,,,,nan,,
,,,,,nan,,
,,,,,nan,,
,,,,,nan,,
,,,,,nan,,
,,,,,nan,,
,,,,,nan,,
,,,,,nan,,
,,,,,nan,,
,,,,,nan,,
,,,,,nan,,
,,,,,nan,,
,,,,,nan,,
,,,,,nan,,
,,,,,nan,,
,,,,,nan,,
,,,,,nan,,
,,,,,nan,,
,,,,,nan,,
,,,,,nan,,
,,,,,nan,,
,,,,,nan,,
,,,,,nan,,
,,,,,nan,,
,,,,,nan,,
,,,,,nan,,
,,,,,nan,,
,,,,,nan,,
,,,,,nan,,
,,,,,nan,,
,,,,,nan,,
,,,,,nan,,
,,,,,nan,,
,,,,,nan,,
,,,,,nan,,
,,,,,nan,,
,,,,,nan,,
,,,,,nan,,
,,,,,nan,,
,,,,,nan,,
,,,,,nan,,
,,,,,nan,,
,,,,,nan,,
,,,,,nan,,
,,,,,nan,,
,,,,,nan,,
,,,,,nan,,
,,,,,nan,,
,,,,,nan,,
,,,,,nan,,
,,,,,nan,,
,,,,,nan,,
,,,,,nan,,
,,,,,nan,,
,,,,,nan,,
,,,,,nan,,
,,,,,nan,,
,,,,,nan,,
,,,,,nan,,
,,,,,nan,,
,,,,,nan,,
,,,,,nan,,
,,,,,nan,,
,,,,,nan,,
,,,,,nan,,
,,,,,nan,,
,,,,,nan,,
,,,,,nan,,
,,,,,nan,,
,,,,,nan,,
,,,,,nan,,
,,,,,nan,,
,,,,,nan,,
,,,,,nan,,
,,,,,nan,,
,,,,,nan,,
,,,,,nan,,
,,,,,nan,,
,,,,,nan,,
,,,,,nan,,
,,,,,nan,,
,,,,,nan,,
,,,,,nan,,
,,,,,nan,,
,,,,,nan,,
,,,,,nan,,
,,,,,nan,,
,,,,,nan,,
,,,,,nan,,
,,,,,nan,,
,,,,,nan,,
,,,,,nan,,
,,,,,nan,,
,,,,,nan,,
,,,,,nan,,
,,,,,nan,,
,,,,,nan,,
,,,,,nan,,
,,,,,nan,,
,,,,,nan,,
,,,,,nan,,
,,,,,nan,,
,,,,,nan,,
,,,,,nan,,
,,,,,nan,,
,,,,,nan,,
,,,,,nan,,
,,,,,nan,,
,,,,,nan,,
,,,,,nan,,
,,,,,nan,,
,,,,,nan,,
,,,,,nan,,
,,,,,nan,,
,,,,,nan,,
,,,,,nan,,
,,,,,nan,,
,,,,,nan,,
,,,,,nan,,
,,,,,nan,,
,,,,,nan,,
,,,,,nan,,
,,,,,nan,,
,,,,,nan,,
,,,,,nan,,
,,,,,nan,,
,,,,,nan,,
,,,,,nan,,
,,,,,nan,,
,,,,,nan,,
,,,,,nan,,
,,,,,nan,,
,,,,,nan,,
,,,,,nan,,
,,,,,nan,,
,,,,,nan,,
,,,,,nan,,
,,,,,nan,,
,,,,,nan,,
,,,,,nan,,
,,,,,nan,,
,,,,,nan,,
,,,,,nan,,
,,,,,nan,,
,,,,,nan,,
,,,,,nan,,
,,,,,nan,,
,,,,,nan,,
,,,,,nan,,
,,,,,nan,,
,,,,,nan,,
,,,,,nan,,
,,,,,nan,,
,,,,,nan,,
,,,,,nan,,
,,,,,nan,,
,,,,,nan,,
,,,,,nan,,
,,,,,nan,,
,,,,,nan,,
,,,,,nan,,
,,,,,nan,,
,,,,,nan,,
,,,,,nan,,
,,,,,nan,,
,,,,,nan,,
,,,,,nan,,
,,,,,nan,,
,,,,,nan,,
,,,,,nan,,
,,,,,nan,,
,,,,,nan,,
,,,,,nan,,
,,,,,nan,,
,,,,,nan,,
,,,,,nan,,
,,,,,nan,,
,,,,,nan,,
,,,,,nan,,
,,,,,nan,,
,,,,,nan,,
,,,,,nan,,
,,,,,nan,,
,,,,,nan,,
,,,,,nan,,
,,,,,nan,,
,,,,,nan,,
,,,,,nan,,
,,,,,nan,,
,,,,,nan,,
,,,,,nan,,
,,,,,nan,,
,,,,,nan,,
,,,,,nan,,
,,,,,nan,,
,,,,,nan,,
,,,,,nan,,
,,,,,nan,,
,,,,,nan,,
,,,,,nan,,
,,,,,nan,,
,,,,,nan,,
,,,,,nan,,
,,,,,nan,,
,,,,,nan,,
,,,,,nan,,
,,,,,nan,,
,,,,,nan,,
,,,,,nan,,
,,,,,nan,,
,,,,,nan,,
,,,,,nan,,
,,,,,nan,,
,,,,,nan,,
,,,,,nan,,
,,,,,nan,,
,,,,,nan,,
,,,,,nan,,
,,,,,nan,,
,,,,,nan,,
,,,,,nan,,
,,,,,nan,,
,,,,,nan,,
,,,,,nan,,
,,,,,nan,,
,,,,,nan,,
,,,,,nan,,
,,,,,nan,,
,,,,,nan,,
,,,,,nan,,
,,,,,nan,,
,,,,,nan,,
,,,,,nan,,
,,,,,nan,,
,,,,,nan,,
,,,,,nan,,
,,,,,nan,,
,,,,,nan,,
,,,,,nan,,
,,,,,nan,,
,,,,,nan,,
,,,,,nan,,
,,,,,nan,,
,,,,,nan,,
,,,,,nan,,
,,,,,nan,,
,,,,,nan,,
,,,,,nan,,
,,,,,nan,,
,,,,,nan,,
,,,,,nan,,
,,,,,nan,,
,,,,,nan,,
,,,,,nan,,
,,,,,nan,,
,,,,,nan,,
,,,,,nan,,
,,,,,nan,,
,,,,,nan,,
,,,,,nan,,
,,,,,nan,,
,,,,,nan,,
,,,,,nan,,
,,,,,nan,,
,,,,,nan,,
,,,,,nan,,
,,,,,nan,,
,,,,,nan,,
,,,,,nan,,
,,,,,nan,,
,,,,,nan,,
,,,,,nan,,
,,,,,nan,,
,,,,,nan,,
,,,,,nan,,
,,,,,nan,,
,,,,,nan,,
,,,,,nan,,
,,,,,nan,,
,,,,,nan,,
,,,,,nan,,
,,,,,nan,,
,,,,,nan,,
,,,,,nan,,
,,,,,nan,,
,,,,,nan,,
,,,,,nan,,
,,,,,nan,,
,,,,,nan,,
,,,,,nan,,
,,,,,nan,,
,,,,,nan,,
,,,,,nan,,
,,,,,nan,,
,,,,,nan,,
,,,,,nan,,
,,,,,nan,,
,,,,,nan,,
,,,,,nan,,
,,,,,nan,,
,,,,,nan,,
,,,,,nan,,
,,,,,nan,,
,,,,,nan,,
,,,,,nan,,
,,,,,nan,,
,,,,,nan,,
,,,,,nan,,
,,,,,nan,,
,,,,,nan,,
,,,,,nan,,
,,,,,nan,,
,,,,,nan,,
,,,,,nan,,
,,,,,nan,,
,,,,,nan,,
,,,,,nan,,
,,,,,nan,,
,,,,,nan,,
,,,,,nan,,
,,,,,nan,,
,,,,,nan,,
,,,,,nan,,
,,,,,nan,,
,,,,,nan,,
,,,,,nan,,
,,,,,nan,,
,,,,,nan,,
,,,,,nan,,
,,,,,nan,,
,,,,,nan,,
,,,,,nan,,
,,,,,nan,,
,,,,,nan,,
,,,,,nan,,
,,,,,nan,,
,,,,,nan,,
,,,,,nan,,
,,,,,nan,,
,,,,,nan,,
,,,,,nan,,
,,,,,nan,,
,,,,,nan,,
,,,,,nan,,
,,,,,nan,,
,,,,,nan,,
,,,,,nan,,
,,,,,nan,,
,,,,,nan,,
,,,,,nan,,
,,,,,nan,,
,,,,,nan,,
,,,,,nan,,
,,,,,nan,,
,,,,,nan,,
,,,,,nan,,
,,,,,nan,,
,,,,,nan,,
,,,,,nan,,
,,,,,nan,,
,,,,,nan,,
,,,,,nan,,
,,,,,nan,,
,,,,,nan,,
,,,,,nan,,
,,,,,nan,,
,,,,,nan,,
,,,,,nan,,
,,,,,nan,,
,,,,,nan,,
,,,,,nan,,
,,,,,nan,,
,,,,,nan,,
,,,,,nan,,
,,,,,nan,,
,,,,,nan,,
,,,,,nan,,
,,,,,nan,,
,,,,,nan,,
,,,,,nan,,
,,,,,nan,,
,,,,,nan,,
,,,,,nan,,
,,,,,nan,,
,,,,,nan,,
,,,,,nan,,
,,,,,nan,,
,,,,,nan,,
,,,,,nan,,
,,,,,nan,,
,,,,,nan,,
,,,,,nan,,
,,,,,nan,,
,,,,,nan,,
,,,,,nan,,
,,,,,nan,,
,,,,,nan,,
,,,,,nan,,
,,,,,nan,,
,,,,,nan,,
,,,,,nan,,
,,,,,nan,,
,,,,,nan,,
,,,,,nan,,
,,,,,nan,,
,,,,,nan,,
,,,,,nan,,
,,,,,nan,,
,,,,,nan,,
,,,,,nan,,
,,,,,nan,,
,,,,,nan,,
,,,,,nan,,
,,,,,nan,,
,,,,,nan,,
,,,,,nan,,
,,,,,nan,,
,,,,,nan,,
,,,,,nan,,
,,,,,nan,,
,,,,,nan,,
,,,,,nan,,
,,,,,nan,,
,,,,,nan,,
,,,,,nan,,
,,,,,nan,,
,,,,,nan,,
,,,,,nan,,
,,,,,nan,,
,,,,,nan,,
,,,,,nan,,
,,,,,nan,,
,,,,,nan,,
,,,,,nan,,
,,,,,nan,,
,,,,,nan,,
,,,,,nan,,
,,,,,nan,,
,,,,,nan,,
,,,,,nan,,
,,,,,nan,,
,,,,,nan,,
,,,,,nan,,
,,,,,nan,,
,,,,,nan,,
,,,,,nan,,
,,,,,nan,,
,,,,,nan,,
,,,,,nan,,
,,,,,nan,,
,,,,,nan,,
,,,,,nan,,
,,,,,nan,,
,,,,,nan,,
,,,,,nan,,
,,,,,nan,,
,,,,,nan,,
,,,,,nan,,
,,,,,nan,,
,,,,,nan,,
,,,,,nan,,
,,,,,nan,,
,,,,,nan,,
,,,,,nan,,
,,,,,nan,,
,,,,,nan,,
,,,,,nan,,
,,,,,nan,,
,,,,,nan,,
,,,,,nan,,
,,,,,nan,,
,,,,,nan,,
,,,,,nan,,
,,,,,nan,,
,,,,,nan,,
,,,,,nan,,
,,,,,nan,,
,,,,,nan,,
,,,,,nan,,
,,,,,nan,,
,,,,,nan,,
,,,,,nan,,
,,,,,nan,,
,,,,,nan,,
,,,,,nan,,
,,,,,nan,,
,,,,,nan,,
,,,,,nan,,
,,,,,nan,,
,,,,,nan,,
,,,,,nan,,
,,,,,nan,,
,,,,,nan,,
,,,,,nan,,
,,,,,nan,,
,,,,,nan,,
,,,,,nan,,
,,,,,nan,,
,,,,,nan,,
,,,,,nan,,
,,,,,nan,,
,,,,,nan,,
,,,,,nan,,
,,,,,nan,,
,,,,,nan,,
,,,,,nan,,
,,,,,nan,,
,,,,,nan,,
,,,,,nan,,
,,,,,nan,,
,,,,,nan,,
,,,,,nan,,
,,,,,nan,,
,,,,,nan,,
,,,,,nan,,
,,,,,nan,,
,,,,,nan,,
,,,,,nan,,
,,,,,nan,,
,,,,,nan,,
,,,,,nan,,
,,,,,nan,,
,,,,,nan,,
,,,,,nan,,
,,,,,nan,,
,,,,,nan,,
,,,,,nan,,
,,,,,nan,,
,,,,,nan,,
,,,,,nan,,
,,,,,nan,,
,,,,,nan,,
,,,,,nan,,
,,,,,nan,,
,,,,,nan,,
,,,,,nan,,
,,,,,nan,,
,,,,,nan,,
,,,,,nan,,
,,,,,nan,,
,,,,,nan,,
,,,,,nan,,
,,,,,nan,,
,,,,,nan,,
,,,,,nan,,
,,,,,nan,,
,,,,,nan,,
,,,,,nan,,
,,,,,nan,,
,,,,,nan,,
,,,,,nan,,
,,,,,nan,,
,,,,,nan,,
,,,,,nan,,
,,,,,nan,,
,,,,,nan,,
,,,,,nan,,
,,,,,nan,,
,,,,,nan,,
,,,,,nan,,
,,,,,nan,,
,,,,,nan,,
,,,,,nan,,
,,,,,nan,,
,,,,,nan,,
,,,,,nan,,
,,,,,nan,,
,,,,,nan,,
,,,,,nan,,
,,,,,nan,,
,,,,,nan,,
,,,,,nan,,
,,,,,nan,,
,,,,,nan,,
,,,,,nan,,
,,,,,nan,,
,,,,,nan,,
,,,,,nan,,
,,,,,nan,,
,,,,,nan,,
,,,,,nan,,
,,,,,nan,,
,,,,,nan,,
,,,,,nan,,
,,,,,nan,,
,,,,,nan,,
,,,,,nan,,
,,,,,nan,,
,,,,,nan,,
,,,,,nan,,
,,,,,nan,,
,,,,,nan,,
,,,,,nan,,
,,,,,nan,,
,,,,,nan,,
,,,,,nan,,
,,,,,nan,,
,,,,,nan,,
,,,,,nan,,
,,,,,nan,,
,,,,,nan,,
,,,,,nan,,
,,,,,nan,,
,,,,,nan,,
,,,,,nan,,
,,,,,nan,,
,,,,,nan,,
,,,,,nan,,
,,,,,nan,,
,,,,,nan,,
,,,,,nan,,
,,,,,nan,,
,,,,,nan,,
,,,,,nan,,
,,,,,nan,,
,,,,,nan,,
,,,,,nan,,
,,,,,nan,,
,,,,,nan,,
,,,,,nan,,
,,,,,nan,,
,,,,,nan,,
,,,,,nan,,
,,,,,nan,,
,,,,,nan,,
,,,,,nan,,
,,,,,nan,,
,,,,,nan,,
,,,,,nan,,
,,,,,nan,,
,,,,,nan,,
,,,,,nan,,
,,,,,nan,,
,,,,,nan,,
,,,,,nan,,
,,,,,nan,,
,,,,,nan,,
,,,,,nan,,
,,,,,nan,,
,,,,,nan,,
,,,,,nan,,
,,,,,nan,,
,,,,,nan,,
,,,,,nan,,
,,,,,nan,,
,,,,,nan,,
,,,,,nan,,
,,,,,nan,,
,,,,,nan,,
,,,,,nan,,
,,,,,nan,,
,,,,,nan,,
,,,,,nan,,
,,,,,nan,,
,,,,,nan,,
,,,,,nan,,
,,,,,nan,,
,,,,,nan,,
,,,,,nan,,
,,,,,nan,,
,,,,,nan,,
,,,,,nan,,
,,,,,nan,,
,,,,,nan,,
,,,,,nan,,
,,,,,nan,,
,,,,,nan,,
,,,,,nan,,
,,,,,nan,,
,,,,,nan,,
,,,,,nan,,
,,,,,nan,,
,,,,,nan,,
,,,,,nan,,
,,,,,nan,,
,,,,,nan,,
,,,,,nan,,
,,,,,nan,,
,,,,,nan,,
,,,,,nan,,
,,,,,nan,,
,,,,,nan,,
,,,,,nan,,
,,,,,nan,,
,,,,,nan,,
,,,,,nan,,
,,,,,nan,,
,,,,,nan,,
,,,,,nan,,
,,,,,nan,,
,,,,,nan,,
,,,,,nan,,
,,,,,nan,,
,,,,,nan,,
,,,,,nan,,
,,,,,nan,,
,,,,,nan,,
,,,,,nan,,
,,,,,nan,,
,,,,,nan,,
,,,,,nan,,
,,,,,nan,,
,,,,,nan,,
,,,,,nan,,
,,,,,nan,,
,,,,,nan,,
,,,,,nan,,
,,,,,nan,,
,,,,,nan,,
,,,,,nan,,
,,,,,nan,,
,,,,,nan,,
,,,,,nan,,
,,,,,nan,,
,,,,,nan,,
,,,,,nan,,
,,,,,nan,,
,,,,,nan,,
,,,,,nan,,
,,,,,nan,,
,,,,,nan,,
,,,,,nan,,
,,,,,nan,,
,,,,,nan,,
,,,,,nan,,
,,,,,nan,,
,,,,,nan,,
,,,,,nan,,
,,,,,nan,,
,,,,,nan,,
,,,,,nan,,
,,,,,nan,,
,,,,,nan,,
,,,,,nan,,
,,,,,nan,,
,,,,,nan,,
,,,,,nan,,
,,,,,nan,,
,,,,,nan,,
,,,,,nan,,
,,,,,nan,,
,,,,,nan,,
,,,,,nan,,
,,,,,nan,,
,,,,,nan,,
,,,,,nan,,
,,,,,nan,,
,,,,,nan,,
,,,,,nan,,
,,,,,nan,,
,,,,,nan,,
,,,,,nan,,
,,,,,nan,,
,,,,,nan,,
,,,,,nan,,
,,,,,nan,,
,,,,,nan,,
,,,,,nan,,
,,,,,nan,,
,,,,,nan,,
,,,,,nan,,
,,,,,nan,,
,,,,,nan,,
,,,,,nan,,
,,,,,nan,,
,,,,,nan,,
,,,,,nan,,
,,,,,nan,,
,,,,,nan,,
,,,,,nan,,
,,,,,nan,,
,,,,,nan,,
,,,,,nan,,
,,,,,nan,,
,,,,,nan,,
,,,,,nan,,
,,,,,nan,,
,,,,,nan,,
,,,,,nan,,
,,,,,nan,,
,,,,,nan,,
,,,,,nan,,
,,,,,nan,,
,,,,,nan,,
,,,,,nan,,
,,,,,nan,,
,,,,,nan,,
,,,,,nan,,
,,,,,nan,,
,,,,,nan,,
,,,,,nan,,
,,,,,nan,,
,,,,,nan,,
,,,,,nan,,
,,,,,nan,,
,,,,,nan,,
,,,,,nan,,
,,,,,nan,,
,,,,,nan,,
,,,,,nan,,
,,,,,nan,,
,,,,,nan,,
,,,,,nan,,
,,,,,nan,,
,,,,,nan,,
,,,,,nan,,
,,,,,nan,,
,,,,,nan,,
,,,,,nan,,
,,,,,nan,,
,,,,,nan,,
,,,,,nan,,
,,,,,nan,,
,,,,,nan,,
,,,,,nan,,
,,,,,nan,,
,,,,,nan,,
,,,,,nan,,
,,,,,nan,,
,,,,,nan,,
,,,,,nan,,
,,,,,nan,,
,,,,,nan,,
,,,,,nan,,
,,,,,nan,,
,,,,,nan,,
,,,,,nan,,
,,,,,nan,,
,,,,,nan,,
,,,,,nan,,
,,,,,nan,,
,,,,,nan,,
,,,,,nan,,
,,,,,nan,,
,,,,,nan,,
,,,,,nan,,
,,,,,nan,,
,,,,,nan,,
,,,,,nan,,
,,,,,nan,,
,,,,,nan,,
,,,,,nan,,
,,,,,nan,,
,,,,,nan,,
,,,,,nan,,
,,,,,nan,,
,,,,,nan,,
,,,,,nan,,
,,,,,nan,,
,,,,,nan,,
,,,,,nan,,
,,,,,nan,,
,,,,,nan,,
,,,,,nan,,
,,,,,nan,,
,,,,,nan,,
,,,,,nan,,
,,,,,nan,,
,,,,,nan,,
,,,,,nan,,
,,,,,nan,,
,,,,,nan,,
,,,,,nan,,
,,,,,nan,,
,,,,,nan,,
,,,,,nan,,
,,,,,nan,,
,,,,,nan,,
,,,,,nan,,
,,,,,nan,,
,,,,,nan,,
,,,,,nan,,
,,,,,nan,,
,,,,,nan,,
,,,,,nan,,
,,,,,nan,,
,,,,,nan,,
,,,,,nan,,
,,,,,nan,,
,,,,,nan,,
,,,,,nan,,
,,,,,nan,,
,,,,,nan,,
,,,,,nan,,
,,,,,nan,,
,,,,,nan,,
,,,,,nan,,
,,,,,nan,,
,,,,,nan,,
,,,,,nan,,
,,,,,nan,,
,,,,,nan,,
,,,,,nan,,
,,,,,nan,,
,,,,,nan,,
,,,,,nan,,
,,,,,nan,,
,,,,,nan,,
,,,,,nan,,
,,,,,nan,,
,,,,,nan,,
,,,,,nan,,
,,,,,nan,,
,,,,,nan,,
,,,,,nan,,
,,,,,nan,,
,,,,,nan,,
,,,,,nan,,
,,,,,nan,,
,,,,,nan,,
,,,,,nan,,
,,,,,nan,,
,,,,,nan,,
,,,,,nan,,
,,,,,nan,,
,,,,,nan,,
,,,,,nan,,
,,,,,nan,,
,,,,,nan,,
,,,,,nan,,
,,,,,nan,,
,,,,,nan,,
,,,,,nan,,
,,,,,nan,,
,,,,,nan,,
,,,,,nan,,
,,,,,nan,,
,,,,,nan,,
,,,,,nan,,
,,,,,nan,,
,,,,,nan,,
,,,,,nan,,
,,,,,nan,,
,,,,,nan,,
,,,,,nan,,
,,,,,nan,,
,,,,,nan,,
,,,,,nan,,
,,,,,nan,,
,,,,,nan,,
,,,,,nan,,
,,,,,nan,,
,,,,,nan,,
,,,,,nan,,
,,,,,nan,,
,,,,,nan,,
,,,,,nan,,
,,,,,nan,,
,,,,,nan,,
,,,,,nan,,
,,,,,nan,,
,,,,,nan,,
,,,,,nan,,
,,,,,nan,,
,,,,,nan,,
,,,,,nan,,
,,,,,nan,,
,,,,,nan,,
,,,,,nan,,
,,,,,nan,,
,,,,,nan,,
,,,,,nan,,
,,,,,nan,,
,,,,,nan,,
,,,,,nan,,
,,,,,nan,,
,,,,,nan,,
,,,,,nan,,
,,,,,nan,,
,,,,,nan,,
,,,,,nan,,
,,,,,nan,,
,,,,,nan,,
,,,,,nan,,
,,,,,nan,,
,,,,,nan,,
,,,,,nan,,
,,,,,nan,,
,,,,,nan,,
,,,,,nan,,
,,,,,nan,,
,,,,,nan,,
,,,,,nan,,
,,,,,nan,,
,,,,,nan,,
,,,,,nan,,
,,,,,nan,,
,,,,,nan,,
,,,,,nan,,
,,,,,nan,,
,,,,,nan,,
,,,,,nan,,
,,,,,nan,,
,,,,,nan,,
,,,,,nan,,
,,,,,nan,,
,,,,,nan,,
,,,,,nan,,
,,,,,nan,,
,,,,,nan,,
,,,,,nan,,
,,,,,nan,,
,,,,,nan,,
,,,,,nan,,
,,,,,nan,,
,,,,,nan,,
,,,,,nan,,
,,,,,nan,,
,,,,,nan,,
,,,,,nan,,
,,,,,nan,,
,,,,,nan,,
,,,,,nan,,
,,,,,nan,,
,,,,,nan,,
,,,,,nan,,
,,,,,nan,,
,,,,,nan,,
,,,,,nan,,
,,,,,nan,,
,,,,,nan,,
,,,,,nan,,
,,,,,nan,,
,,,,,nan,,
,,,,,nan,,
,,,,,nan,,
,,,,,nan,,
,,,,,nan,,
,,,,,nan,,
,,,,,nan,,
,,,,,nan,,
,,,,,nan,,
,,,,,nan,,
,,,,,nan,,
,,,,,nan,,
,,,,,nan,,
,,,,,nan,,
,,,,,nan,,
,,,,,nan,,
,,,,,nan,,
,,,,,nan,,
,,,,,nan,,
,,,,,nan,,
,,,,,nan,,
,,,,,nan,,
,,,,,nan,,
,,,,,nan,,
,,,,,nan,,
,,,,,nan,,
,,,,,nan,,
,,,,,nan,,
,,,,,nan,,
,,,,,nan,,
,,,,,nan,,
,,,,,nan,,
,,,,,nan,,
,,,,,nan,,
,,,,,nan,,
,,,,,nan,,
,,,,,nan,,
,,,,,nan,,
,,,,,nan,,
,,,,,nan,,
,,,,,nan,,
,,,,,nan,,
,,,,,nan,,
,,,,,nan,,
,,,,,nan,,
,,,,,nan,,
,,,,,nan,,
,,,,,nan,,
,,,,,nan,,
,,,,,nan,,
,,,,,nan,,
,,,,,nan,,
,,,,,nan,,
,,,,,nan,,
,,,,,nan,,
,,,,,nan,,
,,,,,nan,,
,,,,,nan,,
,,,,,nan,,
,,,,,nan,,
,,,,,nan,,
,,,,,nan,,
,,,,,nan,,
,,,,,nan,,
,,,,,nan,,
,,,,,nan,,
,,,,,nan,,
,,,,,nan,,
,,,,,nan,,
,,,,,nan,,
,,,,,nan,,
,,,,,nan,,
,,,,,nan,,
,,,,,nan,,
,,,,,nan,,
,,,,,nan,,
,,,,,nan,,
,,,,,nan,,
,,,,,nan,,
,,,,,nan,,
,,,,,nan,,
,,,,,nan,,
,,,,,nan,,
,,,,,nan,,
,,,,,nan,,
,,,,,nan,,
,,,,,nan,,
,,,,,nan,,
,,,,,nan,,
,,,,,nan,,
,,,,,nan,,
,,,,,nan,,
,,,,,nan,,
,,,,,nan,,
,,,,,nan,,
,,,,,nan,,
,,,,,nan,,
,,,,,nan,,
,,,,,nan,,
,,,,,nan,,
,,,,,nan,,
,,,,,nan,,
,,,,,nan,,
,,,,,nan,,
,,,,,nan,,
,,,,,nan,,
,,,,,nan,,
,,,,,nan,,
,,,,,nan,,
,,,,,nan,,
,,,,,nan,,
,,,,,nan,,
,,,,,nan,,
,,,,,nan,,
,,,,,nan,,
,,,,,nan,,
,,,,,nan,,
,,,,,nan,,
,,,,,nan,,
,,,,,nan,,
,,,,,nan,,
,,,,,nan,,
,,,,,nan,,
,,,,,nan,,
,,,,,nan,,
,,,,,nan,,
,,,,,nan,,
,,,,,nan,,
,,,,,nan,,
,,,,,nan,,
,,,,,nan,,
,,,,,nan,,
,,,,,nan,,
,,,,,nan,,
,,,,,nan,,
,,,,,nan,,
,,,,,nan,,
,,,,,nan,,
,,,,,nan,,
,,,,,nan,,
,,,,,nan,,
,,,,,nan,,
,,,,,nan,,
,,,,,nan,,
,,,,,nan,,
,,,,,nan,,
,,,,,nan,,
,,,,,nan,,
,,,,,nan,,
,,,,,nan,,
,,,,,nan,,
,,,,,nan,,
,,,,,nan,,
,,,,,nan,,
,,,,,nan,,
,,,,,nan,,
,,,,,nan,,
,,,,,nan,,
,,,,,nan,,
,,,,,nan,,
,,,,,nan,,
,,,,,nan,,
,,,,,nan,,
,,,,,nan,,
,,,,,nan,,
,,,,,nan,,
,,,,,nan,,
,,,,,nan,,
,,,,,nan,,
,,,,,nan,,
,,,,,nan,,
,,,,,nan,,
,,,,,nan,,
,,,,,nan,,
,,,,,nan,,
,,,,,nan,,
,,,,,nan,,
,,,,,nan,,
,,,,,nan,,
,,,,,nan,,
,,,,,nan,,
,,,,,nan,,
,,,,,nan,,
,,,,,nan,,
,,,,,nan,,
,,,,,nan,,
,,,,,nan,,
,,,,,nan,,
,,,,,nan,,
,,,,,nan,,
,,,,,nan,,
,,,,,nan,,
,,,,,nan,,
,,,,,nan,,
,,,,,nan,,
,,,,,nan,,
,,,,,nan,,
,,,,,nan,,
,,,,,nan,,
,,,,,nan,,
,,,,,nan,,
,,,,,nan,,
,,,,,nan,,
,,,,,nan,,
,,,,,nan,,
,,,,,nan,,
,,,,,nan,,
,,,,,nan,,
,,,,,nan,,
,,,,,nan,,
,,,,,nan,,
,,,,,nan,,
,,,,,nan,,
,,,,,nan,,
,,,,,nan,,
,,,,,nan,,
,,,,,nan,,
,,,,,nan,,
,,,,,nan,,
,,,,,nan,,
,,,,,nan,,
,,,,,nan,,
,,,,,nan,,
,,,,,nan,,
,,,,,nan,,
,,,,,nan,,
,,,,,nan,,
,,,,,nan,,
,,,,,nan,,
,,,,,nan,,
,,,,,nan,,
,,,,,nan,,
,,,,,nan,,
,,,,,nan,,
,,,,,nan,,
,,,,,nan,,
,,,,,nan,,
,,,,,nan,,
,,,,,nan,,
,,,,,nan,,
,,,,,nan,,
,,,,,nan,,
,,,,,nan,,
,,,,,nan,,
,,,,,nan,,
,,,,,nan,,
,,,,,nan,,
,,,,,nan,,
,,,,,nan,,
,,,,,nan,,
,,,,,nan,,
,,,,,nan,,
,,,,,nan,,
,,,,,nan,,
,,,,,nan,,
,,,,,nan,,
,,,,,nan,,
,,,,,nan,,
,,,,,nan,,
,,,,,nan,,
,,,,,nan,,
,,,,,nan,,
,,,,,nan,,
,,,,,nan,,
,,,,,nan,,
,,,,,nan,,
,,,,,nan,,
,,,,,nan,,
,,,,,nan,,
,,,,,nan,,
,,,,,nan,,
,,,,,nan,,
,,,,,nan,,
,,,,,nan,,
,,,,,nan,,
,,,,,nan,,
,,,,,nan,,
,,,,,nan,,
,,,,,nan,,
,,,,,nan,,
,,,,,nan,,
,,,,,nan,,
,,,,,nan,,
,,,,,nan,,
,,,,,nan,,
,,,,,nan,,
,,,,,nan,,
,,,,,nan,,
,,,,,nan,,
,,,,,nan,,
,,,,,nan,,
,,,,,nan,,
,,,,,nan,,
,,,,,nan,,
,,,,,nan,,
,,,,,nan,,
,,,,,nan,,
,,,,,nan,,
,,,,,nan,,
,,,,,nan,,
,,,,,nan,,
,,,,,nan,,
,,,,,nan,,
,,,,,nan,,
,,,,,nan,,
,,,,,nan,,
,,,,,nan,,
,,,,,nan,,
,,,,,nan,,
,,,,,nan,,
,,,,,nan,,
,,,,,nan,,
,,,,,nan,,
,,,,,nan,,
,,,,,nan,,
,,,,,nan,,
,,,,,nan,,
,,,,,nan,,
,,,,,nan,,
,,,,,nan,,
,,,,,nan,,
,,,,,nan,,
,,,,,nan,,
,,,,,nan,,
,,,,,nan,,
,,,,,nan,,
,,,,,nan,,
,,,,,nan,,
,,,,,nan,,
,,,,,nan,,
,,,,,nan,,
,,,,,nan,,
,,,,,nan,,
,,,,,nan,,
,,,,,nan,,
,,,,,nan,,
,,,,,nan,,
,,,,,nan,,
,,,,,nan,,
,,,,,nan,,
,,,,,nan,,
,,,,,nan,,
,,,,,nan,,
,,,,,nan,,
,,,,,nan,,
,,,,,nan,,
,,,,,nan,,
,,,,,nan,,
,,,,,nan,,
,,,,,nan,,
,,,,,nan,,
,,,,,nan,,
,,,,,nan,,
,,,,,nan,,
,,,,,nan,,
,,,,,nan,,
,,,,,nan,,
,,,,,nan,,
,,,,,nan,,
,,,,,nan,,
,,,,,nan,,
,,,,,nan,,
,,,,,nan,,
,,,,,nan,,
,,,,,nan,,
,,,,,nan,,
,,,,,nan,,
,,,,,nan,,
,,,,,nan,,
,,,,,nan,,
,,,,,nan,,
,,,,,nan,,
,,,,,nan,,
,,,,,nan,,
,,,,,nan,,
,,,,,nan,,
,,,,,nan,,
,,,,,nan,,
,,,,,nan,,
,,,,,nan,,
,,,,,nan,,
,,,,,nan,,
,,,,,nan,,
,,,,,nan,,
,,,,,nan,,
,,,,,nan,,
,,,,,nan,,
,,,,,nan,,
,,,,,nan,,
,,,,,nan,,
,,,,,nan,,
,,,,,nan,,
,,,,,nan,,
,,,,,nan,,
,,,,,nan,,
,,,,,nan,,
,,,,,nan,,
,,,,,nan,,
,,,,,nan,,
,,,,,nan,,
,,,,,nan,,
,,,,,nan,,
,,,,,nan,,
,,,,,nan,,
,,,,,nan,,
,,,,,nan,,
,,,,,nan,,
,,,,,nan,,
,,,,,nan,,
,,,,,nan,,
,,,,,nan,,
,,,,,nan,,
,,,,,nan,,
,,,,,nan,,
,,,,,nan,,
,,,,,nan,,
,,,,,nan,,
,,,,,nan,,
,,,,,nan,,
,,,,,nan,,
,,,,,nan,,
,,,,,nan,,
,,,,,nan,,
,,,,,nan,,
,,,,,nan,,
,,,,,nan,,
,,,,,nan,,
,,,,,nan,,
,,,,,nan,,
,,,,,nan,,
,,,,,nan,,
,,,,,nan,,
,,,,,nan,,
,,,,,nan,,
,,,,,nan,,
,,,,,nan,,
,,,,,nan,,
,,,,,nan,,
,,,,,nan,,
,,,,,nan,,
,,,,,nan,,
,,,,,nan,,
,,,,,nan,,
,,,,,nan,,
,,,,,nan,,
,,,,,nan,,
,,,,,nan,,
,,,,,nan,,
,,,,,nan,,
,,,,,nan,,
,,,,,nan,,
,,,,,nan,,
,,,,,nan,,
,,,,,nan,,
,,,,,nan,,
,,,,,nan,,
,,,,,nan,,
,,,,,nan,,
,,,,,nan,,
,,,,,nan,,
,,,,,nan,,
,,,,,nan,,
,,,,,nan,,
,,,,,nan,,
,,,,,nan,,
,,,,,nan,,
,,,,,nan,,
,,,,,nan,,
,,,,,nan,,
,,,,,nan,,
,,,,,nan,,
,,,,,nan,,
,,,,,nan,,
,,,,,nan,,
,,,,,nan,,
,,,,,nan,,
,,,,,nan,,
,,,,,nan,,
,,,,,nan,,
,,,,,nan,,
,,,,,nan,,
,,,,,nan,,
,,,,,nan,,
,,,,,nan,,
,,,,,nan,,
,,,,,nan,,
,,,,,nan,,
,,,,,nan,,
,,,,,nan,,
,,,,,nan,,
,,,,,nan,,
,,,,,nan,,
,,,,,nan,,
,,,,,nan,,
,,,,,nan,,
,,,,,nan,,
,,,,,nan,,
,,,,,nan,,
,,,,,nan,,
,,,,,nan,,
,,,,,nan,,
,,,,,nan,,
,,,,,nan,,
,,,,,nan,,
,,,,,nan,,
,,,,,nan,,
,,,,,nan,,
,,,,,nan,,
,,,,,nan,,
,,,,,nan,,
,,,,,nan,,
,,,,,nan,,
,,,,,nan,,
,,,,,nan,,
,,,,,nan,,
,,,,,nan,,
,,,,,nan,,
,,,,,nan,,
,,,,,nan,,
,,,,,nan,,
,,,,,nan,,
,,,,,nan,,
,,,,,nan,,
,,,,,nan,,
,,,,,nan,,
,,,,,nan,,
,,,,,nan,,
,,,,,nan,,
,,,,,nan,,
,,,,,nan,,
,,,,,nan,,
,,,,,nan,,
,,,,,nan,,
,,,,,nan,,
,,,,,nan,,
,,,,,nan,,
,,,,,nan,,
,,,,,nan,,
,,,,,nan,,
,,,,,nan,,
,,,,,nan,,
,,,,,nan,,
,,,,,nan,,
,,,,,nan,,
,,,,,nan,,
,,,,,nan,,
,,,,,nan,,
,,,,,nan,,
,,,,,nan,,
,,,,,nan,,
,,,,,nan,,
,,,,,nan,,
,,,,,nan,,
,,,,,nan,,
,,,,,nan,,
,,,,,nan,,
,,,,,nan,,
,,,,,nan,,
,,,,,nan,,
,,,,,nan,,
,,,,,nan,,
,,,,,nan,,
,,,,,nan,,
,,,,,nan,,
,,,,,nan,,
,,,,,nan,,
,,,,,nan,,
,,,,,nan,,
,,,,,nan,,
,,,,,nan,,
,,,,,nan,,
,,,,,nan,,
,,,,,nan,,
,,,,,nan,,
,,,,,nan,,
,,,,,nan,,
,,,,,nan,,
,,,,,nan,,
,,,,,nan,,
,,,,,nan,,
,,,,,nan,,
,,,,,nan,,
,,,,,nan,,
,,,,,nan,,
,,,,,nan,,
,,,,,nan,,
,,,,,nan,,
,,,,,nan,,
,,,,,nan,,
,,,,,nan,,
,,,,,nan,,
,,,,,nan,,
,,,,,nan,,
,,,,,nan,,
,,,,,nan,,
,,,,,nan,,
,,,,,nan,,
,,,,,nan,,
,,,,,nan,,
,,,,,nan,,
,,,,,nan,,
,,,,,nan,,
,,,,,nan,,
,,,,,nan,,
,,,,,nan,,
,,,,,nan,,
,,,,,nan,,
,,,,,nan,,
,,,,,nan,,
,,,,,nan,,
,,,,,nan,,
,,,,,nan,,
,,,,,nan,,
,,,,,nan,,
,,,,,nan,,
,,,,,nan,,
,,,,,nan,,
,,,,,nan,,
,,,,,nan,,
,,,,,nan,,
,,,,,nan,,
,,,,,nan,,
,,,,,nan,,
,,,,,nan,,
,,,,,nan,,
,,,,,nan,,
,,,,,nan,,
,,,,,nan,,
,,,,,nan,,
,,,,,nan,,
,,,,,nan,,
,,,,,nan,,
,,,,,nan,,
,,,,,nan,,
,,,,,nan,,
,,,,,nan,,
,,,,,nan,,
,,,,,nan,,
,,,,,nan,,
,,,,,nan,,
,,,,,nan,,
,,,,,nan,,
,,,,,nan,,
,,,,,nan,,
,,,,,nan,,
,,,,,nan,,
,,,,,nan,,
,,,,,nan,,
,,,,,nan,,
,,,,,nan,,
,,,,,nan,,
,,,,,nan,,
,,,,,nan,,
,,,,,nan,,
,,,,,nan,,
,,,,,nan,,
,,,,,nan,,
,,,,,nan,,
,,,,,nan,,
,,,,,nan,,
,,,,,nan,,
,,,,,nan,,
,,,,,nan,,
,,,,,nan,,
,,,,,nan,,
,,,,,nan,,
,,,,,nan,,
,,,,,nan,,
,,,,,nan,,
,,,,,nan,,
,,,,,nan,,
,,,,,nan,,
,,,,,nan,,
,,,,,nan,,
,,,,,nan,,
,,,,,nan,,
,,,,,nan,,
,,,,,nan,,
,,,,,nan,,
,,,,,nan,,
,,,,,nan,,
,,,,,nan,,
,,,,,nan,,
,,,,,nan,,
,,,,,nan,,
,,,,,nan,,
,,,,,nan,,
,,,,,nan,,
,,,,,nan,,
,,,,,nan,,
,,,,,nan,,
,,,,,nan,,
,,,,,nan,,
,,,,,nan,,
,,,,,nan,,
,,,,,nan,,
,,,,,nan,,
,,,,,nan,,
,,,,,nan,,
,,,,,nan,,
,,,,,nan,,
,,,,,nan,,
,,,,,nan,,
,,,,,nan,,
,,,,,nan,,
,,,,,nan,,
,,,,,nan,,
,,,,,nan,,
,,,,,nan,,
,,,,,nan,,
,,,,,nan,,
,,,,,nan,,
,,,,,nan,,
,,,,,nan,,
,,,,,nan,,
,,,,,nan,,
,,,,,nan,,
,,,,,nan,,
,,,,,nan,,
,,,,,nan,,
,,,,,nan,,
,,,,,nan,,
,,,,,nan,,
,,,,,nan,,
,,,,,nan,,
,,,,,nan,,
,,,,,nan,,
,,,,,nan,,
,,,,,nan,,
,,,,,nan,,
,,,,,nan,,
,,,,,nan,,
,,,,,nan,,
,,,,,nan,,
,,,,,nan,,
,,,,,nan,,
,,,,,nan,,
,,,,,nan,,
,,,,,nan,,
,,,,,nan,,
,,,,,nan,,
,,,,,nan,,
,,,,,nan,,
,,,,,nan,,
,,,,,nan,,
,,,,,nan,,
,,,,,nan,,
,,,,,nan,,
,,,,,nan,,
,,,,,nan,,
,,,,,nan,,
,,,,,nan,,
,,,,,nan,,
,,,,,nan,,
,,,,,nan,,
,,,,,nan,,
,,,,,nan,,
,,,,,nan,,
,,,,,nan,,
,,,,,nan,,
,,,,,nan,,
,,,,,nan,,
,,,,,nan,,
,,,,,nan,,
,,,,,nan,,
,,,,,nan,,
,,,,,nan,,
,,,,,nan,,
,,,,,nan,,
,,,,,nan,,
,,,,,nan,,
,,,,,nan,,
,,,,,nan,,
,,,,,nan,,
,,,,,nan,,
,,,,,nan,,
,,,,,nan,,
,,,,,nan,,
,,,,,nan,,
,,,,,nan,,
,,,,,nan,,
,,,,,nan,,
,,,,,nan,,
,,,,,nan,,
,,,,,nan,,
,,,,,nan,,
,,,,,nan,,
,,,,,nan,,
,,,,,nan,,
,,,,,nan,,
,,,,,nan,,
,,,,,nan,,
,,,,,nan,,
,,,,,nan,,
,,,,,nan,,
,,,,,nan,,
,,,,,nan,,
,,,,,nan,,
,,,,,nan,,
,,,,,nan,,
,,,,,nan,,
,,,,,nan,,
,,,,,nan,,
,,,,,nan,,
,,,,,nan,,
,,,,,nan,,
,,,,,nan,,
,,,,,nan,,
,,,,,nan,,
,,,,,nan,,
,,,,,nan,,
,,,,,nan,,
,,,,,nan,,
,,,,,nan,,
,,,,,nan,,
,,,,,nan,,
,,,,,nan,,
,,,,,nan,,
,,,,,nan,,
,,,,,nan,,
,,,,,nan,,
,,,,,nan,,
,,,,,nan,,
,,,,,nan,,
,,,,,nan,,
,,,,,nan,,
,,,,,nan,,
,,,,,nan,,
,,,,,nan,,
,,,,,nan,,
,,,,,nan,,
,,,,,nan,,
,,,,,nan,,
,,,,,nan,,
,,,,,nan,,
,,,,,nan,,
,,,,,nan,,
,,,,,nan,,
,,,,,nan,,
,,,,,nan,,
,,,,,nan,,
,,,,,nan,,
,,,,,nan,,
,,,,,nan,,
,,,,,nan,,
,,,,,nan,,
,,,,,nan,,
,,,,,nan,,
,,,,,nan,,
,,,,,nan,,
,,,,,nan,,
,,,,,nan,,
,,,,,nan,,
,,,,,nan,,
,,,,,nan,,
,,,,,nan,,
,,,,,nan,,
,,,,,nan,,
,,,,,nan,,
,,,,,nan,,
,,,,,nan,,
,,,,,nan,,
,,,,,nan,,
,,,,,nan,,
,,,,,nan,,
,,,,,nan,,
,,,,,nan,,
,,,,,nan,,
,,,,,nan,,
,,,,,nan,,
,,,,,nan,,
,,,,,nan,,
,,,,,nan,,
,,,,,nan,,
,,,,,nan,,
,,,,,nan,,
,,,,,nan,,
,,,,,nan,,
,,,,,nan,,
,,,,,nan,,
,,,,,nan,,
,,,,,nan,,
,,,,,nan,,
,,,,,nan,,
,,,,,nan,,
,,,,,nan,,
,,,,,nan,,
,,,,,nan,,
,,,,,nan,,
,,,,,nan,,
,,,,,nan,,
,,,,,nan,,
,,,,,nan,,
,,,,,nan,,
,,,,,nan,,
,,,,,nan,,
,,,,,nan,,
,,,,,nan,,
,,,,,nan,,
,,,,,nan,,
,,,,,nan,,
,,,,,nan,,
,,,,,nan,,
,,,,,nan,,
,,,,,nan,,
,,,,,nan,,
,,,,,nan,,
,,,,,nan,,
,,,,,nan,,
,,,,,nan,,
,,,,,nan,,
,,,,,nan,,
,,,,,nan,,
,,,,,nan,,
,,,,,nan,,
,,,,,nan,,
,,,,,nan,,
,,,,,nan,,
,,,,,nan,,
,,,,,nan,,
,,,,,nan,,
,,,,,nan,,
,,,,,nan,,
,,,,,nan,,
,,,,,nan,,
,,,,,nan,,
,,,,,nan,,
,,,,,nan,,
,,,,,nan,,
,,,,,nan,,
,,,,,nan,,
,,,,,nan,,
,,,,,nan,,
,,,,,nan,,
,,,,,nan,,
,,,,,nan,,
,,,,,nan,,
,,,,,nan,,
,,,,,nan,,
,,,,,nan,,
,,,,,nan,,
,,,,,nan,,
,,,,,nan,,
,,,,,nan,,
,,,,,nan,,
,,,,,nan,,
,,,,,nan,,
,,,,,nan,,
,,,,,nan,,
,,,,,nan,,
,,,,,nan,,
,,,,,nan,,
,,,,,nan,,
,,,,,nan,,
,,,,,nan,,
,,,,,nan,,
,,,,,nan,,
,,,,,nan,,
,,,,,nan,,
,,,,,nan,,
,,,,,nan,,
,,,,,nan,,
,,,,,nan,,
,,,,,nan,,
,,,,,nan,,
,,,,,nan,,
,,,,,nan,,
,,,,,nan,,
,,,,,nan,,
,,,,,nan,,
,,,,,nan,,
,,,,,nan,,
,,,,,nan,,
,,,,,nan,,
,,,,,nan,,
,,,,,nan,,
,,,,,nan,,
,,,,,nan,,
,,,,,nan,,
,,,,,nan,,
,,,,,nan,,
,,,,,nan,,
,,,,,nan,,
,,,,,nan,,
,,,,,nan,,
,,,,,nan,,
,,,,,nan,,
,,,,,nan,,
,,,,,nan,,
,,,,,nan,,
,,,,,nan,,
,,,,,nan,,
,,,,,nan,,
,,,,,nan,,
,,,,,nan,,
,,,,,nan,,
,,,,,nan,,
,,,,,nan,,
,,,,,nan,,
,,,,,nan,,
,,,,,nan,,
,,,,,nan,,
,,,,,nan,,
,,,,,nan,,
,,,,,nan,,
,,,,,nan,,
,,,,,nan,,
,,,,,nan,,
,,,,,nan,,
,,,,,nan,,
,,,,,nan,,
,,,,,nan,,
,,,,,nan,,
,,,,,nan,,
,,,,,nan,,
,,,,,nan,,
,,,,,nan,,
,,,,,nan,,
,,,,,nan,,
,,,,,nan,,
,,,,,nan,,
,,,,,nan,,
,,,,,nan,,
,,,,,nan,,
,,,,,nan,,
,,,,,nan,,
,,,,,nan,,
,,,,,nan,,
,,,,,nan,,
,,,,,nan,,
,,,,,nan,,
,,,,,nan,,
,,,,,nan,,
,,,,,nan,,
,,,,,nan,,
,,,,,nan,,
,,,,,nan,,
,,,,,nan,,
,,,,,nan,,
,,,,,nan,,
,,,,,nan,,
,,,,,nan,,
,,,,,nan,,
,,,,,nan,,
,,,,,nan,,
,,,,,nan,,
,,,,,nan,,
,,,,,nan,,
,,,,,nan,,
,,,,,nan,,
,,,,,nan,,
,,,,,nan,,
,,,,,nan,,
,,,,,nan,,
,,,,,nan,,
,,,,,nan,,
,,,,,nan,,
,,,,,nan,,
,,,,,nan,,
,,,,,nan,,
,,,,,nan,,
,,,,,nan,,
,,,,,nan,,
,,,,,nan,,
,,,,,nan,,
,,,,,nan,,
,,,,,nan,,
,,,,,nan,,
,,,,,nan,,
,,,,,nan,,
,,,,,nan,,
,,,,,nan,,
,,,,,nan,,
,,,,,nan,,
,,,,,nan,,
,,,,,nan,,
,,,,,nan,,
,,,,,nan,,
,,,,,nan,,
,,,,,nan,,
,,,,,nan,,
,,,,,nan,,
,,,,,nan,,
,,,,,nan,,
,,,,,nan,,
,,,,,nan,,
,,,,,nan,,
,,,,,nan,,
,,,,,nan,,
,,,,,nan,,
,,,,,nan,,
,,,,,nan,,
,,,,,nan,,
,,,,,nan,,
,,,,,nan,,
,,,,,nan,,
,,,,,nan,,
,,,,,nan,,
,,,,,nan,,
,,,,,nan,,
,,,,,nan,,
,,,,,nan,,
,,,,,nan,,
,,,,,nan,,
,,,,,nan,,
,,,,,nan,,
,,,,,nan,,
,,,,,nan,,
,,,,,nan,,
,,,,,nan,,
,,,,,nan,,
,,,,,nan,,
,,,,,nan,,
,,,,,nan,,
,,,,,nan,,
,,,,,nan,,
,,,,,nan,,
,,,,,nan,,
,,,,,nan,,
,,,,,nan,,
,,,,,nan,,
,,,,,nan,,
,,,,,nan,,
,,,,,nan,,
,,,,,nan,,
,,,,,nan,,
,,,,,nan,,
,,,,,nan,,
,,,,,nan,,
,,,,,nan,,
,,,,,nan,,
,,,,,nan,,
,,,,,nan,,
,,,,,nan,,
,,,,,nan,,
,,,,,nan,,
,,,,,nan,,
,,,,,nan,,
,,,,,nan,,
,,,,,nan,,
,,,,,nan,,
,,,,,nan,,
,,,,,nan,,
,,,,,nan,,
,,,,,nan,,
,,,,,nan,,
,,,,,nan,,
,,,,,nan,,
,,,,,nan,,
,,,,,nan,,
,,,,,nan,,
,,,,,nan,,
,,,,,nan,,
,,,,,nan,,
,,,,,nan,,
,,,,,nan,,
,,,,,nan,,
,,,,,nan,,
,,,,,nan,,
,,,,,nan,,
,,,,,nan,,
,,,,,nan,,
,,,,,nan,,
,,,,,nan,,
,,,,,nan,,
,,,,,nan,,
,,,,,nan,,
,,,,,nan,,
,,,,,nan,,
,,,,,nan,,
,,,,,nan,,
,,,,,nan,,
,,,,,nan,,
,,,,,nan,,
,,,,,nan,,
,,,,,nan,,
,,,,,nan,,
,,,,,nan,,
,,,,,nan,,
,,,,,nan,,
,,,,,nan,,
,,,,,nan,,
,,,,,nan,,
,,,,,nan,,
,,,,,nan,,
,,,,,nan,,
,,,,,nan,,
,,,,,nan,,
,,,,,nan,,
,,,,,nan,,
,,,,,nan,,
,,,,,nan,,
,,,,,nan,,
,,,,,nan,,
,,,,,nan,,
,,,,,nan,,
,,,,,nan,,
,,,,,nan,,
,,,,,nan,,
,,,,,nan,,
,,,,,nan,,
,,,,,nan,,
,,,,,nan,,
,,,,,nan,,
,,,,,nan,,
,,,,,nan,,
,,,,,nan,,
,,,,,nan,,
,,,,,nan,,
,,,,,nan,,
,,,,,nan,,
,,,,,nan,,
,,,,,nan,,
,,,,,nan,,
,,,,,nan,,
,,,,,nan,,
,,,,,nan,,
,,,,,nan,,
,,,,,nan,,
,,,,,nan,,
,,,,,nan,,
,,,,,nan,,
,,,,,nan,,
,,,,,nan,,
,,,,,nan,,
,,,,,nan,,
,,,,,nan,,
,,,,,nan,,
,,,,,nan,,
,,,,,nan,,
,,,,,nan,,
,,,,,nan,,
,,,,,nan,,
,,,,,nan,,
,,,,,nan,,
,,,,,nan,,
,,,,,nan,,
,,,,,nan,,
,,,,,nan,,
,,,,,nan,,
,,,,,nan,,
,,,,,nan,,
,,,,,nan,,
,,,,,nan,,
,,,,,nan,,
,,,,,nan,,
,,,,,nan,,
,,,,,nan,,
,,,,,nan,,
,,,,,nan,,
,,,,,nan,,
,,,,,nan,,
,,,,,nan,,
,,,,,nan,,
,,,,,nan,,
,,,,,nan,,
,,,,,nan,,
,,,,,nan,,
,,,,,nan,,
,,,,,nan,,
,,,,,nan,,
,,,,,nan,,
,,,,,nan,,
,,,,,nan,,
,,,,,nan,,
,,,,,nan,,
,,,,,nan,,
,,,,,nan,,
,,,,,nan,,
,,,,,nan,,
,,,,,nan,,
,,,,,nan,,
,,,,,nan,,
,,,,,nan,,
,,,,,nan,,
,,,,,nan,,
,,,,,nan,,
,,,,,nan,,
,,,,,nan,,
,,,,,nan,,
,,,,,nan,,
,,,,,nan,,
,,,,,nan,,
,,,,,nan,,
,,,,,nan,,
,,,,,nan,,
,,,,,nan,,
,,,,,nan,,
,,,,,nan,,
,,,,,nan,,
,,,,,nan,,
,,,,,nan,,
,,,,,nan,,
,,,,,nan,,
,,,,,nan,,
,,,,,nan,,
,,,,,nan,,
,,,,,nan,,
,,,,,nan,,
,,,,,nan,,
,,,,,nan,,
,,,,,nan,,
,,,,,nan,,
,,,,,nan,,
,,,,,nan,,
,,,,,nan,,
,,,,,nan,,
,,,,,nan,,
,,,,,nan,,
,,,,,nan,,
,,,,,nan,,
,,,,,nan,,
,,,,,nan,,
,,,,,nan,,
,,,,,nan,,
,,,,,nan,,
,,,,,nan,,
,,,,,nan,,
,,,,,nan,,
,,,,,nan,,
,,,,,nan,,
,,,,,nan,,
,,,,,nan,,
,,,,,nan,,
,,,,,nan,,
,,,,,nan,,
,,,,,nan,,
,,,,,nan,,
,,,,,nan,,
,,,,,nan,,
,,,,,nan,,
,,,,,nan,,
,,,,,nan,,
,,,,,nan,,
,,,,,nan,,
,,,,,nan,,
,,,,,nan,,
,,,,,nan,,
,,,,,nan,,
,,,,,nan,,
,,,,,nan,,
,,,,,nan,,
,,,,,nan,,
,,,,,nan,,
,,,,,nan,,
,,,,,nan,,
,,,,,nan,,
,,,,,nan,,
,,,,,nan,,
,,,,,nan,,
,,,,,nan,,
,,,,,nan,,
,,,,,nan,,
,,,,,nan,,
,,,,,nan,,
,,,,,nan,,
,,,,,nan,,
,,,,,nan,,
,,,,,nan,,
,,,,,nan,,
,,,,,nan,,
,,,,,nan,,
,,,,,nan,,
,,,,,nan,,
,,,,,nan,,
,,,,,nan,,
,,,,,nan,,
,,,,,nan,,
,,,,,nan,,
,,,,,nan,,
,,,,,nan,,
,,,,,nan,,
,,,,,nan,,
,,,,,nan,,
,,,,,nan,,
,,,,,nan,,
,,,,,nan,,
,,,,,nan,,
,,,,,nan,,
,,,,,nan,,
,,,,,nan,,
,,,,,nan,,
,,,,,nan,,
,,,,,nan,,
,,,,,nan,,
,,,,,nan,,
,,,,,nan,,
,,,,,nan,,
,,,,,nan,,
,,,,,nan,,
,,,,,nan,,
,,,,,nan,,
,,,,,nan,,
,,,,,nan,,
,,,,,nan,,
,,,,,nan,,
,,,,,nan,,
,,,,,nan,,
,,,,,nan,,
,,,,,nan,,
,,,,,nan,,
,,,,,nan,,
,,,,,nan,,
,,,,,nan,,
,,,,,nan,,
,,,,,nan,,
,,,,,nan,,
,,,,,nan,,
,,,,,nan,,
,,,,,nan,,
,,,,,nan,,
,,,,,nan,,
,,,,,nan,,
,,,,,nan,,
,,,,,nan,,
,,,,,nan,,
,,,,,nan,,
,,,,,nan,,
,,,,,nan,,
,,,,,nan,,
,,,,,nan,,
,,,,,nan,,
,,,,,nan,,
,,,,,nan,,
,,,,,nan,,
,,,,,nan,,
,,,,,nan,,
,,,,,nan,,
,,,,,nan,,
,,,,,nan,,
,,,,,nan,,
,,,,,nan,,
,,,,,nan,,
,,,,,nan,,
,,,,,nan,,
,,,,,nan,,
,,,,,nan,,
,,,,,nan,,
,,,,,nan,,
,,,,,nan,,
,,,,,nan,,
,,,,,nan,,
,,,,,nan,,
,,,,,nan,,
,,,,,nan,,
,,,,,nan,,
,,,,,nan,,
,,,,,nan,,
,,,,,nan,,
,,,,,nan,,
,,,,,nan,,
,,,,,nan,,
,,,,,nan,,
,,,,,nan,,
,,,,,nan,,
,,,,,nan,,
,,,,,nan,,
,,,,,nan,,
,,,,,nan,,
,,,,,nan,,
,,,,,nan,,
,,,,,nan,,
,,,,,nan,,
,,,,,nan,,
,,,,,nan,,
,,,,,nan,,
,,,,,nan,,
,,,,,nan,,
,,,,,nan,,
,,,,,nan,,
,,,,,nan,,
,,,,,nan,,
,,,,,nan,,
,,,,,nan,,
,,,,,nan,,
,,,,,nan,,
,,,,,nan,,
,,,,,nan,,
,,,,,nan,,
,,,,,nan,,
,,,,,nan,,
,,,,,nan,,
,,,,,nan,,
,,,,,nan,,
,,,,,nan,,
,,,,,nan,,
,,,,,nan,,
,,,,,nan,,
,,,,,nan,,
,,,,,nan,,
,,,,,nan,,
,,,,,nan,,
,,,,,nan,,
,,,,,nan,,
,,,,,nan,,
,,,,,nan,,
,,,,,nan,,
,,,,,nan,,
,,,,,nan,,
,,,,,nan,,
,,,,,nan,,
,,,,,nan,,
,,,,,nan,,
,,,,,nan,,
,,,,,nan,,
,,,,,nan,,
,,,,,nan,,
,,,,,nan,,
,,,,,nan,,
,,,,,nan,,
,,,,,nan,,
,,,,,nan,,
,,,,,nan,,
,,,,,nan,,
,,,,,nan,,
,,,,,nan,,
,,,,,nan,,
,,,,,nan,,
,,,,,nan,,
,,,,,nan,,
,,,,,nan,,
,,,,,nan,,
,,,,,nan,,
,,,,,nan,,
,,,,,nan,,
,,,,,nan,,
,,,,,nan,,
,,,,,nan,,
,,,,,nan,,
,,,,,nan,,
,,,,,nan,,
,,,,,nan,,
,,,,,nan,,
,,,,,nan,,
,,,,,nan,,
,,,,,nan,,
,,,,,nan,,
,,,,,nan,,
,,,,,nan,,
,,,,,nan,,
,,,,,nan,,
,,,,,nan,,
,,,,,nan,,
,,,,,nan,,
,,,,,nan,,
,,,,,nan,,
,,,,,nan,,
,,,,,nan,,
,,,,,nan,,
,,,,,nan,,
,,,,,nan,,
,,,,,nan,,
,,,,,nan,,
,,,,,nan,,
,,,,,nan,,
,,,,,nan,,
,,,,,nan,,
,,,,,nan,,
,,,,,nan,,
,,,,,nan,,
,,,,,nan,,
,,,,,nan,,
,,,,,nan,,
,,,,,nan,,
,,,,,nan,,
,,,,,nan,,
,,,,,nan,,
,,,,,nan,,
,,,,,nan,,
,,,,,nan,,
,,,,,nan,,
,,,,,nan,,
,,,,,nan,,
,,,,,nan,,
,,,,,nan,,
,,,,,nan,,
,,,,,nan,,
,,,,,nan,,
,,,,,nan,,
,,,,,nan,,
,,,,,nan,,
,,,,,nan,,
,,,,,nan,,
,,,,,nan,,
,,,,,nan,,
,,,,,nan,,
,,,,,nan,,
,,,,,nan,,
,,,,,nan,,
,,,,,nan,,
,,,,,nan,,
,,,,,nan,,
,,,,,nan,,
,,,,,nan,,
,,,,,nan,,
,,,,,nan,,
,,,,,nan,,
,,,,,nan,,
,,,,,nan,,
,,,,,nan,,
,,,,,nan,,
,,,,,nan,,
,,,,,nan,,
,,,,,nan,,
,,,,,nan,,
,,,,,nan,,
,,,,,nan,,
,,,,,nan,,
,,,,,nan,,
,,,,,nan,,
,,,,,nan,,
,,,,,nan,,
,,,,,nan,,
,,,,,nan,,
,,,,,nan,,
,,,,,nan,,
,,,,,nan,,
,,,,,nan,,
,,,,,nan,,
,,,,,nan,,
,,,,,nan,,
,,,,,nan,,
,,,,,nan,,
,,,,,nan,,
,,,,,nan,,
,,,,,nan,,
,,,,,nan,,
,,,,,nan,,
,,,,,nan,,
,,,,,nan,,
,,,,,nan,,
,,,,,nan,,
,,,,,nan,,
,,,,,nan,,
,,,,,nan,,
,,,,,nan,,
,,,,,nan,,
,,,,,nan,,
,,,,,nan,,
,,,,,nan,,
,,,,,nan,,
,,,,,nan,,
,,,,,nan,,
,,,,,nan,,
,,,,,nan,,
,,,,,nan,,
,,,,,nan,,
,,,,,nan,,
,,,,,nan,,
,,,,,nan,,
,,,,,nan,,
,,,,,nan,,
,,,,,nan,,
,,,,,nan,,
,,,,,nan,,
,,,,,nan,,
,,,,,nan,,
,,,,,nan,,
,,,,,nan,,
,,,,,nan,,
,,,,,nan,,
,,,,,nan,,
,,,,,nan,,
,,,,,nan,,
,,,,,nan,,
,,,,,nan,,
,,,,,nan,,
,,,,,nan,,
,,,,,nan,,
,,,,,nan,,
,,,,,nan,,
,,,,,nan,,
,,,,,nan,,
,,,,,nan,,
,,,,,nan,,
,,,,,nan,,
,,,,,nan,,
,,,,,nan,,
,,,,,nan,,
,,,,,nan,,
,,,,,nan,,
,,,,,nan,,
,,,,,nan,,
,,,,,nan,,
,,,,,nan,,
,,,,,nan,,
,,,,,nan,,
,,,,,nan,,
,,,,,nan,,
,,,,,nan,,
,,,,,nan,,
,,,,,nan,,
,,,,,nan,,
,,,,,nan,,
,,,,,nan,,
,,,,,nan,,
,,,,,nan,,
,,,,,nan,,
,,,,,nan,,
,,,,,nan,,
,,,,,nan,,
,,,,,nan,,
,,,,,nan,,
,,,,,nan,,
,,,,,nan,,
,,,,,nan,,
,,,,,nan,,
,,,,,nan,,
,,,,,nan,,
,,,,,nan,,
,,,,,nan,,
,,,,,nan,,
,,,,,nan,,
,,,,,nan,,
,,,,,nan,,
,,,,,nan,,
,,,,,nan,,
,,,,,nan,,
,,,,,nan,,
,,,,,nan,,
,,,,,nan,,
,,,,,nan,,
,,,,,nan,,
,,,,,nan,,
,,,,,nan,,
,,,,,nan,,
,,,,,nan,,
,,,,,nan,,
,,,,,nan,,
,,,,,nan,,
,,,,,nan,,
,,,,,nan,,
,,,,,nan,,
,,,,,nan,,
,,,,,nan,,
,,,,,nan,,
,,,,,nan,,
,,,,,nan,,
,,,,,nan,,
,,,,,nan,,
,,,,,nan,,
,,,,,nan,,
,,,,,nan,,
,,,,,nan,,
,,,,,nan,,
,,,,,nan,,
,,,,,nan,,
,,,,,nan,,
,,,,,nan,,
,,,,,nan,,
,,,,,nan,,
,,,,,nan,,
,,,,,nan,,
,,,,,nan,,
,,,,,nan,,
,,,,,nan,,
,,,,,nan,,
,,,,,nan,,
,,,,,nan,,
,,,,,nan,,
,,,,,nan,,
,,,,,nan,,
,,,,,nan,,
,,,,,nan,,
,,,,,nan,,
,,,,,nan,,
,,,,,nan,,
,,,,,nan,,
,,,,,nan,,
,,,,,nan,,
,,,,,nan,,
,,,,,nan,,
,,,,,nan,,
,,,,,nan,,
,,,,,nan,,
,,,,,nan,,
,,,,,nan,,
,,,,,nan,,
,,,,,nan,,
,,,,,nan,,
,,,,,nan,,
,,,,,nan,,
,,,,,nan,,
,,,,,nan,,
,,,,,nan,,
,,,,,nan,,
,,,,,nan,,
,,,,,nan,,
,,,,,nan,,
,,,,,nan,,
,,,,,nan,,
,,,,,nan,,
,,,,,nan,,
,,,,,nan,,
,,,,,nan,,
,,,,,nan,,
,,,,,nan,,
,,,,,nan,,
,,,,,nan,,
,,,,,nan,,
,,,,,nan,,
,,,,,nan,,
,,,,,nan,,
,,,,,nan,,
,,,,,nan,,
,,,,,nan,,
,,,,,nan,,
,,,,,nan,,
,,,,,nan,,
,,,,,nan,,
,,,,,nan,,
,,,,,nan,,
,,,,,nan,,
,,,,,nan,,
,,,,,nan,,
,,,,,nan,,
,,,,,nan,,
,,,,,nan,,
,,,,,nan,,
,,,,,nan,,
,,,,,nan,,
,,,,,nan,,
,,,,,nan,,
,,,,,nan,,
,,,,,nan,,
,,,,,nan,,
,,,,,nan,,
,,,,,nan,,
,,,,,nan,,
,,,,,nan,,
,,,,,nan,,
,,,,,nan,,
,,,,,nan,,
,,,,,nan,,
,,,,,nan,,
,,,,,nan,,
,,,,,nan,,
,,,,,nan,,
,,,,,nan,,
,,,,,nan,,
,,,,,nan,,
,,,,,nan,,
,,,,,nan,,
,,,,,nan,,
,,,,,nan,,
,,,,,nan,,
,,,,,nan,,
,,,,,nan,,
,,,,,nan,,
,,,,,nan,,
,,,,,nan,,
,,,,,nan,,
,,,,,nan,,
,,,,,nan,,
,,,,,nan,,
,,,,,nan,,
,,,,,nan,,
,,,,,nan,,
,,,,,nan,,
,,,,,nan,,
,,,,,nan,,
,,,,,nan,,
,,,,,nan,,
,,,,,nan,,
,,,,,nan,,
,,,,,nan,,
,,,,,nan,,
,,,,,nan,,
,,,,,nan,,
,,,,,nan,,
,,,,,nan,,
,,,,,nan,,
,,,,,nan,,
,,,,,nan,,
,,,,,nan,,
,,,,,nan,,
,,,,,nan,,
,,,,,nan,,
,,,,,nan,,
,,,,,nan,,
,,,,,nan,,
,,,,,nan,,
,,,,,nan,,
,,,,,nan,,
,,,,,nan,,
,,,,,nan,,
,,,,,nan,,
,,,,,nan,,
,,,,,nan,,
,,,,,nan,,
,,,,,nan,,
,,,,,nan,,
,,,,,nan,,
,,,,,nan,,
,,,,,nan,,
,,,,,nan,,
,,,,,nan,,
,,,,,nan,,
,,,,,nan,,
,,,,,nan,,
,,,,,nan,,
,,,,,nan,,
,,,,,nan,,
,,,,,nan,,
,,,,,nan,,
,,,,,nan,,
,,,,,nan,,
,,,,,nan,,
,,,,,nan,,
,,,,,nan,,
,,,,,nan,,
,,,,,nan,,
,,,,,nan,,
,,,,,nan,,
,,,,,nan,,
,,,,,nan,,
,,,,,nan,,
,,,,,nan,,
,,,,,nan,,
,,,,,nan,,
,,,,,nan,,
,,,,,nan,,
,,,,,nan,,
,,,,,nan,,
,,,,,nan,,
,,,,,nan,,
,,,,,nan,,
,,,,,nan,,
,,,,,nan,,
,,,,,nan,,
,,,,,nan,,
,,,,,nan,,
,,,,,nan,,
,,,,,nan,,
,,,,,nan,,
,,,,,nan,,
,,,,,nan,,
,,,,,nan,,
,,,,,nan,,
,,,,,nan,,
,,,,,nan,,
,,,,,nan,,
,,,,,nan,,
,,,,,nan,,
,,,,,nan,,
,,,,,nan,,
,,,,,nan,,
,,,,,nan,,
,,,,,nan,,
,,,,,nan,,
,,,,,nan,,
,,,,,nan,,
,,,,,nan,,
,,,,,nan,,
,,,,,nan,,
,,,,,nan,,
,,,,,nan,,
,,,,,nan,,
,,,,,nan,,
,,,,,nan,,
,,,,,nan,,
,,,,,nan,,
,,,,,nan,,
,,,,,nan,,
,,,,,nan,,
,,,,,nan,,
,,,,,nan,,
,,,,,nan,,
,,,,,nan,,
,,,,,nan,,
,,,,,nan,,
,,,,,nan,,
,,,,,nan,,
,,,,,nan,,
,,,,,nan,,
,,,,,nan,,
,,,,,nan,,
,,,,,nan,,
,,,,,nan,,
,,,,,nan,,
,,,,,nan,,
,,,,,nan,,
,,,,,nan,,
,,,,,nan,,
,,,,,nan,,
,,,,,nan,,
,,,,,nan,,
,,,,,nan,,
,,,,,nan,,
,,,,,nan,,
,,,,,nan,,
,,,,,nan,,
,,,,,nan,,
,,,,,nan,,
,,,,,nan,,
,,,,,nan,,
,,,,,nan,,
,,,,,nan,,
,,,,,nan,,
,,,,,nan,,
,,,,,nan,,
,,,,,nan,,
,,,,,nan,,
,,,,,nan,,
,,,,,nan,,
,,,,,nan,,
,,,,,nan,,
,,,,,nan,,
,,,,,nan,,
,,,,,nan,,
,,,,,nan,,
,,,,,nan,,
,,,,,nan,,
,,,,,nan,,
,,,,,nan,,
,,,,,nan,,
,,,,,nan,,
,,,,,nan,,
,,,,,nan,,
,,,,,nan,,
,,,,,nan,,
,,,,,nan,,
,,,,,nan,,
,,,,,nan,,
,,,,,nan,,
,,,,,nan,,
,,,,,nan,,
,,,,,nan,,
,,,,,nan,,
,,,,,nan,,
,,,,,nan,,
,,,,,nan,,
,,,,,nan,,
,,,,,nan,,
,,,,,nan,,
,,,,,nan,,
,,,,,nan,,
,,,,,nan,,
,,,,,nan,,
,,,,,nan,,
,,,,,nan,,
,,,,,nan,,
,,,,,nan,,
,,,,,nan,,
,,,,,nan,,
,,,,,nan,,
,,,,,nan,,
,,,,,nan,,
,,,,,nan,,
,,,,,nan,,
,,,,,nan,,
,,,,,nan,,
,,,,,nan,,
,,,,,nan,,
,,,,,nan,,
,,,,,nan,,
,,,,,nan,,
,,,,,nan,,
,,,,,nan,,
,,,,,nan,,
,,,,,nan,,
,,,,,nan,,
,,,,,nan,,
,,,,,nan,,
,,,,,nan,,
,,,,,nan,,
,,,,,nan,,
,,,,,nan,,
,,,,,nan,,
,,,,,nan,,
,,,,,nan,,
,,,,,nan,,
,,,,,nan,,
,,,,,nan,,
,,,,,nan,,
,,,,,nan,,
,,,,,nan,,
,,,,,nan,,
,,,,,nan,,
,,,,,nan,,
,,,,,nan,,
,,,,,nan,,
,,,,,nan,,
,,,,,nan,,
,,,,,nan,,
,,,,,nan,,
,,,,,nan,,
,,,,,nan,,
,,,,,nan,,
,,,,,nan,,
,,,,,nan,,
,,,,,nan,,
,,,,,nan,,
,,,,,nan,,
,,,,,nan,,
,,,,,nan,,
,,,,,nan,,
,,,,,nan,,
,,,,,nan,,
,,,,,nan,,
,,,,,nan,,
,,,,,nan,,
,,,,,nan,,
,,,,,nan,,
,,,,,nan,,
,,,,,nan,,
,,,,,nan,,
,,,,,nan,,
,,,,,nan,,
,,,,,nan,,
,,,,,nan,,
,,,,,nan,,
,,,,,nan,,
,,,,,nan,,
,,,,,nan,,
,,,,,nan,,
,,,,,nan,,
,,,,,nan,,
,,,,,nan,,
,,,,,nan,,
,,,,,nan,,
,,,,,nan,,
,,,,,nan,,
,,,,,nan,,
,,,,,nan,,
,,,,,nan,,
,,,,,nan,,
,,,,,nan,,
,,,,,nan,,
,,,,,nan,,
,,,,,nan,,
,,,,,nan,,
,,,,,nan,,
,,,,,nan,,
,,,,,nan,,
,,,,,nan,,
,,,,,nan,,
,,,,,nan,,
,,,,,nan,,
,,,,,nan,,
,,,,,nan,,
,,,,,nan,,
,,,,,nan,,
,,,,,nan,,
,,,,,nan,,
,,,,,nan,,
,,,,,nan,,
,,,,,nan,,
,,,,,nan,,
,,,,,nan,,
,,,,,nan,,
,,,,,nan,,
,,,,,nan,,
,,,,,nan,,
,,,,,nan,,
,,,,,nan,,
,,,,,nan,,
,,,,,nan,,
,,,,,nan,,
,,,,,nan,,
,,,,,nan,,
,,,,,nan,,
,,,,,nan,,
,,,,,nan,,
,,,,,nan,,
,,,,,nan,,
,,,,,nan,,
,,,,,nan,,
,,,,,nan,,
,,,,,nan,,
,,,,,nan,,
,,,,,nan,,
,,,,,nan,,
,,,,,nan,,
,,,,,nan,,
,,,,,nan,,
,,,,,nan,,
,,,,,nan,,
,,,,,nan,,
,,,,,nan,,
,,,,,nan,,
,,,,,nan,,
,,,,,nan,,
,,,,,nan,,
,,,,,nan,,
,,,,,nan,,
,,,,,nan,,
,,,,,nan,,
,,,,,nan,,
,,,,,nan,,
,,,,,nan,,
,,,,,nan,,
,,,,,nan,,
,,,,,nan,,
,,,,,nan,,
,,,,,nan,,
,,,,,nan,,
,,,,,nan,,
,,,,,nan,,
,,,,,nan,,
,,,,,nan,,
,,,,,nan,,
,,,,,nan,,
,,,,,nan,,
,,,,,nan,,
,,,,,nan,,
,,,,,nan,,
,,,,,nan,,
,,,,,nan,,
,,,,,nan,,
,,,,,nan,,
,,,,,nan,,
,,,,,nan,,
,,,,,nan,,
,,,,,nan,,
,,,,,nan,,
,,,,,nan,,
,,,,,nan,,
,,,,,nan,,
,,,,,nan,,
,,,,,nan,,
,,,,,nan,,
,,,,,nan,,
,,,,,nan,,
,,,,,nan,,
,,,,,nan,,
,,,,,nan,,
,,,,,nan,,
,,,,,nan,,
,,,,,nan,,
,,,,,nan,,
,,,,,nan,,
,,,,,nan,,
,,,,,nan,,
,,,,,nan,,
,,,,,nan,,
,,,,,nan,,
,,,,,nan,,
,,,,,nan,,
,,,,,nan,,
,,,,,nan,,
,,,,,nan,,
,,,,,nan,,
,,,,,nan,,
,,,,,nan,,
,,,,,nan,,
,,,,,nan,,
,,,,,nan,,
,,,,,nan,,
,,,,,nan,,
,,,,,nan,,
,,,,,nan,,
,,,,,nan,,
,,,,,nan,,
,,,,,nan,,
,,,,,nan,,
,,,,,nan,,
,,,,,nan,,
,,,,,nan,,
,,,,,nan,,
,,,,,nan,,
,,,,,nan,,
,,,,,nan,,
,,,,,nan,,
,,,,,nan,,
,,,,,nan,,
,,,,,nan,,
,,,,,nan,,
,,,,,nan,,
,,,,,nan,,
,,,,,nan,,
,,,,,nan,,
,,,,,nan,,
,,,,,nan,,
,,,,,nan,,
,,,,,nan,,
,,,,,nan,,
,,,,,nan,,
,,,,,nan,,
,,,,,nan,,
,,,,,nan,,
,,,,,nan,,
,,,,,nan,,
,,,,,nan,,
,,,,,nan,,
,,,,,nan,,
,,,,,nan,,
,,,,,nan,,
,,,,,nan,,
,,,,,nan,,
,,,,,nan,,
,,,,,nan,,
,,,,,nan,,
,,,,,nan,,
,,,,,nan,,
,,,,,nan,,
,,,,,nan,,
,,,,,nan,,
,,,,,nan,,
,,,,,nan,,
,,,,,nan,,
,,,,,nan,,
,,,,,nan,,
,,,,,nan,,
,,,,,nan,,
,,,,,nan,,
,,,,,nan,,
,,,,,nan,,
,,,,,nan,,
,,,,,nan,,
,,,,,nan,,
,,,,,nan,,
,,,,,nan,,
,,,,,nan,,
,,,,,nan,,
,,,,,nan,,
,,,,,nan,,
,,,,,nan,,
,,,,,nan,,
,,,,,nan,,
,,,,,nan,,
,,,,,nan,,
,,,,,nan,,
,,,,,nan,,
,,,,,nan,,
,,,,,nan,,
,,,,,nan,,
,,,,,nan,,
,,,,,nan,,
,,,,,nan,,
,,,,,nan,,
,,,,,nan,,
,,,,,nan,,
,,,,,nan,,
,,,,,nan,,
,,,,,nan,,
,,,,,nan,,
,,,,,nan,,
,,,,,nan,,
,,,,,nan,,
,,,,,nan,,
,,,,,nan,,
,,,,,nan,,
,,,,,nan,,
,,,,,nan,,
,,,,,nan,,
,,,,,nan,,
,,,,,nan,,
,,,,,nan,,
,,,,,nan,,
,,,,,nan,,
,,,,,nan,,
,,,,,nan,,
,,,,,nan,,
,,,,,nan,,
,,,,,nan,,
,,,,,nan,,
,,,,,nan,,
,,,,,nan,,
,,,,,nan,,
,,,,,nan,,
,,,,,nan,,
,,,,,nan,,
,,,,,nan,,
,,,,,nan,,
,,,,,nan,,
,,,,,nan,,
,,,,,nan,,
,,,,,nan,,
,,,,,nan,,
,,,,,nan,,
,,,,,nan,,
,,,,,nan,,
,,,,,nan,,
,,,,,nan,,
,,,,,nan,,
,,,,,nan,,
,,,,,nan,,
,,,,,nan,,
,,,,,nan,,
,,,,,nan,,
,,,,,nan,,
,,,,,nan,,
,,,,,nan,,
,,,,,nan,,
,,,,,nan,,
,,,,,nan,,
,,,,,nan,,
,,,,,nan,,
,,,,,nan,,
,,,,,nan,,
,,,,,nan,,
,,,,,nan,,
,,,,,nan,,
,,,,,nan,,
,,,,,nan,,
,,,,,nan,,
,,,,,nan,,
,,,,,nan,,
,,,,,nan,,
,,,,,nan,,
,,,,,nan,,
,,,,,nan,,
,,,,,nan,,
,,,,,nan,,
,,,,,nan,,
,,,,,nan,,
,,,,,nan,,
,,,,,nan,,
,,,,,nan,,
,,,,,nan,,
,,,,,nan,,
,,,,,nan,,
,,,,,nan,,
,,,,,nan,,
,,,,,nan,,
,,,,,nan,,
,,,,,nan,,
,,,,,nan,,
,,,,,nan,,
,,,,,nan,,
,,,,,nan,,
,,,,,nan,,
,,,,,nan,,
,,,,,nan,,
,,,,,nan,,
,,,,,nan,,
,,,,,nan,,
,,,,,nan,,
,,,,,nan,,
,,,,,nan,,
,,,,,nan,,
,,,,,nan,,
,,,,,nan,,
,,,,,nan,,
,,,,,nan,,
,,,,,nan,,
,,,,,nan,,
,,,,,nan,,
,,,,,nan,,
,,,,,nan,,
,,,,,nan,,
,,,,,nan,,
,,,,,nan,,
,,,,,nan,,
,,,,,nan,,
,,,,,nan,,
,,,,,nan,,
,,,,,nan,,
,,,,,nan,,
,,,,,nan,,
,,,,,nan,,
,,,,,nan,,
,,,,,nan,,
,,,,,nan,,
,,,,,nan,,
,,,,,nan,,
,,,,,nan,,
,,,,,nan,,
,,,,,nan,,
,,,,,nan,,
,,,,,nan,,
,,,,,nan,,
,,,,,nan,,
,,,,,nan,,
,,,,,nan,,
,,,,,nan,,
,,,,,nan,,
,,,,,nan,,
,,,,,nan,,
,,,,,nan,,
,,,,,nan,,
,,,,,nan,,
,,,,,nan,,
,,,,,nan,,
,,,,,nan,,
,,,,,nan,,
,,,,,nan,,
,,,,,nan,,
,,,,,nan,,
,,,,,nan,,
,,,,,nan,,
,,,,,nan,,
,,,,,nan,,
,,,,,nan,,
,,,,,nan,,
,,,,,nan,,
,,,,,nan,,
,,,,,nan,,
,,,,,nan,,
,,,,,nan,,
,,,,,nan,,
,,,,,nan,,
,,,,,nan,,
,,,,,nan,,
,,,,,nan,,
,,,,,nan,,
,,,,,nan,,
,,,,,nan,,
,,,,,nan,,
,,,,,nan,,
,,,,,nan,,
,,,,,nan,,
,,,,,nan,,
,,,,,nan,,
,,,,,nan,,
,,,,,nan,,
,,,,,nan,,
,,,,,nan,,
,,,,,nan,,
,,,,,nan,,
,,,,,nan,,
,,,,,nan,,
,,,,,nan,,
,,,,,nan,,
,,,,,nan,,
,,,,,nan,,
,,,,,nan,,
,,,,,nan,,
,,,,,nan,,
,,,,,nan,,
,,,,,nan,,
,,,,,nan,,
,,,,,nan,,
,,,,,nan,,
,,,,,nan,,
,,,,,nan,,
,,,,,nan,,
,,,,,nan,,
,,,,,nan,,
,,,,,nan,,
,,,,,nan,,
,,,,,nan,,
,,,,,nan,,
,,,,,nan,,
,,,,,nan,,
,,,,,nan,,
,,,,,nan,,
,,,,,nan,,
,,,,,nan,,
,,,,,nan,,
,,,,,nan,,
,,,,,nan,,
,,,,,nan,,
,,,,,nan,,
,,,,,nan,,
,,,,,nan,,
,,,,,nan,,
,,,,,nan,,
,,,,,nan,,
,,,,,nan,,
,,,,,nan,,
,,,,,nan,,
,,,,,nan,,
,,,,,nan,,
,,,,,nan,,
,,,,,nan,,
,,,,,nan,,
,,,,,nan,,
,,,,,nan,,
,,,,,nan,,
,,,,,nan,,
,,,,,nan,,
,,,,,nan,,
,,,,,nan,,
,,,,,nan,,
,,,,,nan,,
,,,,,nan,,
,,,,,nan,,
,,,,,nan,,
,,,,,nan,,
,,,,,nan,,
,,,,,nan,,
,,,,,nan,,
,,,,,nan,,
,,,,,nan,,
,,,,,nan,,
,,,,,nan,,
,,,,,nan,,
,,,,,nan,,
,,,,,nan,,
,,,,,nan,,
,,,,,nan,,
,,,,,nan,,
,,,,,nan,,
,,,,,nan,,
,,,,,nan,,
,,,,,nan,,
,,,,,nan,,
,,,,,nan,,
,,,,,nan,,
,,,,,nan,,
,,,,,nan,,
,,,,,nan,,
,,,,,nan,,
,,,,,nan,,
,,,,,nan,,
,,,,,nan,,
,,,,,nan,,
,,,,,nan,,
,,,,,nan,,
,,,,,nan,,
,,,,,nan,,
,,,,,nan,,
,,,,,nan,,
,,,,,nan,,
,,,,,nan,,
,,,,,nan,,
,,,,,nan,,
,,,,,nan,,
,,,,,nan,,
,,,,,nan,,
,,,,,nan,,
,,,,,nan,,
,,,,,nan,,
,,,,,nan,,
,,,,,nan,,
,,,,,nan,,
,,,,,nan,,
,,,,,nan,,
,,,,,nan,,
,,,,,nan,,
,,,,,nan,,
,,,,,nan,,
,,,,,nan,,
,,,,,nan,,
,,,,,nan,,
,,,,,nan,,
,,,,,nan,,
,,,,,nan,,
,,,,,nan,,
,,,,,nan,,
,,,,,nan,,
,,,,,nan,,
,,,,,nan,,
,,,,,nan,,
,,,,,nan,,
,,,,,nan,,
,,,,,nan,,
,,,,,nan,,
,,,,,nan,,
,,,,,nan,,
,,,,,nan,,
,,,,,nan,,
,,,,,nan,,
,,,,,nan,,
,,,,,nan,,
,,,,,nan,,
,,,,,nan,,
,,,,,nan,,
,,,,,nan,,
,,,,,nan,,
,,,,,nan,,
,,,,,nan,,
,,,,,nan,,
,,,,,nan,,
,,,,,nan,,
,,,,,nan,,
,,,,,nan,,
,,,,,nan,,
,,,,,nan,,
,,,,,nan,,
,,,,,nan,,
,,,,,nan,,
,,,,,nan,,
,,,,,nan,,
,,,,,nan,,
,,,,,nan,,
,,,,,nan,,
,,,,,nan,,
,,,,,nan,,
,,,,,nan,,
,,,,,nan,,
,,,,,nan,,
,,,,,nan,,
,,,,,nan,,
,,,,,nan,,
,,,,,nan,,
,,,,,nan,,
,,,,,nan,,
,,,,,nan,,
,,,,,nan,,
,,,,,nan,,
,,,,,nan,,
,,,,,nan,,
,,,,,nan,,
,,,,,nan,,
,,,,,nan,,
,,,,,nan,,
,,,,,nan,,
,,,,,nan,,
,,,,,nan,,
,,,,,nan,,
,,,,,nan,,
,,,,,nan,,
,,,,,nan,,
,,,,,nan,,
,,,,,nan,,
,,,,,nan,,
,,,,,nan,,
,,,,,nan,,
,,,,,nan,,
,,,,,nan,,
,,,,,nan,,
,,,,,nan,,
,,,,,nan,,
,,,,,nan,,
,,,,,nan,,
,,,,,nan,,
,,,,,nan,,
,,,,,nan,,
,,,,,nan,,
,,,,,nan,,
,,,,,nan,,
,,,,,nan,,
,,,,,nan,,
,,,,,nan,,
,,,,,nan,,
,,,,,nan,,
,,,,,nan,,
,,,,,nan,,
,,,,,nan,,
,,,,,nan,,
,,,,,nan,,
,,,,,nan,,
,,,,,nan,,
,,,,,nan,,
,,,,,nan,,
,,,,,nan,,
,,,,,nan,,
,,,,,nan,,
,,,,,nan,,
,,,,,nan,,
,,,,,nan,,
,,,,,nan,,
,,,,,nan,,
,,,,,nan,,
,,,,,nan,,
,,,,,nan,,
,,,,,nan,,
,,,,,nan,,
,,,,,nan,,
,,,,,nan,,
,,,,,nan,,
,,,,,nan,,
,,,,,nan,,
,,,,,nan,,
,,,,,nan,,
,,,,,nan,,
,,,,,nan,,
,,,,,nan,,
,,,,,nan,,
,,,,,nan,,
,,,,,nan,,
,,,,,nan,,
,,,,,nan,,
,,,,,nan,,
,,,,,nan,,
,,,,,nan,,
,,,,,nan,,
,,,,,nan,,
,,,,,nan,,
,,,,,nan,,
,,,,,nan,,
,,,,,nan,,
,,,,,nan,,
,,,,,nan,,
,,,,,nan,,
,,,,,nan,,
,,,,,nan,,
,,,,,nan,,
,,,,,nan,,
,,,,,nan,,
,,,,,nan,,
,,,,,nan,,
,,,,,nan,,
,,,,,nan,,
,,,,,nan,,
,,,,,nan,,
,,,,,nan,,
,,,,,nan,,
,,,,,nan,,
,,,,,nan,,
,,,,,nan,,
,,,,,nan,,
,,,,,nan,,
,,,,,nan,,
,,,,,nan,,
,,,,,nan,,
,,,,,nan,,
,,,,,nan,,
,,,,,nan,,
,,,,,nan,,
,,,,,nan,,
,,,,,nan,,
,,,,,nan,,
,,,,,nan,,
,,,,,nan,,
,,,,,nan,,
,,,,,nan,,
,,,,,nan,,
,,,,,nan,,
,,,,,nan,,
,,,,,nan,,
,,,,,nan,,
,,,,,nan,,
,,,,,nan,,
,,,,,nan,,
,,,,,nan,,
,,,,,nan,,
,,,,,nan,,
,,,,,nan,,
,,,,,nan,,
,,,,,nan,,
,,,,,nan,,
,,,,,nan,,
,,,,,nan,,
,,,,,nan,,
,,,,,nan,,
,,,,,nan,,
,,,,,nan,,
,,,,,nan,,
,,,,,nan,,
,,,,,nan,,
,,,,,nan,,
,,,,,nan,,
,,,,,nan,,
,,,,,nan,,
,,,,,nan,,
,,,,,nan,,
,,,,,nan,,
,,,,,nan,,
,,,,,nan,,
,,,,,nan,,
,,,,,nan,,
,,,,,nan,,
,,,,,nan,,
,,,,,nan,,
,,,,,nan,,
,,,,,nan,,
,,,,,nan,,
,,,,,nan,,
,,,,,nan,,
,,,,,nan,,
,,,,,nan,,
,,,,,nan,,
,,,,,nan,,
,,,,,nan,,
,,,,,nan,,
,,,,,nan,,
,,,,,nan,,
,,,,,nan,,
,,,,,nan,,
,,,,,nan,,
,,,,,nan,,
,,,,,nan,,
,,,,,nan,,
,,,,,nan,,
,,,,,nan,,
,,,,,nan,,
,,,,,nan,,
,,,,,nan,,
,,,,,nan,,
,,,,,nan,,
,,,,,nan,,
,,,,,nan,,
,,,,,nan,,
,,,,,nan,,
,,,,,nan,,
,,,,,nan,,
,,,,,nan,,
,,,,,nan,,
,,,,,nan,,
,,,,,nan,,
,,,,,nan,,
,,,,,nan,,
,,,,,nan,,
,,,,,nan,,
,,,,,nan,,
,,,,,nan,,
,,,,,nan,,
,,,,,nan,,
,,,,,nan,,
,,,,,nan,,
,,,,,nan,,
,,,,,nan,,
,,,,,nan,,
,,,,,nan,,
,,,,,nan,,
,,,,,nan,,
,,,,,nan,,
,,,,,nan,,
,,,,,nan,,
,,,,,nan,,
,,,,,nan,,
,,,,,nan,,
,,,,,nan,,
,,,,,nan,,
,,,,,nan,,
,,,,,nan,,
,,,,,nan,,
,,,,,nan,,
,,,,,nan,,
,,,,,nan,,
,,,,,nan,,
,,,,,nan,,
,,,,,nan,,
,,,,,nan,,
,,,,,nan,,
,,,,,nan,,
,,,,,nan,,
,,,,,nan,,
,,,,,nan,,
,,,,,nan,,
,,,,,nan,,
,,,,,nan,,
,,,,,nan,,
,,,,,nan,,
,,,,,nan,,
,,,,,nan,,
,,,,,nan,,
,,,,,nan,,
,,,,,nan,,
,,,,,nan,,
,,,,,nan,,
,,,,,nan,,
,,,,,nan,,
,,,,,nan,,
,,,,,nan,,
,,,,,nan,,
,,,,,nan,,
,,,,,nan,,
,,,,,nan,,
,,,,,nan,,
,,,,,nan,,
,,,,,nan,,
,,,,,nan,,
,,,,,nan,,
,,,,,nan,,
,,,,,nan,,
,,,,,nan,,
,,,,,nan,,
,,,,,nan,,
,,,,,nan,,
,,,,,nan,,
,,,,,nan,,
,,,,,nan,,
,,,,,nan,,
,,,,,nan,,
,,,,,nan,,
,,,,,nan,,
,,,,,nan,,
,,,,,nan,,
,,,,,nan,,
,,,,,nan,,
,,,,,nan,,
,,,,,nan,,
,,,,,nan,,
,,,,,nan,,
,,,,,nan,,
,,,,,nan,,
,,,,,nan,,
,,,,,nan,,
,,,,,nan,,
,,,,,nan,,
,,,,,nan,,
,,,,,nan,,
,,,,,nan,,
,,,,,nan,,
,,,,,nan,,
,,,,,nan,,
,,,,,nan,,
,,,,,nan,,
,,,,,nan,,
,,,,,nan,,
,,,,,nan,,
,,,,,nan,,
,,,,,nan,,
,,,,,nan,,
,,,,,nan,,
,,,,,nan,,
,,,,,nan,,
,,,,,nan,,
,,,,,nan,,
,,,,,nan,,
,,,,,nan,,
,,,,,nan,,
,,,,,nan,,
,,,,,nan,,
,,,,,nan,,
,,,,,nan,,
,,,,,nan,,
,,,,,nan,,
,,,,,nan,,
,,,,,nan,,
,,,,,nan,,
,,,,,nan,,
,,,,,nan,,
,,,,,nan,,
,,,,,nan,,
,,,,,nan,,
,,,,,nan,,
,,,,,nan,,
,,,,,nan,,
,,,,,nan,,
,,,,,nan,,
,,,,,nan,,
,,,,,nan,,
,,,,,nan,,
,,,,,nan,,
,,,,,nan,,
,,,,,nan,,
,,,,,nan,,
,,,,,nan,,
,,,,,nan,,
,,,,,nan,,
,,,,,nan,,
,,,,,nan,,
,,,,,nan,,
,,,,,nan,,
,,,,,nan,,
,,,,,nan,,
,,,,,nan,,
,,,,,nan,,
,,,,,nan,,
,,,,,nan,,
,,,,,nan,,
,,,,,nan,,
,,,,,nan,,
,,,,,nan,,
,,,,,nan,,
,,,,,nan,,
,,,,,nan,,
,,,,,nan,,
,,,,,nan,,
,,,,,nan,,
,,,,,nan,,
,,,,,nan,,
,,,,,nan,,
,,,,,nan,,
,,,,,nan,,
,,,,,nan,,
,,,,,nan,,
,,,,,nan,,
,,,,,nan,,
,,,,,nan,,
,,,,,nan,,
,,,,,nan,,
,,,,,nan,,
,,,,,nan,,
,,,,,nan,,
,,,,,nan,,
,,,,,nan,,
,,,,,nan,,
,,,,,nan,,
,,,,,nan,,
,,,,,nan,,
,,,,,nan,,
,,,,,nan,,
,,,,,nan,,
,,,,,nan,,
,,,,,nan,,
,,,,,nan,,
,,,,,nan,,
,,,,,nan,,
,,,,,nan,,
,,,,,nan,,
,,,,,nan,,
,,,,,nan,,
,,,,,nan,,
,,,,,nan,,
,,,,,nan,,
,,,,,nan,,
,,,,,nan,,
,,,,,nan,,
,,,,,nan,,
,,,,,nan,,
,,,,,nan,,
,,,,,nan,,
,,,,,nan,,
,,,,,nan,,
,,,,,nan,,
,,,,,nan,,
,,,,,nan,,
,,,,,nan,,
,,,,,nan,,
,,,,,nan,,
,,,,,nan,,
,,,,,nan,,
,,,,,nan,,
,,,,,nan,,
,,,,,nan,,
,,,,,nan,,
,,,,,nan,,
,,,,,nan,,
,,,,,nan,,
,,,,,nan,,
,,,,,nan,,
,,,,,nan,,
,,,,,nan,,
,,,,,nan,,
,,,,,nan,,
,,,,,nan,,
,,,,,nan,,
,,,,,nan,,
,,,,,nan,,
,,,,,nan,,
,,,,,nan,,
,,,,,nan,,
,,,,,nan,,
,,,,,nan,,
,,,,,nan,,
,,,,,nan,,
,,,,,nan,,
,,,,,nan,,
,,,,,nan,,
,,,,,nan,,
,,,,,nan,,
,,,,,nan,,
,,,,,nan,,
,,,,,nan,,
,,,,,nan,,
,,,,,nan,,
,,,,,nan,,
,,,,,nan,,
,,,,,nan,,
,,,,,nan,,
,,,,,nan,,
,,,,,nan,,
,,,,,nan,,
,,,,,nan,,
,,,,,nan,,
,,,,,nan,,
,,,,,nan,,
,,,,,nan,,
,,,,,nan,,
,,,,,nan,,
,,,,,nan,,
,,,,,nan,,
,,,,,nan,,
,,,,,nan,,
,,,,,nan,,
,,,,,nan,,
,,,,,nan,,
,,,,,nan,,
,,,,,nan,,
,,,,,nan,,
,,,,,nan,,
,,,,,nan,,
,,,,,nan,,
,,,,,nan,,
,,,,,nan,,
,,,,,nan,,
,,,,,nan,,
,,,,,nan,,
,,,,,nan,,
,,,,,nan,,
,,,,,nan,,
,,,,,nan,,
,,,,,nan,,
,,,,,nan,,
,,,,,nan,,
,,,,,nan,,
,,,,,nan,,
,,,,,nan,,
,,,,,nan,,
,,,,,nan,,
,,,,,nan,,
,,,,,nan,,
,,,,,nan,,
,,,,,nan,,
,,,,,nan,,
,,,,,nan,,
,,,,,nan,,
,,,,,nan,,
,,,,,nan,,
,,,,,nan,,
,,,,,nan,,
,,,,,nan,,
,,,,,nan,,
,,,,,nan,,
,,,,,nan,,
,,,,,nan,,
,,,,,nan,,
,,,,,nan,,
,,,,,nan,,
,,,,,nan,,
,,,,,nan,,
,,,,,nan,,
,,,,,nan,,
,,,,,nan,,
,,,,,nan,,
,,,,,nan,,
,,,,,nan,,
,,,,,nan,,
,,,,,nan,,
,,,,,nan,,
,,,,,nan,,
,,,,,nan,,
,,,,,nan,,
,,,,,nan,,
,,,,,nan,,
,,,,,nan,,
,,,,,nan,,
,,,,,nan,,
,,,,,nan,,
,,,,,nan,,
,,,,,nan,,
,,,,,nan,,
,,,,,nan,,
,,,,,nan,,
,,,,,nan,,
,,,,,nan,,
,,,,,nan,,
,,,,,nan,,
,,,,,nan,,
,,,,,nan,,
,,,,,nan,,
,,,,,nan,,
,,,,,nan,,
,,,,,nan,,
,,,,,nan,,
,,,,,nan,,
,,,,,nan,,
,,,,,nan,,
,,,,,nan,,
,,,,,nan,,
,,,,,nan,,
,,,,,nan,,
,,,,,nan,,
,,,,,nan,,
,,,,,nan,,
,,,,,nan,,
,,,,,nan,,
,,,,,nan,,
,,,,,nan,,
,,,,,nan,,
,,,,,nan,,
,,,,,nan,,
,,,,,nan,,
,,,,,nan,,
,,,,,nan,,
,,,,,nan,,
,,,,,nan,,
,,,,,nan,,
,,,,,nan,,
,,,,,nan,,
,,,,,nan,,
,,,,,nan,,
,,,,,nan,,
,,,,,nan,,
,,,,,nan,,
,,,,,nan,,
,,,,,nan,,
,,,,,nan,,
,,,,,nan,,
,,,,,nan,,
,,,,,nan,,
,,,,,nan,,
,,,,,nan,,
,,,,,nan,,
,,,,,nan,,
,,,,,nan,,
,,,,,nan,,
,,,,,nan,,
,,,,,nan,,
,,,,,nan,,
,,,,,nan,,
,,,,,nan,,
,,,,,nan,,
,,,,,nan,,
,,,,,nan,,
,,,,,nan,,
,,,,,nan,,
,,,,,nan,,
,,,,,nan,,
,,,,,nan,,
,,,,,nan,,
,,,,,nan,,
,,,,,nan,,
,,,,,nan,,
,,,,,nan,,
,,,,,nan,,
,,,,,nan,,
,,,,,nan,,
,,,,,nan,,
,,,,,nan,,
,,,,,nan,,
,,,,,nan,,
,,,,,nan,,
,,,,,nan,,
,,,,,nan,,
,,,,,nan,,
,,,,,nan,,
,,,,,nan,,
,,,,,nan,,
,,,,,nan,,
,,,,,nan,,
,,,,,nan,,
,,,,,nan,,
,,,,,nan,,
,,,,,nan,,
,,,,,nan,,
,,,,,nan,,
,,,,,nan,,
,,,,,nan,,
,,,,,nan,,
,,,,,nan,,
,,,,,nan,,
,,,,,nan,,
,,,,,nan,,
,,,,,nan,,
,,,,,nan,,
,,,,,nan,,
,,,,,nan,,
,,,,,nan,,
,,,,,nan,,
,,,,,nan,,
,,,,,nan,,
,,,,,nan,,
,,,,,nan,,
,,,,,nan,,
,,,,,nan,,
,,,,,nan,,
,,,,,nan,,
,,,,,nan,,
,,,,,nan,,
,,,,,nan,,
,,,,,nan,,
,,,,,nan,,
,,,,,nan,,
,,,,,nan,,
,,,,,nan,,
,,,,,nan,,
,,,,,nan,,
,,,,,nan,,
,,,,,nan,,
,,,,,nan,,
,,,,,nan,,
,,,,,nan,,
,,,,,nan,,
,,,,,nan,,
,,,,,nan,,
,,,,,nan,,
,,,,,nan,,
,,,,,nan,,
,,,,,nan,,
,,,,,nan,,
,,,,,nan,,
,,,,,nan,,
,,,,,nan,,
,,,,,nan,,
,,,,,nan,,
,,,,,nan,,
,,,,,nan,,
,,,,,nan,,
,,,,,nan,,
,,,,,nan,,
,,,,,nan,,
,,,,,nan,,
,,,,,nan,,
,,,,,nan,,
,,,,,nan,,
,,,,,nan,,
,,,,,nan,,
,,,,,nan,,
,,,,,nan,,
,,,,,nan,,
,,,,,nan,,
,,,,,nan,,
,,,,,nan,,
,,,,,nan,,
,,,,,nan,,
,,,,,nan,,
,,,,,nan,,
,,,,,nan,,
,,,,,nan,,
,,,,,nan,,
,,,,,nan,,
,,,,,nan,,
,,,,,nan,,
,,,,,nan,,
,,,,,nan,,
,,,,,nan,,
,,,,,nan,,
,,,,,nan,,
,,,,,nan,,
,,,,,nan,,
,,,,,nan,,
,,,,,nan,,
,,,,,nan,,
,,,,,nan,,
,,,,,nan,,
,,,,,nan,,
,,,,,nan,,
,,,,,nan,,
,,,,,nan,,
,,,,,nan,,
,,,,,nan,,
,,,,,nan,,
,,,,,nan,,
,,,,,nan,,
,,,,,nan,,
,,,,,nan,,
,,,,,nan,,
,,,,,nan,,
,,,,,nan,,
,,,,,nan,,
,,,,,nan,,
,,,,,nan,,
,,,,,nan,,
,,,,,nan,,
,,,,,nan,,
,,,,,nan,,
,,,,,nan,,
,,,,,nan,,
,,,,,nan,,
,,,,,nan,,
,,,,,nan,,
,,,,,nan,,
,,,,,nan,,
,,,,,nan,,
,,,,,nan,,
,,,,,nan,,
,,,,,nan,,
,,,,,nan,,
,,,,,nan,,
,,,,,nan,,
,,,,,nan,,
,,,,,nan,,
,,,,,nan,,
,,,,,nan,,
,,,,,nan,,
,,,,,nan,,
,,,,,nan,,
,,,,,nan,,
,,,,,nan,,
,,,,,nan,,
,,,,,nan,,
,,,,,nan,,
,,,,,nan,,
,,,,,nan,,
,,,,,nan,,
,,,,,nan,,
,,,,,nan,,
,,,,,nan,,
,,,,,nan,,
,,,,,nan,,
,,,,,nan,,
,,,,,nan,,
,,,,,nan,,
,,,,,nan,,
,,,,,nan,,
,,,,,nan,,
,,,,,nan,,
,,,,,nan,,
,,,,,nan,,
,,,,,nan,,
,,,,,nan,,
,,,,,nan,,
,,,,,nan,,
,,,,,nan,,
,,,,,nan,,
,,,,,nan,,
,,,,,nan,,
,,,,,nan,,
,,,,,nan,,
,,,,,nan,,
,,,,,nan,,
,,,,,nan,,
,,,,,nan,,
,,,,,nan,,
,,,,,nan,,
,,,,,nan,,
,,,,,nan,,
,,,,,nan,,
,,,,,nan,,
,,,,,nan,,
,,,,,nan,,
,,,,,nan,,
,,,,,nan,,
,,,,,nan,,
,,,,,nan,,
,,,,,nan,,
,,,,,nan,,
,,,,,nan,,
,,,,,nan,,
,,,,,nan,,
,,,,,nan,,
,,,,,nan,,
,,,,,nan,,
,,,,,nan,,
,,,,,nan,,
,,,,,nan,,
,,,,,nan,,
,,,,,nan,,
,,,,,nan,,
,,,,,nan,,
,,,,,nan,,
,,,,,nan,,
,,,,,nan,,
,,,,,nan,,
,,,,,nan,,
,,,,,nan,,
,,,,,nan,,
,,,,,nan,,
,,,,,nan,,
,,,,,nan,,
,,,,,nan,,
,,,,,nan,,
,,,,,nan,,
,,,,,nan,,
,,,,,nan,,
,,,,,nan,,
,,,,,nan,,
,,,,,nan,,
,,,,,nan,,
,,,,,nan,,
,,,,,nan,,
,,,,,nan,,
,,,,,nan,,
,,,,,nan,,
,,,,,nan,,
,,,,,nan,,
,,,,,nan,,
,,,,,nan,,
,,,,,nan,,
,,,,,nan,,
,,,,,nan,,
,,,,,nan,,
,,,,,nan,,
,,,,,nan,,
,,,,,nan,,
,,,,,nan,,
,,,,,nan,,
,,,,,nan,,
,,,,,nan,,
,,,,,nan,,
,,,,,nan,,
,,,,,nan,,
,,,,,nan,,
,,,,,nan,,
,,,,,nan,,
,,,,,nan,,
,,,,,nan,,
,,,,,nan,,
,,,,,nan,,
,,,,,nan,,
,,,,,nan,,
,,,,,nan,,
,,,,,nan,,
,,,,,nan,,
,,,,,nan,,
,,,,,nan,,
,,,,,nan,,
,,,,,nan,,
,,,,,nan,,
,,,,,nan,,
,,,,,nan,,
,,,,,nan,,
,,,,,nan,,
,,,,,nan,,
,,,,,nan,,
,,,,,nan,,
,,,,,nan,,
,,,,,nan,,
,,,,,nan,,
,,,,,nan,,
,,,,,nan,,
,,,,,nan,,
,,,,,nan,,
,,,,,nan,,
,,,,,nan,,
,,,,,nan,,
,,,,,nan,,
,,,,,nan,,
,,,,,nan,,
,,,,,nan,,
,,,,,nan,,
,,,,,nan,,
,,,,,nan,,
,,,,,nan,,
,,,,,nan,,
,,,,,nan,,
,,,,,nan,,
,,,,,nan,,
,,,,,nan,,
,,,,,nan,,
,,,,,nan,,
,,,,,nan,,
,,,,,nan,,
,,,,,nan,,
,,,,,nan,,
,,,,,nan,,
,,,,,nan,,
,,,,,nan,,
,,,,,nan,,
,,,,,nan,,
,,,,,nan,,
,,,,,nan,,
,,,,,nan,,
,,,,,nan,,
,,,,,nan,,
,,,,,nan,,
,,,,,nan,,
,,,,,nan,,
,,,,,nan,,
,,,,,nan,,
,,,,,nan,,
,,,,,nan,,
,,,,,nan,,
,,,,,nan,,
,,,,,nan,,
,,,,,nan,,
,,,,,nan,,
,,,,,nan,,
,,,,,nan,,
,,,,,nan,,
,,,,,nan,,
,,,,,nan,,
,,,,,nan,,
,,,,,nan,,
,,,,,nan,,
,,,,,nan,,
,,,,,nan,,
,,,,,nan,,
,,,,,nan,,
,,,,,nan,,
,,,,,nan,,
,,,,,nan,,
,,,,,nan,,
,,,,,nan,,
,,,,,nan,,
,,,,,nan,,
,,,,,nan,,
,,,,,nan,,
,,,,,nan,,
,,,,,nan,,
,,,,,nan,,
,,,,,nan,,
,,,,,nan,,
,,,,,nan,,
,,,,,nan,,
,,,,,nan,,
,,,,,nan,,
,,,,,nan,,
,,,,,nan,,
,,,,,nan,,
,,,,,nan,,
,,,,,nan,,
,,,,,nan,,
,,,,,nan,,
,,,,,nan,,
,,,,,nan,,
,,,,,nan,,
,,,,,nan,,
,,,,,nan,,
,,,,,nan,,
,,,,,nan,,
,,,,,nan,,
,,,,,nan,,
,,,,,nan,,
,,,,,nan,,
,,,,,nan,,
,,,,,nan,,
,,,,,nan,,
,,,,,nan,,
,,,,,nan,,
,,,,,nan,,
,,,,,nan,,
,,,,,nan,,
,,,,,nan,,
,,,,,nan,,
,,,,,nan,,
,,,,,nan,,
,,,,,nan,,
,,,,,nan,,
,,,,,nan,,
,,,,,nan,,
,,,,,nan,,
,,,,,nan,,
,,,,,nan,,
,,,,,nan,,
,,,,,nan,,
,,,,,nan,,
,,,,,nan,,
,,,,,nan,,
,,,,,nan,,
,,,,,nan,,
,,,,,nan,,
,,,,,nan,,
,,,,,nan,,
,,,,,nan,,
,,,,,nan,,
,,,,,nan,,
,,,,,nan,,
,,,,,nan,,
,,,,,nan,,
,,,,,nan,,
,,,,,nan,,
,,,,,nan,,
,,,,,nan,,
,,,,,nan,,
,,,,,nan,,
,,,,,nan,,
,,,,,nan,,
,,,,,nan,,
,,,,,nan,,
,,,,,nan,,
,,,,,nan,,
,,,,,nan,,
,,,,,nan,,
,,,,,nan,,
,,,,,nan,,
,,,,,nan,,
,,,,,nan,,
,,,,,nan,,
,,,,,nan,,
,,,,,nan,,
,,,,,nan,,
,,,,,nan,,
,,,,,nan,,
,,,,,nan,,
,,,,,nan,,
,,,,,nan,,
,,,,,nan,,
,,,,,nan,,
,,,,,nan,,
,,,,,nan,,
,,,,,nan,,
,,,,,nan,,
,,,,,nan,,
,,,,,nan,,
,,,,,nan,,
,,,,,nan,,
,,,,,nan,,
,,,,,nan,,
,,,,,nan,,
,,,,,nan,,
,,,,,nan,,
,,,,,nan,,
,,,,,nan,,
,,,,,nan,,
,,,,,nan,,
,,,,,nan,,
,,,,,nan,,
,,,,,nan,,
,,,,,nan,,
,,,,,nan,,
,,,,,nan,,
,,,,,nan,,
,,,,,nan,,
,,,,,nan,,
,,,,,nan,,
,,,,,nan,,
,,,,,nan,,
,,,,,nan,,
,,,,,nan,,
,,,,,nan,,
,,,,,nan,,
,,,,,nan,,
,,,,,nan,,
,,,,,nan,,
,,,,,nan,,
,,,,,nan,,
,,,,,nan,,
,,,,,nan,,
,,,,,nan,,
,,,,,nan,,
,,,,,nan,,
,,,,,nan,,
,,,,,nan,,
,,,,,nan,,
,,,,,nan,,
,,,,,nan,,
,,,,,nan,,
,,,,,nan,,
,,,,,nan,,
,,,,,nan,,
,,,,,nan,,
,,,,,nan,,
,,,,,nan,,
,,,,,nan,,
,,,,,nan,,
,,,,,nan,,
,,,,,nan,,
,,,,,nan,,
,,,,,nan,,
,,,,,nan,,
,,,,,nan,,
,,,,,nan,,
,,,,,nan,,
,,,,,nan,,
,,,,,nan,,
,,,,,nan,,
,,,,,nan,,
,,,,,nan,,
,,,,,nan,,
,,,,,nan,,
,,,,,nan,,
,,,,,nan,,
,,,,,nan,,
,,,,,nan,,
,,,,,nan,,
,,,,,nan,,
,,,,,nan,,
,,,,,nan,,
,,,,,nan,,
,,,,,nan,,
,,,,,nan,,
,,,,,nan,,
,,,,,nan,,
,,,,,nan,,
,,,,,nan,,
,,,,,nan,,
,,,,,nan,,
,,,,,nan,,
,,,,,nan,,
,,,,,nan,,
,,,,,nan,,
,,,,,nan,,
,,,,,nan,,
,,,,,nan,,
,,,,,nan,,
,,,,,nan,,
,,,,,nan,,
,,,,,nan,,
,,,,,nan,,
,,,,,nan,,
,,,,,nan,,
,,,,,nan,,
,,,,,nan,,
,,,,,nan,,
,,,,,nan,,
,,,,,nan,,
,,,,,nan,,
,,,,,nan,,
,,,,,nan,,
,,,,,nan,,
,,,,,nan,,
,,,,,nan,,
,,,,,nan,,
,,,,,nan,,
,,,,,nan,,
,,,,,nan,,
,,,,,nan,,
,,,,,nan,,
,,,,,nan,,
,,,,,nan,,
,,,,,nan,,
,,,,,nan,,
,,,,,nan,,
,,,,,nan,,
,,,,,nan,,
,,,,,nan,,
,,,,,nan,,
,,,,,nan,,
,,,,,nan,,
,,,,,nan,,
,,,,,nan,,
,,,,,nan,,
,,,,,nan,,
,,,,,nan,,
,,,,,nan,,
,,,,,nan,,
,,,,,nan,,
,,,,,nan,,
,,,,,nan,,
,,,,,nan,,
,,,,,nan,,
,,,,,nan,,
,,,,,nan,,
,,,,,nan,,
,,,,,nan,,
,,,,,nan,,
,,,,,nan,,
,,,,,nan,,
,,,,,nan,,
,,,,,nan,,
,,,,,nan,,
,,,,,nan,,
,,,,,nan,,
,,,,,nan,,
,,,,,nan,,
,,,,,nan,,
,,,,,nan,,
,,,,,nan,,
,,,,,nan,,
,,,,,nan,,
,,,,,nan,,
,,,,,nan,,
,,,,,nan,,
,,,,,nan,,
,,,,,nan,,
,,,,,nan,,
,,,,,nan,,
,,,,,nan,,
,,,,,nan,,
,,,,,nan,,
,,,,,nan,,
,,,,,nan,,
,,,,,nan,,
,,,,,nan,,
,,,,,nan,,
,,,,,nan,,
,,,,,nan,,
,,,,,nan,,
,,,,,nan,,
,,,,,nan,,
,,,,,nan,,
,,,,,nan,,
,,,,,nan,,
,,,,,nan,,
,,,,,nan,,
,,,,,nan,,
,,,,,nan,,
,,,,,nan,,
,,,,,nan,,
,,,,,nan,,
,,,,,nan,,
,,,,,nan,,
,,,,,nan,,
,,,,,nan,,
,,,,,nan,,
,,,,,nan,,
,,,,,nan,,
,,,,,nan,,
,,,,,nan,,
,,,,,nan,,
,,,,,nan,,
,,,,,nan,,
,,,,,nan,,
,,,,,nan,,
,,,,,nan,,
,,,,,nan,,
,,,,,nan,,
,,,,,nan,,
,,,,,nan,,
,,,,,nan,,
,,,,,nan,,
,,,,,nan,,
,,,,,nan,,
,,,,,nan,,
,,,,,nan,,
,,,,,nan,,
,,,,,nan,,
,,,,,nan,,
,,,,,nan,,
,,,,,nan,,
,,,,,nan,,
,,,,,nan,,
,,,,,nan,,
,,,,,nan,,
,,,,,nan,,
,,,,,nan,,
,,,,,nan,,
,,,,,nan,,
,,,,,nan,,
,,,,,nan,,
,,,,,nan,,
,,,,,nan,,
,,,,,nan,,
,,,,,nan,,
,,,,,nan,,
,,,,,nan,,
,,,,,nan,,
,,,,,nan,,
,,,,,nan,,
,,,,,nan,,
,,,,,nan,,
,,,,,nan,,
,,,,,nan,,
,,,,,nan,,
,,,,,nan,,
,,,,,nan,,
,,,,,nan,,
,,,,,nan,,
,,,,,nan,,
,,,,,nan,,
,,,,,nan,,
,,,,,nan,,
,,,,,nan,,
,,,,,nan,,
,,,,,nan,,
,,,,,nan,,
,,,,,nan,,
,,,,,nan,,
,,,,,nan,,
,,,,,nan,,
,,,,,nan,,
,,,,,nan,,
,,,,,nan,,
,,,,,nan,,
,,,,,nan,,
,,,,,nan,,
,,,,,nan,,
,,,,,nan,,
,,,,,nan,,
,,,,,nan,,
,,,,,nan,,
,,,,,nan,,
,,,,,nan,,
,,,,,nan,,
,,,,,nan,,
,,,,,nan,,
,,,,,nan,,
,,,,,nan,,
,,,,,nan,,
,,,,,nan,,
,,,,,nan,,
,,,,,nan,,
,,,,,nan,,
,,,,,nan,,
,,,,,nan,,
,,,,,nan,,
,,,,,nan,,
,,,,,nan,,
,,,,,nan,,
,,,,,nan,,
,,,,,nan,,
,,,,,nan,,
,,,,,nan,,
,,,,,nan,,
,,,,,nan,,
,,,,,nan,,
,,,,,nan,,
,,,,,nan,,
,,,,,nan,,
,,,,,nan,,
,,,,,nan,,
,,,,,nan,,
,,,,,nan,,
,,,,,nan,,
,,,,,nan,,
,,,,,nan,,
,,,,,nan,,
,,,,,nan,,
,,,,,nan,,
,,,,,nan,,
,,,,,nan,,
,,,,,nan,,
,,,,,nan,,
,,,,,nan,,
,,,,,nan,,
,,,,,nan,,
,,,,,nan,,
,,,,,nan,,
,,,,,nan,,
,,,,,nan,,
,,,,,nan,,
,,,,,nan,,
,,,,,nan,,
,,,,,nan,,
,,,,,nan,,
,,,,,nan,,
,,,,,nan,,
,,,,,nan,,
,,,,,nan,,
,,,,,nan,,
,,,,,nan,,
,,,,,nan,,
,,,,,nan,,
,,,,,nan,,
,,,,,nan,,
,,,,,nan,,
,,,,,nan,,
,,,,,nan,,
,,,,,nan,,
,,,,,nan,,
,,,,,nan,,
,,,,,nan,,
,,,,,nan,,
,,,,,nan,,
,,,,,nan,,
,,,,,nan,,
,,,,,nan,,
,,,,,nan,,
,,,,,nan,,
,,,,,nan,,
,,,,,nan,,
,,,,,nan,,
,,,,,nan,,
,,,,,nan,,
,,,,,nan,,
,,,,,nan,,
,,,,,nan,,
,,,,,nan,,
,,,,,nan,,
,,,,,nan,,
,,,,,nan,,
,,,,,nan,,
,,,,,nan,,
,,,,,nan,,
,,,,,nan,,
,,,,,nan,,
,,,,,nan,,
,,,,,nan,,
,,,,,nan,,
,,,,,nan,,
,,,,,nan,,
,,,,,nan,,
,,,,,nan,,
,,,,,nan,,
,,,,,nan,,
,,,,,nan,,
,,,,,nan,,
,,,,,nan,,
,,,,,nan,,
,,,,,nan,,
,,,,,nan,,
,,,,,nan,,
,,,,,nan,,
,,,,,nan,,
,,,,,nan,,
,,,,,nan,,
,,,,,nan,,
,,,,,nan,,
,,,,,nan,,
,,,,,nan,,
,,,,,nan,,
,,,,,nan,,
,,,,,nan,,
,,,,,nan,,
,,,,,nan,,
,,,,,nan,,
,,,,,nan,,
,,,,,nan,,
,,,,,nan,,
,,,,,nan,,
,,,,,nan,,
,,,,,nan,,
,,,,,nan,,
,,,,,nan,,
,,,,,nan,,
,,,,,nan,,
,,,,,nan,,
,,,,,nan,,
,,,,,nan,,
,,,,,nan,,
,,,,,nan,,
,,,,,nan,,
,,,,,nan,,
,,,,,nan,,
,,,,,nan,,
,,,,,nan,,
,,,,,nan,,
,,,,,nan,,
,,,,,nan,,
,,,,,nan,,
,,,,,nan,,
,,,,,nan,,
,,,,,nan,,
,,,,,nan,,
,,,,,nan,,
,,,,,nan,,
,,,,,nan,,
,,,,,nan,,
,,,,,nan,,
,,,,,nan,,
,,,,,nan,,
,,,,,nan,,
,,,,,nan,,
,,,,,nan,,
,,,,,nan,,
,,,,,nan,,
,,,,,nan,,
,,,,,nan,,
,,,,,nan,,
,,,,,nan,,
,,,,,nan,,
,,,,,nan,,
,,,,,nan,,
,,,,,nan,,
,,,,,nan,,
,,,,,nan,,
,,,,,nan,,
,,,,,nan,,
,,,,,nan,,
,,,,,nan,,
,,,,,nan,,
,,,,,nan,,
,,,,,nan,,
,,,,,nan,,
,,,,,nan,,
,,,,,nan,,
,,,,,nan,,
,,,,,nan,,
,,,,,nan,,
,,,,,nan,,
,,,,,nan,,
,,,,,nan,,
,,,,,nan,,
,,,,,nan,,
,,,,,nan,,
,,,,,nan,,
,,,,,nan,,
,,,,,nan,,
,,,,,nan,,
,,,,,nan,,
,,,,,nan,,
,,,,,nan,,
,,,,,nan,,
,,,,,nan,,
,,,,,nan,,
,,,,,nan,,
,,,,,nan,,
,,,,,nan,,
,,,,,nan,,
,,,,,nan,,
,,,,,nan,,
,,,,,nan,,
,,,,,nan,,
,,,,,nan,,
,,,,,nan,,
,,,,,nan,,
,,,,,nan,,
,,,,,nan,,
,,,,,nan,,
,,,,,nan,,
,,,,,nan,,
,,,,,nan,,
,,,,,nan,,
,,,,,nan,,
,,,,,nan,,
,,,,,nan,,
,,,,,nan,,
,,,,,nan,,
,,,,,nan,,
,,,,,nan,,
,,,,,nan,,
,,,,,nan,,
,,,,,nan,,
,,,,,nan,,
,,,,,nan,,
,,,,,nan,,
,,,,,nan,,
,,,,,nan,,
,,,,,nan,,
,,,,,nan,,
,,,,,nan,,
,,,,,nan,,
,,,,,nan,,
,,,,,nan,,
,,,,,nan,,
,,,,,nan,,
,,,,,nan,,
,,,,,nan,,
,,,,,nan,,
,,,,,nan,,
,,,,,nan,,
,,,,,nan,,
,,,,,nan,,
,,,,,nan,,
,,,,,nan,,
,,,,,nan,,
,,,,,nan,,
,,,,,nan,,
,,,,,nan,,
,,,,,nan,,
,,,,,nan,,
,,,,,nan,,
,,,,,nan,,
,,,,,nan,,
,,,,,nan,,
,,,,,nan,,
,,,,,nan,,
,,,,,nan,,
,,,,,nan,,
,,,,,nan,,
,,,,,nan,,
,,,,,nan,,
,,,,,nan,,
,,,,,nan,,
,,,,,nan,,
,,,,,nan,,
,,,,,nan,,
,,,,,nan,,
,,,,,nan,,
,,,,,nan,,
,,,,,nan,,
,,,,,nan,,
,,,,,nan,,
,,,,,nan,,
,,,,,nan,,
,,,,,nan,,
,,,,,nan,,
,,,,,nan,,
,,,,,nan,,
,,,,,nan,,
,,,,,nan,,
,,,,,nan,,
,,,,,nan,,
,,,,,nan,,
,,,,,nan,,
,,,,,nan,,
,,,,,nan,,
,,,,,nan,,
,,,,,nan,,
,,,,,nan,,
,,,,,nan,,
,,,,,nan,,
,,,,,nan,,
,,,,,nan,,
,,,,,nan,,
,,,,,nan,,
,,,,,nan,,
,,,,,nan,,
,,,,,nan,,
,,,,,nan,,
,,,,,nan,,
,,,,,nan,,
,,,,,nan,,
,,,,,nan,,
,,,,,nan,,
,,,,,nan,,
,,,,,nan,,
,,,,,nan,,
,,,,,nan,,
,,,,,nan,,
,,,,,nan,,
,,,,,nan,,
,,,,,nan,,
,,,,,nan,,
,,,,,nan,,
,,,,,nan,,
,,,,,nan,,
,,,,,nan,,
,,,,,nan,,
,,,,,nan,,
,,,,,nan,,
,,,,,nan,,
,,,,,nan,,
,,,,,nan,,
,,,,,nan,,
,,,,,nan,,
,,,,,nan,,
,,,,,nan,,
,,,,,nan,,
,,,,,nan,,
,,,,,nan,,
,,,,,nan,,
,,,,,nan,,
,,,,,nan,,
,,,,,nan,,
,,,,,nan,,
,,,,,nan,,
,,,,,nan,,
,,,,,nan,,
,,,,,nan,,
,,,,,nan,,
,,,,,nan,,
,,,,,nan,,
,,,,,nan,,
,,,,,nan,,
,,,,,nan,,
,,,,,nan,,
,,,,,nan,,
,,,,,nan,,
,,,,,nan,,
,,,,,nan,,
,,,,,nan,,
,,,,,nan,,
,,,,,nan,,
,,,,,nan,,
,,,,,nan,,
,,,,,nan,,
,,,,,nan,,
,,,,,nan,,
,,,,,nan,,
,,,,,nan,,
,,,,,nan,,
,,,,,nan,,
,,,,,nan,,
,,,,,nan,,
,,,,,nan,,
,,,,,nan,,
,,,,,nan,,
,,,,,nan,,
,,,,,nan,,
,,,,,nan,,
,,,,,nan,,
,,,,,nan,,
,,,,,nan,,
,,,,,nan,,
,,,,,nan,,
,,,,,nan,,
,,,,,nan,,
,,,,,nan,,
,,,,,nan,,
,,,,,nan,,
,,,,,nan,,
,,,,,nan,,
,,,,,nan,,
,,,,,nan,,
,,,,,nan,,
,,,,,nan,,
,,,,,nan,,
,,,,,nan,,
,,,,,nan,,
,,,,,nan,,
,,,,,nan,,
,,,,,nan,,
,,,,,nan,,
,,,,,nan,,
,,,,,nan,,
,,,,,nan,,
,,,,,nan,,
,,,,,nan,,
,,,,,nan,,
,,,,,nan,,
,,,,,nan,,
,,,,,nan,,
,,,,,nan,,
,,,,,nan,,
,,,,,nan,,
,,,,,nan,,
,,,,,nan,,
,,,,,nan,,
,,,,,nan,,
,,,,,nan,,
,,,,,nan,,
,,,,,nan,,
,,,,,nan,,
,,,,,nan,,
,,,,,nan,,
,,,,,nan,,
,,,,,nan,,
,,,,,nan,,
,,,,,nan,,
,,,,,nan,,
,,,,,nan,,
,,,,,nan,,
,,,,,nan,,
,,,,,nan,,
,,,,,nan,,
,,,,,nan,,
,,,,,nan,,
,,,,,nan,,
,,,,,nan,,
,,,,,nan,,
,,,,,nan,,
,,,,,nan,,
,,,,,nan,,
,,,,,nan,,
,,,,,nan,,
,,,,,nan,,
,,,,,nan,,
,,,,,nan,,
,,,,,nan,,
,,,,,nan,,
,,,,,nan,,
,,,,,nan,,
,,,,,nan,,
,,,,,nan,,
,,,,,nan,,
,,,,,nan,,
,,,,,nan,,
,,,,,nan,,
,,,,,nan,,
,,,,,nan,,
,,,,,nan,,
,,,,,nan,,
,,,,,nan,,
,,,,,nan,,
,,,,,nan,,
,,,,,nan,,
,,,,,nan,,
,,,,,nan,,
,,,,,nan,,
,,,,,nan,,
,,,,,nan,,
,,,,,nan,,
,,,,,nan,,
,,,,,nan,,
,,,,,nan,,
,,,,,nan,,
,,,,,nan,,
,,,,,nan,,
,,,,,nan,,
,,,,,nan,,
,,,,,nan,,
,,,,,nan,,
,,,,,nan,,
,,,,,nan,,
,,,,,nan,,
,,,,,nan,,
,,,,,nan,,
,,,,,nan,,
,,,,,nan,,
,,,,,nan,,
,,,,,nan,,
,,,,,nan,,
,,,,,nan,,
,,,,,nan,,
,,,,,nan,,
,,,,,nan,,
,,,,,nan,,
,,,,,nan,,
,,,,,nan,,
,,,,,nan,,
,,,,,nan,,
,,,,,nan,,
,,,,,nan,,
,,,,,nan,,
,,,,,nan,,
,,,,,nan,,
,,,,,nan,,
,,,,,nan,,
,,,,,nan,,
,,,,,nan,,
,,,,,nan,,
,,,,,nan,,
,,,,,nan,,
,,,,,nan,,
,,,,,nan,,
,,,,,nan,,
,,,,,nan,,
,,,,,nan,,
,,,,,nan,,
,,,,,nan,,
,,,,,nan,,
,,,,,nan,,
,,,,,nan,,
,,,,,nan,,
,,,,,nan,,
,,,,,nan,,
,,,,,nan,,
,,,,,nan,,
,,,,,nan,,
,,,,,nan,,
,,,,,nan,,
,,,,,nan,,
,,,,,nan,,
,,,,,nan,,
,,,,,nan,,
,,,,,nan,,
,,,,,nan,,
,,,,,nan,,
,,,,,nan,,
,,,,,nan,,
,,,,,nan,,
,,,,,nan,,
,,,,,nan,,
,,,,,nan,,
,,,,,nan,,
,,,,,nan,,
,,,,,nan,,
,,,,,nan,,
,,,,,nan,,
,,,,,nan,,
,,,,,nan,,
,,,,,nan,,
,,,,,nan,,
,,,,,nan,,
,,,,,nan,,
,,,,,nan,,
,,,,,nan,,
,,,,,nan,,
,,,,,nan,,
,,,,,nan,,
,,,,,nan,,
,,,,,nan,,
,,,,,nan,,
,,,,,nan,,
,,,,,nan,,
,,,,,nan,,
,,,,,nan,,
,,,,,nan,,
,,,,,nan,,
,,,,,nan,,
,,,,,nan,,
,,,,,nan,,
,,,,,nan,,
,,,,,nan,,
,,,,,nan,,
,,,,,nan,,
,,,,,nan,,
,,,,,nan,,
,,,,,nan,,
,,,,,nan,,
,,,,,nan,,
,,,,,nan,,
,,,,,nan,,
,,,,,nan,,
,,,,,nan,,
,,,,,nan,,
,,,,,nan,,
,,,,,nan,,
,,,,,nan,,
,,,,,nan,,
,,,,,nan,,
,,,,,nan,,
,,,,,nan,,
,,,,,nan,,
,,,,,nan,,
,,,,,nan,,
,,,,,nan,,
,,,,,nan,,
,,,,,nan,,
,,,,,nan,,
,,,,,nan,,
,,,,,nan,,
,,,,,nan,,
,,,,,nan,,
,,,,,nan,,
,,,,,nan,,
,,,,,nan,,
,,,,,nan,,
,,,,,nan,,
,,,,,nan,,
,,,,,nan,,
,,,,,nan,,
,,,,,nan,,
,,,,,nan,,
,,,,,nan,,
,,,,,nan,,
,,,,,nan,,
,,,,,nan,,
,,,,,nan,,
,,,,,nan,,
,,,,,nan,,
,,,,,nan,,
,,,,,nan,,
,,,,,nan,,
,,,,,nan,,
,,,,,nan,,
,,,,,nan,,
,,,,,nan,,
,,,,,nan,,
,,,,,nan,,
,,,,,nan,,
,,,,,nan,,
,,,,,nan,,
,,,,,nan,,
,,,,,nan,,
,,,,,nan,,
,,,,,nan,,
,,,,,nan,,
,,,,,nan,,
,,,,,nan,,
,,,,,nan,,
,,,,,nan,,
,,,,,nan,,
,,,,,nan,,
,,,,,nan,,
,,,,,nan,,
,,,,,nan,,
,,,,,nan,,
,,,,,nan,,
,,,,,nan,,
,,,,,nan,,
,,,,,nan,,
,,,,,nan,,
,,,,,nan,,
,,,,,nan,,
,,,,,nan,,
,,,,,nan,,
,,,,,nan,,
,,,,,nan,,
,,,,,nan,,
,,,,,nan,,
,,,,,nan,,
,,,,,nan,,
,,,,,nan,,
,,,,,nan,,
,,,,,nan,,
,,,,,nan,,
,,,,,nan,,
,,,,,nan,,
,,,,,nan,,
,,,,,nan,,
,,,,,nan,,
,,,,,nan,,
,,,,,nan,,
,,,,,nan,,
,,,,,nan,,
,,,,,nan,,
,,,,,nan,,
,,,,,nan,,
,,,,,nan,,
,,,,,nan,,
,,,,,nan,,
,,,,,nan,,
,,,,,nan,,
,,,,,nan,,
,,,,,nan,,
,,,,,nan,,
,,,,,nan,,
,,,,,nan,,
,,,,,nan,,
,,,,,nan,,
,,,,,nan,,
,,,,,nan,,
,,,,,nan,,
,,,,,nan,,
,,,,,nan,,
,,,,,nan,,
,,,,,nan,,
,,,,,nan,,
,,,,,nan,,
,,,,,nan,,
,,,,,nan,,
,,,,,nan,,
,,,,,nan,,
,,,,,nan,,
,,,,,nan,,
,,,,,nan,,
,,,,,nan,,
,,,,,nan,,
,,,,,nan,,
,,,,,nan,,
,,,,,nan,,
,,,,,nan,,
,,,,,nan,,
,,,,,nan,,
,,,,,nan,,
,,,,,nan,,
,,,,,nan,,
,,,,,nan,,
,,,,,nan,,
,,,,,nan,,
,,,,,nan,,
,,,,,nan,,
,,,,,nan,,
,,,,,nan,,
,,,,,nan,,
,,,,,nan,,
,,,,,nan,,
,,,,,nan,,
,,,,,nan,,
,,,,,nan,,
,,,,,nan,,
,,,,,nan,,
,,,,,nan,,
,,,,,nan,,
,,,,,nan,,
,,,,,nan,,
,,,,,nan,,
,,,,,nan,,
,,,,,nan,,
,,,,,nan,,
,,,,,nan,,
,,,,,nan,,
,,,,,nan,,
,,,,,nan,,
,,,,,nan,,
,,,,,nan,,
,,,,,nan,,
,,,,,nan,,
,,,,,nan,,
,,,,,nan,,
,,,,,nan,,
,,,,,nan,,
,,,,,nan,,
,,,,,nan,,
,,,,,nan,,
,,,,,nan,,
,,,,,nan,,
,,,,,nan,,
,,,,,nan,,
,,,,,nan,,
,,,,,nan,,
,,,,,nan,,
,,,,,nan,,
,,,,,nan,,
,,,,,nan,,
,,,,,nan,,
,,,,,nan,,
,,,,,nan,,
,,,,,nan,,
,,,,,nan,,
,,,,,nan,,
,,,,,nan,,
,,,,,nan,,
,,,,,nan,,
,,,,,nan,,
,,,,,nan,,
,,,,,nan,,
,,,,,nan,,
,,,,,nan,,
,,,,,nan,,
,,,,,nan,,
,,,,,nan,,
,,,,,nan,,
,,,,,nan,,
,,,,,nan,,
,,,,,nan,,
,,,,,nan,,
,,,,,nan,,
,,,,,nan,,
,,,,,nan,,
,,,,,nan,,
,,,,,nan,,
,,,,,nan,,
,,,,,nan,,
,,,,,nan,,
,,,,,nan,,
,,,,,nan,,
,,,,,nan,,
,,,,,nan,,
,,,,,nan,,
,,,,,nan,,
,,,,,nan,,
,,,,,nan,,
,,,,,nan,,
,,,,,nan,,
,,,,,nan,,
,,,,,nan,,
,,,,,nan,,
,,,,,nan,,
,,,,,nan,,
,,,,,nan,,
,,,,,nan,,
,,,,,nan,,
,,,,,nan,,
,,,,,nan,,
,,,,,nan,,
,,,,,nan,,
,,,,,nan,,
,,,,,nan,,
,,,,,nan,,
,,,,,nan,,
,,,,,nan,,
,,,,,nan,,
,,,,,nan,,
,,,,,nan,,
,,,,,nan,,
,,,,,nan,,
,,,,,nan,,
,,,,,nan,,
,,,,,nan,,
,,,,,nan,,
,,,,,nan,,
,,,,,nan,,
,,,,,nan,,
,,,,,nan,,
,,,,,nan,,
,,,,,nan,,
,,,,,nan,,
,,,,,nan,,
,,,,,nan,,
,,,,,nan,,
,,,,,nan,,
,,,,,nan,,
,,,,,nan,,
,,,,,nan,,
,,,,,nan,,
,,,,,nan,,
,,,,,nan,,
,,,,,nan,,
,,,,,nan,,
,,,,,nan,,
,,,,,nan,,
,,,,,nan,,
,,,,,nan,,
,,,,,nan,,
,,,,,nan,,
,,,,,nan,,
,,,,,nan,,
,,,,,nan,,
,,,,,nan,,
,,,,,nan,,
,,,,,nan,,
,,,,,nan,,
,,,,,nan,,
,,,,,nan,,
,,,,,nan,,
,,,,,nan,,
,,,,,nan,,
,,,,,nan,,
,,,,,nan,,
,,,,,nan,,
,,,,,nan,,
,,,,,nan,,
,,,,,nan,,
,,,,,nan,,
,,,,,nan,,
,,,,,nan,,
,,,,,nan,,
,,,,,nan,,
,,,,,nan,,
,,,,,nan,,
,,,,,nan,,
,,,,,nan,,
,,,,,nan,,
,,,,,nan,,
,,,,,nan,,
,,,,,nan,,
,,,,,nan,,
,,,,,nan,,
,,,,,nan,,
,,,,,nan,,
,,,,,nan,,
,,,,,nan,,
,,,,,nan,,
,,,,,nan,,
,,,,,nan,,
,,,,,nan,,
,,,,,nan,,
,,,,,nan,,
,,,,,nan,,
,,,,,nan,,
,,,,,nan,,
,,,,,nan,,
,,,,,nan,,
,,,,,nan,,
,,,,,nan,,
,,,,,nan,,
,,,,,nan,,
,,,,,nan,,
,,,,,nan,,
,,,,,nan,,
,,,,,nan,,
,,,,,nan,,
,,,,,nan,,
,,,,,nan,,
,,,,,nan,,
,,,,,nan,,
,,,,,nan,,
,,,,,nan,,
,,,,,nan,,
,,,,,nan,,
,,,,,nan,,
,,,,,nan,,
,,,,,nan,,
,,,,,nan,,
,,,,,nan,,
,,,,,nan,,
,,,,,nan,,
,,,,,nan,,
,,,,,nan,,
,,,,,nan,,
,,,,,nan,,
,,,,,nan,,
,,,,,nan,,
,,,,,nan,,
,,,,,nan,,
,,,,,nan,,
,,,,,nan,,
,,,,,nan,,
,,,,,nan,,
,,,,,nan,,
,,,,,nan,,
,,,,,nan,,
,,,,,nan,,
,,,,,nan,,
,,,,,nan,,
,,,,,nan,,
,,,,,nan,,
,,,,,nan,,
,,,,,nan,,
,,,,,nan,,
,,,,,nan,,
,,,,,nan,,
,,,,,nan,,
,,,,,nan,,
,,,,,nan,,
,,,,,nan,,
,,,,,nan,,
,,,,,nan,,
,,,,,nan,,
,,,,,nan,,
,,,,,nan,,
,,,,,nan,,
,,,,,nan,,
,,,,,nan,,
,,,,,nan,,
,,,,,nan,,
,,,,,nan,,
,,,,,nan,,
,,,,,nan,,
,,,,,nan,,
,,,,,nan,,
,,,,,nan,,
,,,,,nan,,
,,,,,nan,,
,,,,,nan,,
,,,,,nan,,
,,,,,nan,,
,,,,,nan,,
,,,,,nan,,
,,,,,nan,,
,,,,,nan,,
,,,,,nan,,
,,,,,nan,,
,,,,,nan,,
,,,,,nan,,
,,,,,nan,,
,,,,,nan,,
,,,,,nan,,
,,,,,nan,,
,,,,,nan,,
,,,,,nan,,
,,,,,nan,,
,,,,,nan,,
,,,,,nan,,
,,,,,nan,,
,,,,,nan,,
,,,,,nan,,
,,,,,nan,,
,,,,,nan,,
,,,,,nan,,
,,,,,nan,,
,,,,,nan,,
,,,,,nan,,
,,,,,nan,,
,,,,,nan,,
,,,,,nan,,
,,,,,nan,,
,,,,,nan,,
,,,,,nan,,
,,,,,nan,,
,,,,,nan,,
,,,,,nan,,
,,,,,nan,,
,,,,,nan,,
,,,,,nan,,
,,,,,nan,,
,,,,,nan,,
,,,,,nan,,
,,,,,nan,,
,,,,,nan,,
,,,,,nan,,
,,,,,nan,,
,,,,,nan,,
,,,,,nan,,
,,,,,nan,,
,,,,,nan,,
,,,,,nan,,
,,,,,nan,,
,,,,,nan,,
,,,,,nan,,
,,,,,nan,,
,,,,,nan,,
,,,,,nan,,
,,,,,nan,,
,,,,,nan,,
,,,,,nan,,
,,,,,nan,,
,,,,,nan,,
,,,,,nan,,
,,,,,nan,,
,,,,,nan,,
,,,,,nan,,
,,,,,nan,,
,,,,,nan,,
,,,,,nan,,
,,,,,nan,,
,,,,,nan,,
,,,,,nan,,
,,,,,nan,,
,,,,,nan,,
,,,,,nan,,
,,,,,nan,,
,,,,,nan,,
,,,,,nan,,
,,,,,nan,,
,,,,,nan,,
,,,,,nan,,
,,,,,nan,,
,,,,,nan,,
,,,,,nan,,
,,,,,nan,,
,,,,,nan,,
,,,,,nan,,
,,,,,nan,,
,,,,,nan,,
,,,,,nan,,
,,,,,nan,,
,,,,,nan,,
,,,,,nan,,
,,,,,nan,,
,,,,,nan,,
,,,,,nan,,
,,,,,nan,,
,,,,,nan,,
,,,,,nan,,
,,,,,nan,,
,,,,,nan,,
,,,,,nan,,
,,,,,nan,,
,,,,,nan,,
,,,,,nan,,
,,,,,nan,,
,,,,,nan,,
,,,,,nan,,
,,,,,nan,,
,,,,,nan,,
,,,,,nan,,
,,,,,nan,,
,,,,,nan,,
,,,,,nan,,
,,,,,nan,,
,,,,,nan,,
,,,,,nan,,
,,,,,nan,,
,,,,,nan,,
,,,,,nan,,
,,,,,nan,,
,,,,,nan,,
,,,,,nan,,
,,,,,nan,,
,,,,,nan,,
,,,,,nan,,
,,,,,nan,,
,,,,,nan,,
,,,,,nan,,
,,,,,nan,,
,,,,,nan,,
,,,,,nan,,
,,,,,nan,,
,,,,,nan,,
,,,,,nan,,
,,,,,nan,,
,,,,,nan,,
,,,,,nan,,
,,,,,nan,,
,,,,,nan,,
,,,,,nan,,
,,,,,nan,,
,,,,,nan,,
,,,,,nan,,
,,,,,nan,,
,,,,,nan,,
,,,,,nan,,
,,,,,nan,,
,,,,,nan,,
,,,,,nan,,
,,,,,nan,,
,,,,,nan,,
,,,,,nan,,
,,,,,nan,,
,,,,,nan,,
,,,,,nan,,
,,,,,nan,,
,,,,,nan,,
,,,,,nan,,
,,,,,nan,,
,,,,,nan,,
,,,,,nan,,
,,,,,nan,,
,,,,,nan,,
,,,,,nan,,
,,,,,nan,,
,,,,,nan,,
,,,,,nan,,
,,,,,nan,,
,,,,,nan,,
,,,,,nan,,
,,,,,nan,,
,,,,,nan,,
,,,,,nan,,
,,,,,nan,,
,,,,,nan,,
,,,,,nan,,
,,,,,nan,,
,,,,,nan,,
,,,,,nan,,
,,,,,nan,,
,,,,,nan,,
,,,,,nan,,
,,,,,nan,,
,,,,,nan,,
,,,,,nan,,
,,,,,nan,,
,,,,,nan,,
,,,,,nan,,
,,,,,nan,,
,,,,,nan,,
,,,,,nan,,
,,,,,nan,,
,,,,,nan,,
,,,,,nan,,
,,,,,nan,,
,,,,,nan,,
,,,,,nan,,
,,,,,nan,,
,,,,,nan,,
,,,,,nan,,
,,,,,nan,,
,,,,,nan,,
,,,,,nan,,
,,,,,nan,,
,,,,,nan,,
,,,,,nan,,
,,,,,nan,,
,,,,,nan,,
,,,,,nan,,
,,,,,nan,,
,,,,,nan,,
,,,,,nan,,
,,,,,nan,,
,,,,,nan,,
,,,,,nan,,
,,,,,nan,,
,,,,,nan,,
,,,,,nan,,
,,,,,nan,,
,,,,,nan,,
,,,,,nan,,
,,,,,nan,,
,,,,,nan,,
,,,,,nan,,
,,,,,nan,,
,,,,,nan,,
,,,,,nan,,
,,,,,nan,,
,,,,,nan,,
,,,,,nan,,
,,,,,nan,,
,,,,,nan,,
,,,,,nan,,
,,,,,nan,,
,,,,,nan,,
,,,,,nan,,
,,,,,nan,,
,,,,,nan,,
,,,,,nan,,
,,,,,nan,,
,,,,,nan,,
,,,,,nan,,
,,,,,nan,,
,,,,,nan,,
,,,,,nan,,
,,,,,nan,,
,,,,,nan,,
,,,,,nan,,
,,,,,nan,,
,,,,,nan,,
,,,,,nan,,
,,,,,nan,,
,,,,,nan,,
,,,,,nan,,
,,,,,nan,,
,,,,,nan,,
,,,,,nan,,
,,,,,nan,,
,,,,,nan,,
,,,,,nan,,
,,,,,nan,,
,,,,,nan,,
,,,,,nan,,
,,,,,nan,,
,,,,,nan,,
,,,,,nan,,
,,,,,nan,,
,,,,,nan,,
,,,,,nan,,
,,,,,nan,,
,,,,,nan,,
,,,,,nan,,
,,,,,nan,,
,,,,,nan,,
,,,,,nan,,
,,,,,nan,,
,,,,,nan,,
,,,,,nan,,
,,,,,nan,,
,,,,,nan,,
,,,,,nan,,
,,,,,nan,,
,,,,,nan,,
,,,,,nan,,
,,,,,nan,,
,,,,,nan,,
,,,,,nan,,
,,,,,nan,,
,,,,,nan,,
,,,,,nan,,
,,,,,nan,,
,,,,,nan,,
,,,,,nan,,
,,,,,nan,,
,,,,,nan,,
,,,,,nan,,
,,,,,nan,,
,,,,,nan,,
,,,,,nan,,
,,,,,nan,,
,,,,,nan,,
,,,,,nan,,
,,,,,nan,,
,,,,,nan,,
,,,,,nan,,
,,,,,nan,,
,,,,,nan,,
,,,,,nan,,
,,,,,nan,,
,,,,,nan,,
,,,,,nan,,
,,,,,nan,,
,,,,,nan,,
,,,,,nan,,
,,,,,nan,,
,,,,,nan,,
,,,,,nan,,
,,,,,nan,,
,,,,,nan,,
,,,,,nan,,
,,,,,nan,,
,,,,,nan,,
,,,,,nan,,
,,,,,nan,,
,,,,,nan,,
,,,,,nan,,
,,,,,nan,,
,,,,,nan,,
,,,,,nan,,
,,,,,nan,,
,,,,,nan,,
,,,,,nan,,
,,,,,nan,,
,,,,,nan,,
,,,,,nan,,
,,,,,nan,,
,,,,,nan,,
,,,,,nan,,
,,,,,nan,,
,,,,,nan,,
,,,,,nan,,
,,,,,nan,,
,,,,,nan,,
,,,,,nan,,
,,,,,nan,,
,,,,,nan,,
,,,,,nan,,
,,,,,nan,,
,,,,,nan,,
,,,,,nan,,
,,,,,nan,,
,,,,,nan,,
,,,,,nan,,
,,,,,nan,,
,,,,,nan,,
,,,,,nan,,
,,,,,nan,,
,,,,,nan,,
,,,,,nan,,
,,,,,nan,,
,,,,,nan,,
,,,,,nan,,
,,,,,nan,,
,,,,,nan,,
,,,,,nan,,
,,,,,nan,,
,,,,,nan,,
,,,,,nan,,
,,,,,nan,,
,,,,,nan,,
,,,,,nan,,
,,,,,nan,,
,,,,,nan,,
,,,,,nan,,
,,,,,nan,,
,,,,,nan,,
,,,,,nan,,
,,,,,nan,,
,,,,,nan,,
,,,,,nan,,
,,,,,nan,,
,,,,,nan,,
,,,,,nan,,
,,,,,nan,,
,,,,,nan,,
,,,,,nan,,
,,,,,nan,,
,,,,,nan,,
,,,,,nan,,
,,,,,nan,,
,,,,,nan,,
,,,,,nan,,
,,,,,nan,,
,,,,,nan,,
,,,,,nan,,
,,,,,nan,,
,,,,,nan,,
,,,,,nan,,
,,,,,nan,,
,,,,,nan,,
,,,,,nan,,
,,,,,nan,,
,,,,,nan,,
,,,,,nan,,
,,,,,nan,,
,,,,,nan,,
,,,,,nan,,
,,,,,nan,,
,,,,,nan,,
,,,,,nan,,
,,,,,nan,,
,,,,,nan,,
,,,,,nan,,
,,,,,nan,,
,,,,,nan,,
,,,,,nan,,
,,,,,nan,,
,,,,,nan,,
,,,,,nan,,
,,,,,nan,,
,,,,,nan,,
,,,,,nan,,
,,,,,nan,,
,,,,,nan,,
,,,,,nan,,
,,,,,nan,,
,,,,,nan,,
,,,,,nan,,
,,,,,nan,,
,,,,,nan,,
,,,,,nan,,
,,,,,nan,,
,,,,,nan,,
,,,,,nan,,
,,,,,nan,,
,,,,,nan,,
,,,,,nan,,
,,,,,nan,,
,,,,,nan,,
,,,,,nan,,
,,,,,nan,,
,,,,,nan,,
,,,,,nan,,
,,,,,nan,,
,,,,,nan,,
,,,,,nan,,
,,,,,nan,,
,,,,,nan,,
,,,,,nan,,
,,,,,nan,,
,,,,,nan,,
,,,,,nan,,
,,,,,nan,,
,,,,,nan,,
,,,,,nan,,
,,,,,nan,,
,,,,,nan,,
,,,,,nan,,
,,,,,nan,,
,,,,,nan,,
,,,,,nan,,
,,,,,nan,,
,,,,,nan,,
,,,,,nan,,
,,,,,nan,,
,,,,,nan,,
,,,,,nan,,
,,,,,nan,,
,,,,,nan,,
,,,,,nan,,
,,,,,nan,,
,,,,,nan,,
,,,,,nan,,
,,,,,nan,,
,,,,,nan,,
,,,,,nan,,
,,,,,nan,,
,,,,,nan,,
,,,,,nan,,
,,,,,nan,,
,,,,,nan,,
,,,,,nan,,
,,,,,nan,,
,,,,,nan,,
,,,,,nan,,
,,,,,nan,,
,,,,,nan,,
,,,,,nan,,
,,,,,nan,,
,,,,,nan,,
,,,,,nan,,
,,,,,nan,,
,,,,,nan,,
,,,,,nan,,
,,,,,nan,,
,,,,,nan,,
,,,,,nan,,
,,,,,nan,,
,,,,,nan,,
,,,,,nan,,
,,,,,nan,,
,,,,,nan,,
,,,,,nan,,
,,,,,nan,,
,,,,,nan,,
,,,,,nan,,
,,,,,nan,,
,,,,,nan,,
,,,,,nan,,
,,,,,nan,,
,,,,,nan,,
,,,,,nan,,
,,,,,nan,,
,,,,,nan,,
,,,,,nan,,
,,,,,nan,,
,,,,,nan,,
,,,,,nan,,
,,,,,nan,,
,,,,,nan,,
,,,,,nan,,
,,,,,nan,,
,,,,,nan,,
,,,,,nan,,
,,,,,nan,,
,,,,,nan,,
,,,,,nan,,
,,,,,nan,,
,,,,,nan,,
,,,,,nan,,
,,,,,nan,,
,,,,,nan,,
,,,,,nan,,
,,,,,nan,,
,,,,,nan,,
,,,,,nan,,
,,,,,nan,,
,,,,,nan,,
,,,,,nan,,
,,,,,nan,,
,,,,,nan,,
,,,,,nan,,
,,,,,nan,,
,,,,,nan,,
,,,,,nan,,
,,,,,nan,,
,,,,,nan,,
,,,,,nan,,
,,,,,nan,,
,,,,,nan,,
,,,,,nan,,
,,,,,nan,,
,,,,,nan,,
,,,,,nan,,
,,,,,nan,,
,,,,,nan,,
,,,,,nan,,
,,,,,nan,,
,,,,,nan,,
,,,,,nan,,
,,,,,nan,,
,,,,,nan,,
,,,,,nan,,
,,,,,nan,,
,,,,,nan,,
,,,,,nan,,
,,,,,nan,,
,,,,,nan,,
,,,,,nan,,
,,,,,nan,,
,,,,,nan,,
,,,,,nan,,
,,,,,nan,,
,,,,,nan,,
,,,,,nan,,
,,,,,nan,,
,,,,,nan,,
,,,,,nan,,
,,,,,nan,,
,,,,,nan,,
,,,,,nan,,
,,,,,nan,,
,,,,,nan,,
,,,,,nan,,
,,,,,nan,,
,,,,,nan,,
,,,,,nan,,
,,,,,nan,,
,,,,,nan,,
,,,,,nan,,
,,,,,nan,,
,,,,,nan,,
,,,,,nan,,
,,,,,nan,,
,,,,,nan,,
,,,,,nan,,
,,,,,nan,,
,,,,,nan,,
,,,,,nan,,
,,,,,nan,,
,,,,,nan,,
,,,,,nan,,
,,,,,nan,,
,,,,,nan,,
,,,,,nan,,
,,,,,nan,,
,,,,,nan,,
,,,,,nan,,
,,,,,nan,,
,,,,,nan,,
,,,,,nan,,
,,,,,nan,,
,,,,,nan,,
,,,,,nan,,
,,,,,nan,,
,,,,,nan,,
,,,,,nan,,
,,,,,nan,,
,,,,,nan,,
,,,,,nan,,
,,,,,nan,,
,,,,,nan,,
,,,,,nan,,
,,,,,nan,,
,,,,,nan,,
,,,,,nan,,
,,,,,nan,,
,,,,,nan,,
,,,,,nan,,
,,,,,nan,,
,,,,,nan,,
,,,,,nan,,
,,,,,nan,,
,,,,,nan,,
,,,,,nan,,
,,,,,nan,,
,,,,,nan,,
,,,,,nan,,
,,,,,nan,,
,,,,,nan,,
,,,,,nan,,
,,,,,nan,,
,,,,,nan,,
,,,,,nan,,
,,,,,nan,,
,,,,,nan,,
,,,,,nan,,
,,,,,nan,,
,,,,,nan,,
,,,,,nan,,
,,,,,nan,,
,,,,,nan,,
,,,,,nan,,
,,,,,nan,,
,,,,,nan,,
,,,,,nan,,
,,,,,nan,,
,,,,,nan,,
,,,,,nan,,
,,,,,nan,,
,,,,,nan,,
,,,,,nan,,
,,,,,nan,,
,,,,,nan,,
,,,,,nan,,
,,,,,nan,,
,,,,,nan,,
,,,,,nan,,
,,,,,nan,,
,,,,,nan,,
,,,,,nan,,
,,,,,nan,,
,,,,,nan,,
,,,,,nan,,
,,,,,nan,,
,,,,,nan,,
,,,,,nan,,
,,,,,nan,,
,,,,,nan,,
,,,,,nan,,
,,,,,nan,,
,,,,,nan,,
,,,,,nan,,
,,,,,nan,,
,,,,,nan,,
,,,,,nan,,
,,,,,nan,,
,,,,,nan,,
,,,,,nan,,
,,,,,nan,,
,,,,,nan,,
,,,,,nan,,
,,,,,nan,,
,,,,,nan,,
,,,,,nan,,
,,,,,nan,,
,,,,,nan,,
,,,,,nan,,
,,,,,nan,,
,,,,,nan,,
,,,,,nan,,
,,,,,nan,,
,,,,,nan,,
,,,,,nan,,
,,,,,nan,,
,,,,,nan,,
,,,,,nan,,
,,,,,nan,,
,,,,,nan,,
,,,,,nan,,
,,,,,nan,,
,,,,,nan,,
,,,,,nan,,
,,,,,nan,,
,,,,,nan,,
,,,,,nan,,
,,,,,nan,,
,,,,,nan,,
,,,,,nan,,
,,,,,nan,,
,,,,,nan,,
,,,,,nan,,
,,,,,nan,,
,,,,,nan,,
,,,,,nan,,
,,,,,nan,,
,,,,,nan,,
,,,,,nan,,
,,,,,nan,,
,,,,,nan,,
,,,,,nan,,
,,,,,nan,,
,,,,,nan,,
,,,,,nan,,
,,,,,nan,,
,,,,,nan,,
,,,,,nan,,
,,,,,nan,,
,,,,,nan,,
,,,,,nan,,
,,,,,nan,,
,,,,,nan,,
,,,,,nan,,
,,,,,nan,,
,,,,,nan,,
,,,,,nan,,
,,,,,nan,,
,,,,,nan,,
,,,,,nan,,
,,,,,nan,,
,,,,,nan,,
,,,,,nan,,
,,,,,nan,,
,,,,,nan,,
,,,,,nan,,
,,,,,nan,,
,,,,,nan,,
,,,,,nan,,
,,,,,nan,,
,,,,,nan,,
,,,,,nan,,
,,,,,nan,,
,,,,,nan,,
,,,,,nan,,
,,,,,nan,,
,,,,,nan,,
,,,,,nan,,
,,,,,nan,,
,,,,,nan,,
,,,,,nan,,
,,,,,nan,,
,,,,,nan,,
,,,,,nan,,
,,,,,nan,,
,,,,,nan,,
,,,,,nan,,
,,,,,nan,,
,,,,,nan,,
,,,,,nan,,
,,,,,nan,,
,,,,,nan,,
,,,,,nan,,
,,,,,nan,,
,,,,,nan,,
,,,,,nan,,
,,,,,nan,,
,,,,,nan,,
,,,,,nan,,
,,,,,nan,,
,,,,,nan,,
,,,,,nan,,
,,,,,nan,,
,,,,,nan,,
,,,,,nan,,
,,,,,nan,,
,,,,,nan,,
,,,,,nan,,
,,,,,nan,,
,,,,,nan,,
,,,,,nan,,
,,,,,nan,,
,,,,,nan,,
,,,,,nan,,
,,,,,nan,,
,,,,,nan,,
,,,,,nan,,
,,,,,nan,,
,,,,,nan,,
,,,,,nan,,
,,,,,nan,,
,,,,,nan,,
,,,,,nan,,
,,,,,nan,,
,,,,,nan,,
,,,,,nan,,
,,,,,nan,,
,,,,,nan,,
,,,,,nan,,
,,,,,nan,,
,,,,,nan,,
,,,,,nan,,
,,,,,nan,,
,,,,,nan,,
,,,,,nan,,
,,,,,nan,,
,,,,,nan,,
,,,,,nan,,
,,,,,nan,,
,,,,,nan,,
,,,,,nan,,
,,,,,nan,,
,,,,,nan,,
,,,,,nan,,
,,,,,nan,,
,,,,,nan,,
,,,,,nan,,
,,,,,nan,,
,,,,,nan,,
,,,,,nan,,
,,,,,nan,,
,,,,,nan,,
,,,,,nan,,
,,,,,nan,,
,,,,,nan,,
,,,,,nan,,
,,,,,nan,,
,,,,,nan,,
,,,,,nan,,
,,,,,nan,,
,,,,,nan,,
,,,,,nan,,
,,,,,nan,,
,,,,,nan,,
,,,,,nan,,
,,,,,nan,,
,,,,,nan,,
,,,,,nan,,
,,,,,nan,,
,,,,,nan,,
,,,,,nan,,
,,,,,nan,,
,,,,,nan,,
,,,,,nan,,
